{
  "Buckland River at Buckland": {
    "NENANA_MUN_AP": 0.6299021931181599,
    "MCKINLEY_PARK": 0.6215951776541258,
    "CHICKEN": 0.6110487605257293,
    "NOME_AIRPORT": 0.5854684476724744,
    "NORTHWAY_AIRPORT": 0.5846402041776434
  },
  "Chena River at Fairbanks": {
    "NENANA_MUN_AP": 0.8294016048961081,
    "BIG_DELTA_AIRPORT": 0.72030610130205,
    "CHICKEN": 0.5605668625258815,
    "ANCHORAGE_MERRILL_FIELD": 0.5030750886840473,
    "MCGRATH_AP": 0.3734422884209287
  },
  "Chisana River at Northway": {
    "ALYESKA": 0.7819732770901127,
    "ANCHORAGE_MERRILL_FIELD": 0.734430867608967,
    "SKAGWAY_AIRPORT": 0.6985175013670577,
    "GULKANA_AIRPORT": 0.6895741308173262,
    "TALKEETNA_AIRPORT": 0.6868216504209115
  },
  "Gakona River at Gakona": {
    "NENANA_MUN_AP": 0.5637621218916189,
    "GULKANA_AIRPORT": 0.26497597364721454,
    "TALKEETNA_AIRPORT": 0.2589203116708083,
    "NORTHWAY_AIRPORT": 0.25440105498383037,
    "ANCHORAGE_TED_STEVENS_INTERNATIONAL_AIRPORT": 0.2373298758622039
  },
  "Gulkana River nr Gakona": {
    "NENANA_MUN_AP": 0.5074310703639828,
    "NORTHWAY_AIRPORT": 0.2863512876331546,
    "GULKANA_AIRPORT": 0.2610570473523811,
    "NORTH_POLE": 0.2271274034457517,
    "BIG_DELTA_AIRPORT": 0.22589074816748012
  },
  "Kobuk River at Ambler": {
    "CHICKEN": 0.77646314502921,
    "NENANA_MUN_AP": 0.7234950038200578,
    "NOME_AIRPORT": 0.6481391028957123,
    "BETTLES_AIRPORT": 0.605372761816839,
    "NORTHWAY_AIRPORT": 0.5950142449392699
  },
  "Kobuk River at Kobuk": {
    "NENANA_MUN_AP": 0.8291745330600659,
    "CHICKEN": 0.8013285536327025,
    "MCGRATH_AP": 0.7802401127131033,
    "MCKINLEY_PARK": 0.7327796151968401,
    "BETTLES_AIRPORT": 0.7150301734909088
  },
  "Kobuk River at Shungnak": {
    "CHICKEN": 0.8950422801722865,
    "NENANA_MUN_AP": 0.886041157123072,
    "BIG_DELTA_AIRPORT": 0.8278277721537128,
    "MCKINLEY_PARK": 0.8060630952647426,
    "NORTHWAY_AIRPORT": 0.7760027035782042
  },
  "Koyukuk River at Allakaket": {
    "BETTLES_AIRPORT": 0.8555653774086593,
    "NENANA_MUN_AP": 0.8430005780581461,
    "EAGLE": 0.798329095041628,
    "TANANA_AIRPORT": 0.7593039379121272,
    "CHICKEN": 0.7373994433874924
  },
  "Koyukuk River at Bettles": {
    "BETTLES_AIRPORT": 0.8466274978166465,
    "TANANA_AIRPORT": 0.7001856367690027,
    "NENANA_MUN_AP": 0.6821541617294838,
    "FAIRBANKS_INTL_AP": 0.6620058093076837,
    "EAGLE": 0.6408934905162159
  },
  "Koyukuk River at Hughes": {
    "BETTLES_AIRPORT": 0.8571431782741332,
    "NENANA_MUN_AP": 0.7993104852433303,
    "TANANA_AIRPORT": 0.7787605942868299,
    "FAIRBANKS_INTL_AP": 0.7705469404375765,
    "EAGLE": 0.7345723089542566
  },
  "Kuskokwim River at Akiak": {
    "BETHEL_AIRPORT": 0.8128819347502846,
    "TALKEETNA_AIRPORT": 0.7310320096168132,
    "KING_SALMON_AIRPORT": 0.7046207026327027,
    "ALYESKA": 0.7044912632572434,
    "MCGRATH_AP": 0.6937533769625231
  },
  "Kuskokwim River at Aniak": {
    "BETHEL_AIRPORT": 0.6919753622625623,
    "TALKEETNA_AIRPORT": 0.6886659177298394,
    "MCGRATH_AP": 0.6829328844594869,
    "BIG_DELTA_AIRPORT": 0.6788759402954885,
    "ALYESKA": 0.6724466202782113
  },
  "Kuskokwim River at Bethel": {
    "BETHEL_AIRPORT": 0.7213311349978231,
    "ALYESKA": 0.6949341489673532,
    "KING_SALMON_AIRPORT": 0.6698363429036148,
    "TALKEETNA_AIRPORT": 0.6591195355379608,
    "ILIAMNA_AIRPORT": 0.6382706555672347
  },
  "Kuskokwim River at Crooked Creek": {
    "KING_SALMON_AIRPORT": 0.7212648250854059,
    "NORTHWAY_AIRPORT": 0.7190316895961751,
    "TALKEETNA_AIRPORT": 0.7014113026005411,
    "MCGRATH_AP": 0.6972972604965074,
    "BIG_DELTA_AIRPORT": 0.6878127131496677
  },
  "Kuskokwim River at Kalskag": {
    "KING_SALMON_AIRPORT": 0.798526882340254,
    "ILIAMNA_AIRPORT": 0.7568101348259271,
    "BETHEL_AIRPORT": 0.748884844604658,
    "TALKEETNA_AIRPORT": 0.7025357405248506,
    "MCGRATH_AP": 0.6996156885992888
  },
  "Kuskokwim River at McGrath": {
    "NENANA_MUN_AP": 0.8811424890293773,
    "MCGRATH_AP": 0.8533966897605957,
    "BIG_DELTA_AIRPORT": 0.814273500918717,
    "COLLEGE_OBSERVATORY": 0.8048000631230002,
    "NORTH_POLE": 0.7930551680726151
  },
  "Kuskokwim River at Nikolai": {
    "BIG_DELTA_AIRPORT": 0.6747732539728997,
    "TALKEETNA_AIRPORT": 0.6688925632990113,
    "KENAI_AIRPORT": 0.6304038320818568,
    "ALYESKA": 0.6270507534570888,
    "ANCHORAGE_MERRILL_FIELD": 0.6088028241605588
  },
  "Kuskokwim River at Red Devil": {
    "TALKEETNA_AIRPORT": 0.7524431163509607,
    "KING_SALMON_AIRPORT": 0.7269573254622986,
    "MCGRATH_AP": 0.7150450417763583,
    "BETHEL_AIRPORT": 0.6887837760967002,
    "ILIAMNA_AIRPORT": 0.6781508697074679
  },
  "Kuskokwim River at Sleetmute": {
    "KING_SALMON_AIRPORT": 0.7157413202439088,
    "NORTHWAY_AIRPORT": 0.6999801772789099,
    "TALKEETNA_AIRPORT": 0.6991974716407799,
    "MCGRATH_AP": 0.6806975968004312,
    "KENAI_AIRPORT": 0.6788391459334329
  },
  "Kuskokwim River at Stony River": {
    "MCGRATH_AP": 0.8030923890509297,
    "BETHEL_AIRPORT": 0.7855148894008616,
    "MCKINLEY_PARK": 0.775779196498411,
    "KENAI_AIRPORT": 0.7426439685839284,
    "BIG_DELTA_AIRPORT": 0.7406722988516207
  },
  "Kuskokwim River at Tuluksak": {
    "BETHEL_AIRPORT": 0.7631693656119574,
    "KING_SALMON_AIRPORT": 0.7008069650585197,
    "ALYESKA": 0.6735118649779024,
    "KENAI_AIRPORT": 0.6684923295046141,
    "ILIAMNA_AIRPORT": 0.6673730625465241
  },
  "Susitna River at Sunshine": {
    "TALKEETNA_AIRPORT": 0.7247750155718806,
    "ALYESKA": 0.6581634455675607,
    "ANCHORAGE_MERRILL_FIELD": 0.6431156449939406,
    "BIG_DELTA_AIRPORT": 0.5964257088132942,
    "SKAGWAY_AIRPORT": 0.5681558858199707
  },
  "Tanana River at Nenana": {
    "NENANA_MUN_AP": 0.8569116722712038,
    "NORTH_POLE": 0.8120516366924017,
    "COLLEGE_OBSERVATORY": 0.7964524894894163,
    "BIG_DELTA_AIRPORT": 0.7837103911849727,
    "MCGRATH_AP": 0.77894150925507
  },
  "Tanana River nr Manley Hot Springs": {
    "NENANA_MUN_AP": 0.9188251424810987,
    "MCGRATH_AP": 0.7791882762252054,
    "BIG_DELTA_AIRPORT": 0.7673955481499463,
    "COLLEGE_OBSERVATORY": 0.7305464194058774,
    "FAIRBANKS_INTL_AP": 0.6997369802982579
  },
  "Yentna River at Lake Creek": {
    "TALKEETNA_AIRPORT": 0.7657107540010515,
    "ALYESKA": 0.7514927382032777,
    "SKAGWAY_AIRPORT": 0.7217938877354036,
    "GULKANA_AIRPORT": 0.6849123824210571,
    "ANCHORAGE_TED_STEVENS_INTERNATIONAL_AIRPORT": 0.6834356315648266
  },
  "Yukon River at Alakanuk": {
    "BETHEL_AIRPORT": 0.8991083303409293,
    "NOME_AIRPORT": 0.7876698416057408,
    "MCGRATH_AP": 0.7461701593588421,
    "TALKEETNA_AIRPORT": 0.7345012241830915,
    "NENANA_MUN_AP": 0.6858989452124349
  },
  "Yukon River at Anvik": {
    "NENANA_MUN_AP": 0.8740294988908208,
    "MCKINLEY_PARK": 0.8582521073919336,
    "MCGRATH_AP": 0.8446366981346033,
    "NORTHWAY_AIRPORT": 0.8196836010511669,
    "GULKANA_AIRPORT": 0.8126824164849988
  },
  "Yukon River at Circle": {
    "CHICKEN": 0.7085517192156003,
    "NENANA_MUN_AP": 0.6835802979311507,
    "MCKINLEY_PARK": 0.6722507367989253,
    "FAIRBANKS_INTL_AP": 0.6685250035962313,
    "NORTHWAY_AIRPORT": 0.6605498357519046
  },
  "Yukon River at Dawson": {
    "GULKANA_AIRPORT": 0.7912730411422125,
    "NORTHWAY_AIRPORT": 0.7641799472148075,
    "ALYESKA": 0.7322844480164188,
    "BIG_DELTA_AIRPORT": 0.7060688010359716,
    "FAIRBANKS_INTL_AP": 0.680161401423264
  },
  "Yukon River at Eagle": {
    "EAGLE": 0.7566800554721804,
    "BIG_DELTA_AIRPORT": 0.7403545016347932,
    "FAIRBANKS_INTL_AP": 0.7309832966237377,
    "NORTHWAY_AIRPORT": 0.7270351818833775,
    "COLLEGE_OBSERVATORY": 0.7200324856064435
  },
  "Yukon River at Fort Yukon": {
    "CHICKEN": 0.6898579834006886,
    "EAGLE": 0.6890236830119005,
    "FAIRBANKS_INTL_AP": 0.6573293829504656,
    "NENANA_MUN_AP": 0.6377240415605245,
    "NORTHWAY_AIRPORT": 0.6271326985552802
  },
  "Yukon River at Galena": {
    "NENANA_MUN_AP": 0.8599063739675511,