{
  "Buckland River at Buckland": {
    "FAIRBANKS_INTL_AP": 0.1360045852862038,
    "DUTCH_HARBOR": 0.13407863882841317,
    "BETHEL_AIRPORT": 0.1286868048744609,
    "NORTHWAY_AIRPORT": 0.12627695761212832,
    "COLLEGE_OBSERVATORY": 0.11875930023880531
  },
  "Chena River at Fairbanks": {
    "COLLEGE_OBSERVATORY": 0.41257495699463465,
    "FAIRBANKS_INTL_AP": 0.38954161564668605,
    "NORTH_POLE": 0.3358739727374612,
    "MCGRATH_AP": 0.27071825692643087,
    "BIG_DELTA_AIRPORT": 0.2579541351424839
  },
  "Chisana River at Northway": {
    "CHICKEN": 0.6962373459744783,
    "ANCHORAGE_MERRILL_FIELD": 0.6926174793805157,
    "FAIRBANKS_INTL_AP": 0.6468194098126568,
    "ALYESKA": 0.6286492044313758,
    "TALKEETNA_AIRPORT": 0.5972449205480898
  },
  "Gakona River at Gakona": {
    "TALKEETNA_AIRPORT": 0.11898691695838937,
    "SAINT_PAUL_ISLAND_AIRPORT": 0.11593596974364144,
    "DUTCH_HARBOR": 0.08550080052429473,
    "NENANA_MUN_AP": 0.0759275744616852,
    "CORDOVA_AIRPORT": 0.07384448560968104
  },
  "Gulkana River nr Gakona": {
    "NORTHWAY_AIRPORT": 0.16793774570489742,
    "SAINT_PAUL_ISLAND_AIRPORT": 0.11321684585113324,
    "NORTH_POLE": 0.09307275767789765,
    "TALKEETNA_AIRPORT": 0.07822087623267752,
    "DUTCH_HARBOR": 0.07444755190461019
  },
  "Kobuk River at Ambler": {
    "GULKANA_AIRPORT": 0.21732372426503263,
    "NORTHWAY_AIRPORT": 0.1862784405007795,
    "FAIRBANKS_INTL_AP": 0.18161480369989275,
    "KENAI_AIRPORT": 0.17939396663624707,
    "BIG_DELTA_AIRPORT": 0.1744299318022318
  },
  "Kobuk River at Kobuk": {
    "EAGLE": 0.16182237483235284,
    "KENAI_AIRPORT": 0.14880928486585393,
    "FAIRBANKS_INTL_AP": 0.13861863852523335,
    "TALKEETNA_AIRPORT": 0.1295284388181662,
    "NORTHWAY_AIRPORT": 0.12215929341066202
  },
  "Kobuk River at Shungnak": {
    "BIG_DELTA_AIRPORT": 0.28720491339973253,
    "FAIRBANKS_INTL_AP": 0.25343460523264616,
    "NORTH_POLE": 0.22183589801874198,
    "COLLEGE_OBSERVATORY": 0.2178369630646001,
    "NORTHWAY_AIRPORT": 0.21073324454626768
  },
  "Koyukuk River at Allakaket": {
    "KENAI_AIRPORT": 0.25128141768747864,
    "EAGLE": 0.2413082113567468,
    "NENANA_MUN_AP": 0.15705577686896746,
    "FAIRBANKS_INTL_AP": 0.15338614211124085,
    "CORDOVA_AIRPORT": 0.15053205357369223
  },
  "Koyukuk River at Bettles": {
    "KENAI_AIRPORT": 0.12712777201724887,
    "FAIRBANKS_INTL_AP": 0.09325923818713071,
    "EAGLE": 0.0865377686927418,
    "BETTLES_AIRPORT": 0.05984461327362565,
    "CORDOVA_AIRPORT": 0.05594470650061053
  },
  "Koyukuk River at Hughes": {
    "FAIRBANKS_INTL_AP": 0.1483503070881134,
    "KENAI_AIRPORT": 0.1386471479953245,
    "EAGLE": 0.13061428408450063,
    "CORDOVA_AIRPORT": 0.11744710775972306,
    "TALKEETNA_AIRPORT": 0.11297939650619397
  },
  "Kuskokwim River at Akiak": {
    "BETHEL_AIRPORT": 0.5881642700665312,
    "TALKEETNA_AIRPORT": 0.48918503752855413,
    "MCGRATH_AP": 0.45224721949236435,
    "KING_SALMON_AIRPORT": 0.4482936209503182,
    "FAIRBANKS_INTL_AP": 0.44544665252956145
  },
  "Kuskokwim River at Aniak": {
    "BETHEL_AIRPORT": 0.4468346453452535,
    "COLLEGE_OBSERVATORY": 0.4039026774160378,
    "FAIRBANKS_INTL_AP": 0.4026602949395826,
    "TALKEETNA_AIRPORT": 0.3776579145900847,
    "MCGRATH_AP": 0.3690252099798338
  },
  "Kuskokwim River at Bethel": {
    "BETHEL_AIRPORT": 0.6294332247135616,
    "MCKINLEY_PARK": 0.5105394240193912,
    "NENANA_MUN_AP": 0.4941477703332644,
    "TALKEETNA_AIRPORT": 0.48776564365836783,
    "EAGLE": 0.48187164537091887
  },
  "Kuskokwim River at Crooked Creek": {
    "MCGRATH_AP": 0.401375409572356,
    "COLLEGE_OBSERVATORY": 0.33507211978171136,
    "BETHEL_AIRPORT": 0.3256815839253896,
    "FAIRBANKS_INTL_AP": 0.32141490247942794,
    "TALKEETNA_AIRPORT": 0.2962080998728323
  },
  "Kuskokwim River at Kalskag": {
    "MCGRATH_AP": 0.49918688725599514,
    "BETHEL_AIRPORT": 0.484842809196512,
    "TALKEETNA_AIRPORT": 0.48449494062819476,
    "COLLEGE_OBSERVATORY": 0.4833153244902986,
    "KING_SALMON_AIRPORT": 0.4819638037332831
  },
  "Kuskokwim River at McGrath": {
    "FAIRBANKS_INTL_AP": 0.400348079860144,
    "COLLEGE_OBSERVATORY": 0.3936161261594459,
    "NORTH_POLE": 0.3679302200070806,
    "MCGRATH_AP": 0.3641145953083713,
    "BIG_DELTA_AIRPORT": 0.36158994747893697
  },
  "Kuskokwim River at Nikolai": {
    "COLLEGE_OBSERVATORY": 0.6418002406410849,
    "BIG_DELTA_AIRPORT": 0.634174513816999,
    "NORTH_POLE": 0.6179107138193715,
    "FAIRBANKS_INTL_AP": 0.601095305571161,
    "TALKEETNA_AIRPORT": 0.5762406963835653
  },
  "Kuskokwim River at Red Devil": {
    "MCGRATH_AP": 0.3847634326031033,
    "FAIRBANKS_INTL_AP": 0.35810384188117345,
    "TALKEETNA_AIRPORT": 0.35408838653508357,
    "COLLEGE_OBSERVATORY": 0.352524342998321,
    "BETHEL_AIRPORT": 0.3190025129133821
  },
  "Kuskokwim River at Sleetmute": {
    "COLLEGE_OBSERVATORY": 0.4517277752629709,
    "FAIRBANKS_INTL_AP": 0.4291564998520307,
    "NORTH_POLE": 0.4177463339888303,
    "MCGRATH_AP": 0.40664662272075836,
    "BIG_DELTA_AIRPORT": 0.35471115751498744
  },
  "Kuskokwim River at Stony River": {
    "FAIRBANKS_INTL_AP": 0.3329512252978203,
    "COLLEGE_OBSERVATORY": 0.33235044720878365,
    "MCGRATH_AP": 0.32968006299992153,
    "NORTH_POLE": 0.3029772024604122,
    "BETHEL_AIRPORT": 0.29858066441213066
  },
  "Kuskokwim River at Tuluksak": {
    "BETHEL_AIRPORT": 0.4941624015777124,
    "MCGRATH_AP": 0.4204411449346448,
    "TALKEETNA_AIRPORT": 0.36728926376423277,
    "FAIRBANKS_INTL_AP": 0.35802349118767196,
    "COLLEGE_OBSERVATORY": 0.3444580506478329
  },
  "Susitna River at Sunshine": {
    "NORTH_POLE": 0.5874327287815049,
    "TALKEETNA_AIRPORT": 0.5693961205737536,
    "BIG_DELTA_AIRPORT": 0.5558351135073506,
    "CHICKEN": 0.5478381742665632,
    "ANCHORAGE_MERRILL_FIELD": 0.5245641230963108
  },
  "Tanana River at Nenana": {
    "NORTH_POLE": 0.525962520210101,
    "COLLEGE_OBSERVATORY": 0.5160665741425382,
    "FAIRBANKS_INTL_AP": 0.5112132214250803,
    "BIG_DELTA_AIRPORT": 0.4609839742477288,
    "NENANA_MUN_AP": 0.4280033442498431
  },
  "Tanana River nr Manley Hot Springs": {
    "MCGRATH_AP": 0.44220369741623555,
    "COLLEGE_OBSERVATORY": 0.3744794251596455,
    "FAIRBANKS_INTL_AP": 0.36473163273470594,
    "TANANA_AIRPORT": 0.3130267925290317,
    "TALKEETNA_AIRPORT": 0.3062917821545094
  },
  "Yentna River at Lake Creek": {
    "TALKEETNA_AIRPORT": 0.7250650898452056,
    "BIG_DELTA_AIRPORT": 0.683810696961525,
    "GULKANA_AIRPORT": 0.6525482131035162,
    "NORTHWAY_AIRPORT": 0.6301656849475848,
    "KENAI_AIRPORT": 0.6296586267130347
  },
  "Yukon River at Alakanuk": {
    "BETHEL_AIRPORT": 0.4312013581592807,
    "TALKEETNA_AIRPORT": 0.32444328188032123,
    "NENANA_MUN_AP": 0.30885918860574474,
    "MCKINLEY_PARK": 0.2991272801135944,
    "FAIRBANKS_INTL_AP": 0.2819910588214611
  },
  "Yukon River at Anvik": {
    "FAIRBANKS_INTL_AP": 0.3225066092025366,
    "BIG_DELTA_AIRPORT": 0.318775047781616,
    "MCGRATH_AP": 0.3153057257257866,
    "COLLEGE_OBSERVATORY": 0.3009456022078725,
    "BETHEL_AIRPORT": 0.27167708215772596
  },
  "Yukon River at Circle": {
    "FAIRBANKS_INTL_AP": 0.2029873716774888,
    "KENAI_AIRPORT": 0.14278143376738459,
    "COLLEGE_OBSERVATORY": 0.13851783069939788,
    "NORTHWAY_AIRPORT": 0.12407734370059784,
    "EAGLE": 0.12017858298177649
  },
  "Yukon River at Dawson": {
    "FAIRBANKS_INTL_AP": 0.516118343164092,
    "CHICKEN": 0.4400414525450138,
    "ALYESKA": 0.4363748800414243,
    "NORTH_POLE": 0.42337195468799493,
    "ANCHORAGE_MERRILL_FIELD": 0.40797689797688413
  },
  "Yukon River at Eagle": {
    "FAIRBANKS_INTL_AP": 0.35538884830758394,
    "COLLEGE_OBSERVATORY": 0.2878383108498283,
    "KENAI_AIRPORT": 0.2570854346464751,
    "TALKEETNA_AIRPORT": 0.2560987967646114,
    "NORTH_POLE": 0.2541685907323757
  },
  "Yukon River at Fort Yukon": {
    "FAIRBANKS_INTL_AP": 0.1788484163203984,
    "KENAI_AIRPORT": 0.1410023754398435,
    "COLLEGE_OBSERVATORY": 0.10496494289104491,