{
  "Buckland River at Buckland": {
    "KOTZEBUE_AIRPORT": 0.3135118188659021,
    "GULKANA_AIRPORT": 0.25681912182965283,
    "NORTHWAY_AIRPORT": 0.24031326647213777,
    "MCKINLEY_PARK": 0.22268062031126779,
    "BETHEL_AIRPORT": 0.22193287303426612
  },
  "Chena River at Fairbanks": {
    "NENANA_MUN_AP": 0.5860862150698818,
    "COLLEGE_OBSERVATORY": 0.5806348084142389,
    "BIG_DELTA_AIRPORT": 0.5580831465302059,
    "FAIRBANKS_INTL_AP": 0.508359246143405,
    "NORTH_POLE": 0.4789814776848907
  },
  "Chisana River at Northway": {
    "GULKANA_AIRPORT": 0.7154008883901364,
    "ALYESKA": 0.6977351196287215,
    "ANCHORAGE_MERRILL_FIELD": 0.6907653960475373,
    "NORTHWAY_AIRPORT": 0.6629676733677143,
    "TALKEETNA_AIRPORT": 0.6624480595606038
  },
  "Gakona River at Gakona": {
    "TALKEETNA_AIRPORT": 0.35141767389589196,
    "NORTHWAY_AIRPORT": 0.2985409247447745,
    "NORTH_POLE": 0.2639490396197809,
    "GULKANA_AIRPORT": 0.2579594214152745,
    "CHICKEN": 0.25340892832175066
  },
  "Gulkana River nr Gakona": {
    "NORTHWAY_AIRPORT": 0.3627732539547408,
    "GULKANA_AIRPORT": 0.36244009498565155,
    "CHICKEN": 0.3080251914256856,
    "TALKEETNA_AIRPORT": 0.27027210643413974,
    "NORTH_POLE": 0.26878235988253923
  },
  "Kobuk River at Ambler": {
    "GULKANA_AIRPORT": 0.25335235480179435,
    "KOTZEBUE_AIRPORT": 0.25062989632115895,
    "NOME_AIRPORT": 0.23749071409127534,
    "BETHEL_AIRPORT": 0.2268149028509187,
    "BIG_DELTA_AIRPORT": 0.2194468937118182
  },
  "Kobuk River at Kobuk": {
    "NENANA_MUN_AP": 0.340070134628704,
    "BIG_DELTA_AIRPORT": 0.2886961751237646,
    "EAGLE": 0.2837138652396625,
    "KENAI_AIRPORT": 0.2794447164996536,
    "NORTHWAY_AIRPORT": 0.2729912224939539
  },
  "Kobuk River at Shungnak": {
    "BIG_DELTA_AIRPORT": 0.4535488572079817,
    "NORTHWAY_AIRPORT": 0.38510587039198996,
    "GULKANA_AIRPORT": 0.3450573325190328,
    "MCKINLEY_PARK": 0.34436781147342477,
    "KOTZEBUE_AIRPORT": 0.3417238395142007
  },
  "Koyukuk River at Allakaket": {
    "EAGLE": 0.3435431271184987,
    "NENANA_MUN_AP": 0.2985138370674825,
    "KENAI_AIRPORT": 0.2862432481408042,
    "FAIRBANKS_INTL_AP": 0.25840562131128614,
    "BIG_DELTA_AIRPORT": 0.22884406240565944
  },
  "Koyukuk River at Bettles": {
    "FAIRBANKS_INTL_AP": 0.2683356359850587,
    "EAGLE": 0.2656344365684377,
    "BETTLES_AIRPORT": 0.26186376610633594,
    "KENAI_AIRPORT": 0.22391562893644154,
    "NENANA_MUN_AP": 0.2227971453967983
  },
  "Koyukuk River at Hughes": {
    "FAIRBANKS_INTL_AP": 0.3519633669099897,
    "NENANA_MUN_AP": 0.3213298021114214,
    "EAGLE": 0.3158601227491538,
    "BETTLES_AIRPORT": 0.289279753518521,
    "MCGRATH_AP": 0.26147106083814087
  },
  "Kuskokwim River at Akiak": {
    "BETHEL_AIRPORT": 0.6583967778501415,
    "TALKEETNA_AIRPORT": 0.6140037616431944,
    "KING_SALMON_AIRPORT": 0.5670663429995563,
    "MCGRATH_AP": 0.5395519794762462,
    "MCKINLEY_PARK": 0.5390530313933132
  },
  "Kuskokwim River at Aniak": {
    "BETHEL_AIRPORT": 0.5426821662642839,
    "TALKEETNA_AIRPORT": 0.539687403379425,
    "MCGRATH_AP": 0.513127890148115,
    "MCKINLEY_PARK": 0.487025869445207,
    "KING_SALMON_AIRPORT": 0.48547144701209466
  },
  "Kuskokwim River at Bethel": {
    "BETHEL_AIRPORT": 0.6121769662248303,
    "TALKEETNA_AIRPORT": 0.5604955058859368,
    "ALYESKA": 0.5336107153172636,
    "KING_SALMON_AIRPORT": 0.5242673754375718,
    "ILIAMNA_AIRPORT": 0.5203379715654933
  },
  "Kuskokwim River at Crooked Creek": {
    "MCGRATH_AP": 0.5225056970470148,
    "TALKEETNA_AIRPORT": 0.5148216632931014,
    "KING_SALMON_AIRPORT": 0.48905705835134744,
    "KENAI_AIRPORT": 0.4726675366882354,
    "NORTHWAY_AIRPORT": 0.4589784170378815
  },
  "Kuskokwim River at Kalskag": {
    "TALKEETNA_AIRPORT": 0.6554991024654264,
    "KING_SALMON_AIRPORT": 0.6515192736741603,
    "MCGRATH_AP": 0.6514416104836269,
    "BETHEL_AIRPORT": 0.6151350814195687,
    "ILIAMNA_AIRPORT": 0.6026013785722965
  },
  "Kuskokwim River at McGrath": {
    "BIG_DELTA_AIRPORT": 0.6027159575744636,
    "NENANA_MUN_AP": 0.5708020087109404,
    "MCGRATH_AP": 0.5536439069827638,
    "FAIRBANKS_INTL_AP": 0.5515388470930347,
    "COLLEGE_OBSERVATORY": 0.5433471682904659
  },
  "Kuskokwim River at Nikolai": {
    "BIG_DELTA_AIRPORT": 0.7161502655893757,
    "TALKEETNA_AIRPORT": 0.6567294436539295,
    "KENAI_AIRPORT": 0.6333855540974886,
    "COLLEGE_OBSERVATORY": 0.6190486055069789,
    "ALYESKA": 0.6093351802828264
  },
  "Kuskokwim River at Red Devil": {
    "TALKEETNA_AIRPORT": 0.5915633041664569,
    "MCGRATH_AP": 0.5648789164606488,
    "KENAI_AIRPORT": 0.5093091771087848,
    "GULKANA_AIRPORT": 0.5076446008523472,
    "KING_SALMON_AIRPORT": 0.49993973856600277
  },
  "Kuskokwim River at Sleetmute": {
    "TALKEETNA_AIRPORT": 0.5768274324695913,
    "MCGRATH_AP": 0.5717203076543589,
    "BIG_DELTA_AIRPORT": 0.545082224765368,
    "KENAI_AIRPORT": 0.5440067865593275,
    "NORTH_POLE": 0.5316691799218453
  },
  "Kuskokwim River at Stony River": {
    "TALKEETNA_AIRPORT": 0.5139549937408802,
    "KENAI_AIRPORT": 0.5101249702584186,
    "MCGRATH_AP": 0.48868979436397303,
    "BIG_DELTA_AIRPORT": 0.4755609974366583,
    "GULKANA_AIRPORT": 0.45584846685840286
  },
  "Kuskokwim River at Tuluksak": {
    "BETHEL_AIRPORT": 0.6336224767984928,
    "TALKEETNA_AIRPORT": 0.5714137664357503,
    "KENAI_AIRPORT": 0.5677985504528991,
    "MCGRATH_AP": 0.5266360197074341,
    "KING_SALMON_AIRPORT": 0.5158180138139465
  },
  "Susitna River at Sunshine": {
    "TALKEETNA_AIRPORT": 0.7021445644680274,
    "BIG_DELTA_AIRPORT": 0.6439735799220156,
    "NORTH_POLE": 0.6184933425024127,
    "ALYESKA": 0.5896337992422696,
    "ANCHORAGE_MERRILL_FIELD": 0.5859506571746133
  },
  "Tanana River at Nenana": {
    "BIG_DELTA_AIRPORT": 0.6684077265662628,
    "COLLEGE_OBSERVATORY": 0.654678370723127,
    "NENANA_MUN_AP": 0.6516299178560802,
    "NORTH_POLE": 0.6477351425982113,
    "FAIRBANKS_INTL_AP": 0.6035128323893048
  },
  "Tanana River nr Manley Hot Springs": {
    "BIG_DELTA_AIRPORT": 0.5666185923289317,
    "MCGRATH_AP": 0.5478884572015879,
    "FAIRBANKS_INTL_AP": 0.5282638253236053,
    "EAGLE": 0.5105201573794981,
    "NENANA_MUN_AP": 0.5093627842179541
  },
  "Yentna River at Lake Creek": {
    "TALKEETNA_AIRPORT": 0.7663427066623373,
    "GULKANA_AIRPORT": 0.7370770778960247,
    "BIG_DELTA_AIRPORT": 0.7143664829415679,
    "ALYESKA": 0.7051823008544078,
    "SKAGWAY_AIRPORT": 0.6767994382494168
  },
  "Yukon River at Alakanuk": {
    "NOME_AIRPORT": 0.5745185867862617,
    "BETHEL_AIRPORT": 0.5668580452624759,
    "TALKEETNA_AIRPORT": 0.4462186608826091,
    "KING_SALMON_AIRPORT": 0.4267314207678194,
    "KOTZEBUE_AIRPORT": 0.3988032941632748
  },
  "Yukon River at Anvik": {
    "MCGRATH_AP": 0.531070755253156,
    "BIG_DELTA_AIRPORT": 0.4978322626340661,
    "MCKINLEY_PARK": 0.47162903916175514,
    "GULKANA_AIRPORT": 0.4708669793786134,
    "EAGLE": 0.456601008752799
  },
  "Yukon River at Circle": {
    "FAIRBANKS_INTL_AP": 0.37097626106466636,
    "EAGLE": 0.36468925251590956,
    "NORTHWAY_AIRPORT": 0.32098209330465016,
    "CHICKEN": 0.3169857727948634,
    "GULKANA_AIRPORT": 0.2895669679451256
  },
  "Yukon River at Dawson": {
    "GULKANA_AIRPORT": 0.657074759180065,
    "FAIRBANKS_INTL_AP": 0.6468171381387865,
    "NORTHWAY_AIRPORT": 0.6187190965646853,
    "BIG_DELTA_AIRPORT": 0.6118746704418362,
    "EAGLE": 0.6042740204173611
  },
  "Yukon River at Eagle": {
    "FAIRBANKS_INTL_AP": 0.6011805104845236,
    "EAGLE": 0.5574812935537427,
    "BIG_DELTA_AIRPORT": 0.5264682080761879,
    "COLLEGE_OBSERVATORY": 0.510667808952598,
    "NORTH_POLE": 0.4792485690763035
  },
  "Yukon River at Fort Yukon": {
    "EAGLE": 0.4003186458537602,
    "FAIRBANKS_INTL_AP": 0.36081989707779166,
    "NORTHWAY_AIRPORT": 0.29055133898672175,
    "KENAI_AIRPORT": 0.2724906048692364,
    "GULKANA_AIRPORT": 0.27173221043096624
  },
  "Yukon River at Galena": {
    "FAIRBANKS_INTL_AP": 0.4696228718766507,