{
  "Buckland River at Buckland": {
    "NENANA_MUN_AP": 0.5218676659362353,
    "NORTHWAY_AIRPORT": 0.5117275747077829,
    "NOME_AIRPORT": 0.4851116414390536,
    "CHICKEN": 0.48161113648572684,
    "BETHEL_AIRPORT": 0.4788435224575238
  },
  "Chena River at Fairbanks": {
    "NENANA_MUN_AP": 0.6395957027996885,
    "BIG_DELTA_AIRPORT": 0.6134706162155159,
    "CHICKEN": 0.4623543254831109,
    "ANCHORAGE_MERRILL_FIELD": 0.45467428846954994,
    "NORTH_POLE": 0.3102780887403134
  },
  "Chisana River at Northway": {
    "ALYESKA": 0.69464614290006,
    "CHICKEN": 0.6759250168088438,
    "SKAGWAY_AIRPORT": 0.664257102283155,
    "ANCHORAGE_MERRILL_FIELD": 0.5949430029271582,
    "TALKEETNA_AIRPORT": 0.5670442375168864
  },
  "Gakona River at Gakona": {
    "NENANA_MUN_AP": 0.4796767956784688,
    "GULKANA_AIRPORT": 0.18802916352673488,
    "TALKEETNA_AIRPORT": 0.17157783836428722,
    "NORTHWAY_AIRPORT": 0.1714393819959201,
    "ANCHORAGE_TED_STEVENS_INTERNATIONAL_AIRPORT": 0.159990485563805
  },
  "Gulkana River nr Gakona": {
    "NENANA_MUN_AP": 0.3418814413579175,
    "NORTHWAY_AIRPORT": 0.23437073705638545,
    "NORTH_POLE": 0.198008022993072,
    "GULKANA_AIRPORT": 0.18866994756244584,
    "BIG_DELTA_AIRPORT": 0.17211998531105285
  },
  "Kobuk River at Ambler": {
    "CHICKEN": 0.611526612716184,
    "NENANA_MUN_AP": 0.6015027199694153,
    "NORTHWAY_AIRPORT": 0.5620610773558995,
    "MCKINLEY_PARK": 0.5293049679476984,
    "GULKANA_AIRPORT": 0.5252133379887293
  },
  "Kobuk River at Kobuk": {
    "NENANA_MUN_AP": 0.6996824413481721,
    "CHICKEN": 0.6455669330703488,
    "MCGRATH_AP": 0.5983819661958119,
    "MCKINLEY_PARK": 0.5604818510781815,
    "NORTHWAY_AIRPORT": 0.537728975604149
  },
  "Kobuk River at Shungnak": {
    "NORTHWAY_AIRPORT": 0.7749019476454765,
    "CHICKEN": 0.753284913453118,
    "NENANA_MUN_AP": 0.7460134387793232,
    "BIG_DELTA_AIRPORT": 0.7297076682545007,
    "MCKINLEY_PARK": 0.7111017847254537
  },
  "Koyukuk River at Allakaket": {
    "NENANA_MUN_AP": 0.7244278108007584,
    "EAGLE": 0.5936424578897962,
    "FAIRBANKS_INTL_AP": 0.5841407032003838,
    "MCGRATH_AP": 0.5585800526455132,
    "TANANA_AIRPORT": 0.5266966808639102
  },
  "Koyukuk River at Bettles": {
    "NENANA_MUN_AP": 0.4747879525316871,
    "FAIRBANKS_INTL_AP": 0.46712753964726744,
    "MCGRATH_AP": 0.4668156974230306,
    "BETTLES_AIRPORT": 0.4243136589413523,
    "TANANA_AIRPORT": 0.4156843667684927
  },
  "Koyukuk River at Hughes": {
    "NENANA_MUN_AP": 0.6529778716104064,
    "MCGRATH_AP": 0.623226799128561,
    "FAIRBANKS_INTL_AP": 0.6129220329549585,
    "BETTLES_AIRPORT": 0.5462232207482516,
    "COLLEGE_OBSERVATORY": 0.5416230479280357
  },
  "Kuskokwim River at Akiak": {
    "BETHEL_AIRPORT": 0.7659357381326357,
    "TALKEETNA_AIRPORT": 0.7121006701602066,
    "MCGRATH_AP": 0.6988971439303102,
    "KING_SALMON_AIRPORT": 0.6760929217345188,
    "ALYESKA": 0.6631402928067918
  },
  "Kuskokwim River at Aniak": {
    "TALKEETNA_AIRPORT": 0.6587604385601844,
    "MCGRATH_AP": 0.6465925507153923,
    "BETHEL_AIRPORT": 0.6227209407098514,
    "KING_SALMON_AIRPORT": 0.5860166093468254,
    "ALYESKA": 0.5804597591066415
  },
  "Kuskokwim River at Bethel": {
    "BETHEL_AIRPORT": 0.6794390417423901,
    "ALYESKA": 0.6415390392264965,
    "TALKEETNA_AIRPORT": 0.6131294652767867,
    "KING_SALMON_AIRPORT": 0.5842370259023332,
    "ILIAMNA_AIRPORT": 0.5674315919450522
  },
  "Kuskokwim River at Crooked Creek": {
    "MCGRATH_AP": 0.669604940558715,
    "TALKEETNA_AIRPORT": 0.6510342679785179,
    "KING_SALMON_AIRPORT": 0.5711045419754603,
    "COLLEGE_OBSERVATORY": 0.5692055689297747,
    "NORTHWAY_AIRPORT": 0.5687056367593383
  },
  "Kuskokwim River at Kalskag": {
    "KING_SALMON_AIRPORT": 0.6961023281820656,
    "TALKEETNA_AIRPORT": 0.6941790998560051,
    "MCGRATH_AP": 0.6622629367340814,
    "ILIAMNA_AIRPORT": 0.656513089285026,
    "BIG_DELTA_AIRPORT": 0.6258554330972038
  },
  "Kuskokwim River at McGrath": {
    "MCGRATH_AP": 0.8095076998711934,
    "NENANA_MUN_AP": 0.7750579832596922,
    "BIG_DELTA_AIRPORT": 0.7679815644945003,
    "COLLEGE_OBSERVATORY": 0.7524036408854882,
    "FAIRBANKS_INTL_AP": 0.7487494557363188
  },
  "Kuskokwim River at Nikolai": {
    "ALYESKA": 0.4095454999916529,
    "BIG_DELTA_AIRPORT": 0.4074612241538113,
    "KENAI_AIRPORT": 0.4015629139140293,
    "ANCHORAGE_MERRILL_FIELD": 0.39650447329963456,
    "TALKEETNA_AIRPORT": 0.39171079387776414
  },
  "Kuskokwim River at Red Devil": {
    "TALKEETNA_AIRPORT": 0.6475464245216601,
    "MCGRATH_AP": 0.6418660430451738,
    "KENAI_AIRPORT": 0.5581328004356451,
    "KING_SALMON_AIRPORT": 0.5493534915787615,
    "COLLEGE_OBSERVATORY": 0.5404745380409067
  },
  "Kuskokwim River at Sleetmute": {
    "MCGRATH_AP": 0.6165084390191565,
    "TALKEETNA_AIRPORT": 0.6107231050887542,
    "KENAI_AIRPORT": 0.5658137831649637,
    "COLLEGE_OBSERVATORY": 0.5643230420307789,
    "ANCHORAGE_MERRILL_FIELD": 0.5245726473890063
  },
  "Kuskokwim River at Stony River": {
    "MCGRATH_AP": 0.729078441165441,
    "TALKEETNA_AIRPORT": 0.6410167652286884,
    "KENAI_AIRPORT": 0.6349089855692162,
    "NORTHWAY_AIRPORT": 0.6304505977966496,
    "COLLEGE_OBSERVATORY": 0.6221271549980167
  },
  "Kuskokwim River at Tuluksak": {
    "BETHEL_AIRPORT": 0.7116090249477764,
    "MCGRATH_AP": 0.6471368511475998,
    "TALKEETNA_AIRPORT": 0.6388888709185283,
    "KENAI_AIRPORT": 0.6281034778679049,
    "KING_SALMON_AIRPORT": 0.6247341105993354
  },
  "Susitna River at Sunshine": {
    "TALKEETNA_AIRPORT": 0.6527688716056617,
    "BIG_DELTA_AIRPORT": 0.6056844168981703,
    "ALYESKA": 0.5708295133625417,
    "ANCHORAGE_MERRILL_FIELD": 0.5672554936983847,
    "SKAGWAY_AIRPORT": 0.4962729226978282
  },
  "Tanana River at Nenana": {
    "NENANA_MUN_AP": 0.7193237980488437,
    "COLLEGE_OBSERVATORY": 0.7154956910105397,
    "NORTH_POLE": 0.7104491379340806,
    "BIG_DELTA_AIRPORT": 0.6878958799555784,
    "FAIRBANKS_INTL_AP": 0.6575001443310428
  },
  "Tanana River nr Manley Hot Springs": {
    "NENANA_MUN_AP": 0.7200512340312362,
    "MCGRATH_AP": 0.6628885918467154,
    "BIG_DELTA_AIRPORT": 0.6579263569692245,
    "COLLEGE_OBSERVATORY": 0.6130493217083788,
    "FAIRBANKS_INTL_AP": 0.594657936606266
  },
  "Yentna River at Lake Creek": {
    "SKAGWAY_AIRPORT": 0.6953032117172884,
    "TALKEETNA_AIRPORT": 0.6496058567916277,
    "ALYESKA": 0.6391054020313993,
    "CORDOVA_AIRPORT": 0.5597999168093485,
    "GULKANA_AIRPORT": 0.5550812860249985
  },
  "Yukon River at Alakanuk": {
    "BETHEL_AIRPORT": 0.8272071650098913,
    "NOME_AIRPORT": 0.7271224775947268,
    "KING_SALMON_AIRPORT": 0.6444341578999928,
    "TALKEETNA_AIRPORT": 0.6420509897785814,
    "MCGRATH_AP": 0.6408149138816204
  },
  "Yukon River at Anvik": {
    "NENANA_MUN_AP": 0.7696422190900157,
    "MCGRATH_AP": 0.7654448963388145,
    "MCKINLEY_PARK": 0.7286599223579425,
    "BETHEL_AIRPORT": 0.7051715632297925,
    "NORTHWAY_AIRPORT": 0.7030846579699812
  },
  "Yukon River at Circle": {
    "FAIRBANKS_INTL_AP": 0.5570368975971624,
    "NENANA_MUN_AP": 0.5239479141244767,
    "MCGRATH_AP": 0.5017298411705127,
    "COLLEGE_OBSERVATORY": 0.49546425629297075,
    "NORTHWAY_AIRPORT": 0.4839966160702352
  },
  "Yukon River at Dawson": {
    "GULKANA_AIRPORT": 0.6617212058994352,
    "FAIRBANKS_INTL_AP": 0.6575848633238032,
    "ALYESKA": 0.6455742249250693,
    "NORTHWAY_AIRPORT": 0.6241521893904272,
    "TALKEETNA_AIRPORT": 0.6069464392670216
  },
  "Yukon River at Eagle": {
    "FAIRBANKS_INTL_AP": 0.675988121050165,
    "COLLEGE_OBSERVATORY": 0.5890553682345991,
    "MCGRATH_AP": 0.5722123735714031,
    "BIG_DELTA_AIRPORT": 0.558927027847908,
    "EAGLE": 0.5561865953688678
  },
  "Yukon River at Fort Yukon": {
    "FAIRBANKS_INTL_AP": 0.5322077782525321,
    "EAGLE": 0.5096502601877644,
    "MCGRATH_AP": 0.4810591162700492,
    "NORTHWAY_AIRPORT": 0.4568319854568532,
    "COLLEGE_OBSERVATORY": 0.45607972534551566
  },