"ID","ALT_ID","STATION NAME","STATE","LATITUDE","LONGITUDE","ELEV(FT)","DOMAINS"
"41040","","WEST ATLANTIC","","14.516","-53.024","16","oc"
"41041","","MIDDLE ATLANTIC","","14.36","-46.01","16","oc"
"41043","","SOUTH WEST ATLANTIC","","20.9889","-65.0136","16","oc"
"41044","","SOUTH ATLANTIC","","21.562","-58.641","16","oc"
"41046","","E BAHAMAS","","23.9986","-70.9939","16","co oc"
"41047","","NE BAHAMAS","","27.4694","-71.4911","16","co oc"
"41048","","W BERMUDA","","31.9783","-69.6489","16","co oc"
"41049","","ATLANTIC SOUTH","","27.5","-63","16","oc"
"41058","","NORTH ST. THOMAS; VI","","18.476","-65.157","13","pr oc"
"41096","","NORTH OF GUADELOUPE","","16.533","-61.404","13","oc"
"42360","","WALKER RIDGE 249","","26.7","-90.46","11","co oc"
"BARA9","","BARBUDA  BARBUDA","","17.591","-61.821","32","oc"
"EPC01","","TAFB EAST PAC 1","","30.7","-116.7","6","co oc"
"EPC02","","TAFB EAST PAC 2","","30.2","-113.6","6","co oc"
"EPC03","","TAFB EAST PAC 3","","28.5","-117","6","co oc"
"EPC04","","TAFB EAST PAC 4","","27.1","-111","6","co oc"
"EPC05","","TAFB EAST PAC 5","","25.5","-115.4","6","co oc"
"EPC06","","TAFB EAST PAC 6","","24.7","-109.4","6","co oc"
"EPC07","","TAFB EAST PAC 7","","21.2","-112.5","6","oc"
"EPC08","","TAFB EAST PAC 8","","20","-107.8","6","oc"
"EPC09","","TAFB EAST PAC 9","","15.9","-102.8","6","oc"
"EPC10","","TAFB EAST PAC 10","","14","-95.5","6","oc"
"EPC11","","TAFB EAST PAC 11","","12","-92","6","oc"
"EPC12","","TAFB EAST PAC 12","","10.8","-87.1","6","oc"
"EPC13","","TAFB EAST PAC 13","","6.9","-84.5","6","oc"
"EPC14","","TAFB EAST PAC 14","","4.9","-79.3","6","oc"
"EPC15","","TAFB EAST PAC 15","","-0.7","-82.1","6","oc"
"EPC16","","TAFB EAST PAC 16","","-0.7","-86.1","6","oc"
"EPC17","","TAFB EAST PAC 17","","-2.1","-91","6","oc"
"XAGU_01","","","","18.4329","-67.1566","14","pr oc"
"XALI_01","","","","35.9007","-76.0092","38","co oc"
"XAMA_01","","","","18.3303","-64.9264","42","pr oc"
"XAQP_01","","","","37.812","-122.421","25","co"
"XBBT_01","","","","37.0365","-76.0767","52","co oc"
"XBEL_01","","","","33.7554","-118.1487","37","co"
"XBLK_01","","","","41.1993","-71.5932","35","co oc"
"XBND_02","","","","49.0021","-123.0354","42","co oc"
"XBOY_01","","","","26.5465","-80.0534","33","co oc"
"XBRI_01","","","","41.6701","-71.2793","25","co oc"
"XBRK_01","","","","37.8593","-122.316","45","co"
"XBRO_01","","","","18.3429","-64.8173","20","pr oc"
"XBSC_02","","","","42.3632","-71.0486","37","co"
"XBWH_01","","","","38.6767","-76.3339","22","co"
"XCAB_01","","","","33.7082","-118.2778","33","co"
"XCCO_01","","","","28.3677","-80.6006","45","co oc"
"XCHP_02","","","","41.729","-70.233","31","co oc"
"XCOR_01","","","","42.3714","-71.0507","76","co"
"XCSY_01","","","","37.8083","-122.4535","28","co"
"XDAN_01","","","","26.0582","-80.1106","30","co oc"
"XDIN_01","","","","25.7133","-80.2106","17","co oc"
"XDLT_01","","","","37.5618","-76.3006","19","co oc"
"XDOG_01","","","","42.5826","-70.6723","47","co oc"
"XDPT_01","","","","33.4543","-117.6914","42","co"
"XEGM_01","","","","27.6134","-82.7648","42","co oc"
"XFRI_01","","","","35.2473","-75.629","20","co oc"
"XGUN_01","","","","39.3559","-76.3247","21","co"
"XJAX_01","","","","30.2936","-81.3873","40","co oc"
"XJEN_01","","","","27.2243","-80.2023","16","co oc"
"XJNB_01","","","","46.1503","-123.2975","25","co"
"XJNP_01","","","","35.9111","-75.5929","60","co oc"
"XJUA_01","","","","18.4551","-66.1285","47","pr oc"
"XJUD_01","","","","41.3542","-71.5072","54","co oc"
"XKAY_01","","","","48.1365","-122.3683","18","co"
"XKBS_01","","","","25.6566","-80.1853","20","co oc"
"XKIH_01","","","","20.7861","-156.4683","120","hi oc"
"XKIT_01","","","","39.7921","-74.1654","20","co oc"
"XLKF_01","","","","30.0424","-90.0223","33","co"
"XMBN_01","","","","32.7584","-117.2602","52","co"
"XMON_01","XMON","","","38.232","-76.9493","40","co"
"XMOR_01","","","","40.7876","-72.7486","33","co oc"
"XMVL_01","","","","30.3612","-90.0887","33","co"
"XOCJ_01","","","","33.2072","-117.3997","18","co"
"XOCR_01","","","","35.1384","-76.0052","25","co oc"
"XPAD_01","","","","26.0778","-97.1705","40","co oc"
"XPAR_01","","","","28.6336","-80.8075","18","co oc"
"XPLB_01","","","","42.3306","-71.0151","30","co"
"XPOM_02","","","","26.2352","-80.0872","28","co oc"
"XPOW_01","","","","40.654","-73.1356","19","co oc"
"XPYL_02","","","","38.2654","-76.9707","25","co"
"XRAC_01","","","","38.1387","-75.7878","20","co oc"
"XREY_02","","","","18.2894","-65.632","24","pr oc"
"XRPT_01","","","","27.9776","-80.5479","20","co"
"XRUD_01","","","","36.8304","-75.9666","29","co oc"
"XSBA_02","","","","34.4081","-119.6851","35","co oc"
"XSBN_02","","","","41.7682","-71.3862","28","co"
"XSHP_01","","","","42.3614","-71.0357","26","co"
"XSHR_01","","","","38.0764","-121.7658","21","co"
"XSIT_01","","","","42.2005","-70.7166","33","co"
"XSMS_01","","","","24.7182","-81.9215","63","co oc"
"XSPP_01","","","","26.1637","-97.1813","18","co oc"
"XSRF_01","","","","28.9285","-95.2913","25","co oc"
"XSTM_01","","","","48.0156","-122.2707","25","co"
"XSUM_01","","","","32.7513","-79.8707","40","co oc"
"XTAM_01","","","","27.7651","-82.5725","48","co oc"
"XTHM_01","","","","37.054","-76.2608","20","co oc"
"XTOP_01","","","","34.0397","-118.5762","40","co"
"XTRI_01","","","","37.8332","-122.3725","30","co"
"XWLD_01","","","","27.8669","-97.3229","14","co oc"
"XWST_01","","","","41.5832","-70.8245","33","co oc"
"XYAB_01","","","","18.0525","-65.8281","32","pr"
"CNLB","","LINDBERGH_AGDM","AB","53.95","-110.5833","2067","co"
"CNLD","","LEEDALE_AGDM","AB","52.55","-114.4667","3107","co"
"CNNR","","NEIR_AGDM","AB","51.3667","-114.0833","3756","co"
"CNPK","","PEKISKO","AB","50.3667","-114.4167","4399","co"
"CNTK","","TOMAHAWK_AGDM","AB","53.4333","-114.7167","2670","co"
"CPAA","","ALLIANCE AGCM","AB","52.3153","-111.7786","2403","co"
"CPBE","","BEISEKER AGCM","AB","51.3786","-113.3572","2490","co"
"CPBS","","BASSANO AGCM","AB","50.8925","-112.465","2648","co"
"CPBT","","BLOOD_TRIBE_AGDM","AB","49.5667","-113.05","3215","co"
"CPCA","","CADOGAN AGCM","AB","52.3342","-110.51","2264","co"
"CPEH","","ENCHANT_AGDM","AB","50.1833","-112.4333","2628","co"
"CPFI","","FINECASTLE_AGDM","AB","49.8","-112.0333","2733","co"
"CPFO","","FORESTBURG","AB","52.5483","-112.1233","2365","co"
"CPGL","","GRASSY_LAKE","AB","49.8667","-111.7167","2569","co"
"CPIR","","IRON_SPRINGS_AGDM","AB","49.9025","-112.7453","2815","co"
"CPQL","","LETHBRIDGE_DEMO_FARM","AB","49.6833","-112.75","2962","co"
"CPRO","","ROSEMARY_AGDM","AB","50.8333","-112.05","2343","co"
"CPRY","","RAYMOND_AGDM","AB","49.4833","-112.6833","3074","co"
"CPSD","","STANDARD AGCM","AB","51.2283","-112.9819","2956","co"
"CPST","","STRATHMORE_AGDM","AB","51.0333","-113.2833","3172","co"
"CPSV","","SEVEN_PERSONS_AGDM","AB","49.9167","-110.9167","2513","co"
"CPXL","","BOW_ISLAND_AGDM","AB","49.8667","-111.3833","2621","co"
"CWAV","WAV","SUNDRE (AUTO)","AB","51.7833","-114.6833","3658","co"
"CWBM","","BEAVERLODGE","AB","55.2","-119.4","2444","co"
"CWBO","WBO","BROOKS (AUTO)","AB","50.55","-111.85","2451","co"
"CWDK","WDK","CLARESHOLM (AUTO)","AB","50","-113.6333","3320","co"
"CWDU","","COP_UPPER","AB","51.0767","-114.2192","4052","co"
"CWDZ","WDZ","DRUMHELLER_EAST","AB","51.43","-112.67","2224","co"
"CWFE","","ELK ISL NTL PRK","AB","53.6833","-112.8667","2349","co"
"CWFJ","WFJ","CARDSTON_(AUT)","AB","49.2","-113.28","3727","co"
"CWGF","","GARDEN RIVER","AB","58.6833","-113.8833","791","ak"
"CWGM","WGM","WATERTON PARK GATE","AB","59.1333","-113.8","4252","ak"
"CWGY","","ESTHER_1","AB","51.67","-110.2","2320","co"
"CWHA","","HIGHVALE","AB","53.45","-114.4667","2451","co"
"CWHI","","THREE_HILLS","AB","51.7","-113.22","2976","co"
"CWIQ","WIQ","PRIMROSE LAKE","AB","54.75","-110.05","2303","co"
"CWJW","WJW","JASPER_WARDEN_(AUT)","AB","52.93","-118.32","3346","co"
"CWLB","WLB CYLB","LAC LA BICHE(AUTO","AB","54.7667","-112.0167","1864","co"
"CWMX","","MILDRED_LAKE","AB","57.53","-111.57","1017","ak"
"CWNR","","NAKISKA_RIDGETOP","AB","50.95","-115.18","6279","co"
"CWOE","WOE","ONEFOUR","AB","49.12","-110.47","3068","co"
"CWOU","","PRIMROSE_LAKE_2","AB","54.78","-110.07","1988","co"
"CWOV","","BRETON_PLOTS","AB","53.0833","-114.4333","2795","co"
"CWPA","","HENDERICKSON AUTO8","AB","53.78","-118.43","5059","co"
"CWQL","","LETHBRIDGE_(AUT)","AB","49.7","-112.7833","3022","co"
"CWQQ","","LACOMBE_CDA","AB","52.45","-113.75","2867","co"
"CWRD","","RED_EARTH","AB","56.55","-115.2667","1791","ak"
"CWRM","WRM CYRM","ROCKY MT. HOUSE","AB","52.4333","-114.9167","3242","co"
"CWRT","WRT","CROWSNEST","AB","49.63","-114.48","4275","co"
"CWRV","","CAMROSE","AB","53.03","-112.82","2424","co"
"CWRY","WRY","MILK RIVER (AUTO)","AB","49.1333","-112.05","3445","co"
"CWVI","WVI","VEGREVILLE_(AUTO8)","AB","53.62","-112.03","2096","co"
"CWVO","","VAUXHALL_CDA","AB","50.05","-112.13","2555","co"
"CWXA","WXA","BOW VALLEY(AUTO)","AB","51.0833","-115.0667","4350","co"
"CWXL","WXL","BOW_ISLAND","AB","49.63","-111.45","2749","co"
"CWXN","","STAVELY_AAFC","AB","50.19","-113.889","4475","co"
"CWZG","WZG","BANFF_(MARS)","AB","51.2","-115.55","4583","co"
"CXAF","","ABEE AGDM","AB","54.28","-112.97","2178","co"
"CXAG","","ANDREW_AGDM","AB","53.9167","-112.2833","2050","co"
"CXAJ","","ATMORE_AGDM","AB","54.7667","-112.8167","1883","co"
"CXAK","","STETTLER_AGDM","AB","52.35","-112.6","2608","co"
"CXBA","","BODO_AGDM","AB","52.1167","-110.1","2254","co"
"CXBD","","BARRHEAD_CS","AB","54.09","-114.45","2126","co"
"CXBR","","BROCKET AGDM","AB","49.62","-113.82","3520","co"
"CXBW","","BARNWELL AGDM","AB","49.8","-112.3","2704","co"
"CXCD","","CLEARDALE_AGDM","AB","56.3","-119.7333","2067","ak"
"CXCP","","CHAMPION_AGDM","AB","50.28","-113.35","3300","co"
"CXCS","","CONSORT_AGDM","AB","51.9333","-110.7167","2532","co"
"CXDB","","DEL_BONITA_AGDM","AB","49.05","-112.8167","4298","co"
"CXDP","","DAPP AGDM","AB","54.32","-113.95","2015","co"
"CXEG","","EDMONTON_INTERNATION","AB","53.3","-113.6","2345","co"
"CXEL","","EGG_ISLAND","AB","58.9667","-110.4333","705","ak"
"CXFM","","FOREMOST_AGDM","AB","49.4833","-111.4833","2890","co"
"CXFR","","FAIRVIEW AGDM","AB","56.08","-118.44","2148","ak"
"CXFV","","FT_VERMILLION","AB","58.3833","-116.0333","948","ak"
"CXHD","","HOLDEN_AGDM","AB","53.1833","-112.25","2257","co"
"CXHP","","HIGH_PRAIRIE_AGDM","AB","55.4","-116.4833","1975","co"
"CXHR","","HUSSAR AGDM","AB","51.18","-112.5","3187","co"
"CXKM","","KILLAM AGDM","AB","52.85","-111.87","2214","co"
"CXMG","","MANNING_AGDM","AB","56.9667","-117.45","1499","ak"
"CXMN","","MASINASIN AGDM","AB","49.13","-111.66","3107","co"
"CXMO","","MORRIN_AGDM","AB","51.6667","-112.6833","2742","co"
"CXMW","","MEDICINE HAT RCS","AB","50.03","-110.72","2354","co"
"CXND","","NORDEGG_CS","AB","52.4708","-116.0772","4469","co"
"CXOL","","OLDS_AGDM","AB","51.7667","-114.0833","3431","co"
"CXOY","","OYEN AGDM","AB","51.38","-110.35","2515","co"
"CXPA","","PEORIA AGDM","AB","55.62","-118.29","2038","co"
"CXPL","","POLLOCKVILLE_AGDM","AB","51.1333","-111.7","2460","co"
"CXPS","","EDMONTON_STONY_PLAIN","AB","53.55","-114.1","2513","co"
"CXPV","","PRARIE_RIVER","AB","58.6167","-111.6667","695","ak"
"CXRL","","RICH LAKE AGDM","AB","54.5","-111.7","1919","co"
"CXSC","","SCHULER AGDM","AB","50.31","-110.09","2624","co"
"CXSL","","SMOKY_LAKE_AGDM","AB","54.2833","-112.5","2231","co"
"CXSP","","ST_PAUL_AGDM","AB","54","-111.2667","2129","co"
"CXSR","","SPIRIT RIVER","AB","55.7","-119.23","3330","co"
"CXTH","","TWO HILLS AGDM","AB","53.63","-111.68","2224","co"
"CXVG","","VIOLET GROVE CS","AB","53.15","-115.12","2963","co"
"CXVM","","VERMILION_AGDM","AB","53.35","-110.8833","2044","co"
"CXVW","","VALLEYVIEW_AGDM","AB","55.1","-117.2","2290","co"
"CXWM","","WRENTHAM AGDM","AB","49.5","-112.12","3097","co"
"CYBA","YBA","BANFF","AB","51.1833","-115.5667","4583","co"
"CYBW","YBW","CALGARY/SPRINGBAN","AB","51.1","-114.3667","3937","co"
"CYCT","YCT CWCT","CORONATION","AB","52.0667","-111.45","2595","co"
"CYED","YED","EDMONTON/NAMAO","AB","53.6667","-113.4667","2257","co"
"CYEG","YEG","EDMONTON","AB","53.3167","-113.5833","2219","co"
"CYET","YET","EDSON","AB","53.5833","-116.45","3035","co"
"CYJA","YJA YOU CWJA","JASPER","AB","52.8833","-118.0667","3481","co"
"CYLL","YLL","LLOYDMINISTER","AB","53.3167","-110.0667","2195","co"
"CYMM","YMM CXMM","FT MCMURRAY","AB","56.65","-111.2167","1211","ak"
"CYOD","YOD","COLD LAKE","AB","54.4167","-110.2833","1775","co"
"CYOJ","YOJ","HIGH LEVEL","AB","58.6167","-117.1667","1109","ak"
"CYPE","YPE","PEACE RIVER","AB","56.2333","-117.4333","1873","ak"
"CYPY","YPY","FORT CHIPEWYAN","AB","58.7667","-111.1167","761","ak"
"CYQF","YQF","RED DEER","AB","52.1833","-113.9","2969","co"
"CYQL","YQL","LETHBRIDGE","AB","49.6333","-112.8","3048","co"
"CYQU","YQU","GRANDE PRAIRIE","AB","55.1833","-118.8833","2195","co"
"CYSD","","SUFFIELD_AIRPORT","AB","50.27","-111.18","2526","co"
"CYVG","YVG","VERMILION","AB","53.35","-110.8333","2041","co"
"CYXD","YXD CXEC","EDMONTON","AB","53.5667","-113.5167","2513","co"
"CYXH","YXH","MEDICINE HAT","AB","50.0167","-110.7167","2352","co"
"CYYC","YYC","CALGARY","AB","51.1167","-114.0167","3556","co"
"CYZH","YZH","SLAVE LAKE","AB","55.3","-114.7833","1906","co"
"CYZU","YZU CXZU","WHITECOURT","AB","54.15","-115.7833","2566","co"
"CZDY","ZDY","COAL VALLEY","AB","53.0833","-116.8167","4675","co"
"CZMU","","MUNDARE","AB","53.5667","-112.3","2246","co"
"CZOL","","OLIVER","AB","53.6424","-113.3626","2181","co"
"CZPC","ZPC WMP","PINCHER CREEK ARP","AB","49.5167","-113.9833","3904","co"
"CZPN","ZPN","PINCHER CREEK AUT","AB","49.5167","-114","3904","co"
"CZPS","","PRENTISS","AB","52.4333","-113.6","3166","co"
"CZVL","","EDMONTON/VILLENEUVE","AB","53.6675","-113.8544","2251","co"
"CZWN","","WAINWRIGHT_(AUTO8)","AB","52.8167","-111.1","2244","co"
"CZZJ","","EDSON_CR10","AB","53.578","-116.47","3040","co"
"TAPA","","COOLIDGE/ST JOHNS","AG","17.1167","-61.7833","62","oc"
"46001","6001","GULF OF ALASKA","AK","56.2956","-148.02","16","ak oc"
"46035","","BERING SEA","AK","57.07","-177.75","33","ak oc"
"46060","","WEST ORCA BAY","AK","60.584","-146.7839","16","ak oc"
"46061","","SEAL ROCKS","AK","60.2178","-146.8249","16","ak oc"
"46066","","SOUTH ALEUTIANS","AK","52.6958","-154.9836","16","ak oc"
"46070","","SW BERING SEA","AK","55.0031","175.2839","16","ak oc"
"46071","","WESTERN ALEUTIANS","AK","51.17","179.0183","16","ak oc"
"46072","","CENTRAL ALEUTIANS","AK","51.6267","-172.1571","16","ak oc"
"46073","","SE BERING SEA","AK","54.9417","-172.0288","33","ak oc"
"46075","","SHUMAGIN ISLANDS","AK","53.925","-160.8058","16","ak oc"
"46076","","CAPE CLEARE","AK","59.4994","-147.9996","16","ak oc"
"46077","","SHELIKOF STRAIT","AK","57.92","-154.2542","16","ak oc"
"46078","","ALBATROSS BANKS","AK","56.0536","-152.4507","16","ak oc"
"46080","","PORTLOCK BANK","AK","57.924","-149.865","16","ak oc"
"46081","","W PR WILLIAM SOUND","AK","60.7964","-148.2811","16","ak"
"46082","","CAPE SUCKLING","AK","59.685","-143.4211","16","ak oc"
"46083","","FAIRWEATHER GROUND","AK","58.2425","-138.0055","16","ak oc"
"46084","","CAPE EDGECUMBE","AK","56.612","-136.065","16","ak oc"
"46085","","CNTL GULF OF AK BUOY","AK","55.8547","-142.5586","16","ak oc"
"500657","","BEAVER FALLS","AK","55.3833","-131.4667","35","ak"
"501251","","CANYON ISLAND","AK","58.55","-133.6789","20","ak"
"502179","","CORDOVA WWTP","AK","60.5358","-145.7779","10","ak"
"503650","","HOLLIS","AK","55.4822","-132.65","40","ak"
"7BJWC","","CAPE FANSHAW FAA","AK","57.1854","-133.5736","25","ak oc"
"A43WC","","GRAVE POINT FAA","AK","58.0623","-134.051","29","ak"
"ACRA2","","ANTLER CREEK","AK","63.8096","-148.9647","1818","ak"
"ADKA2","","ADAK ISLAND","AK","51.8633","-176.6317","22","ak oc"
"AGLA2","","ANGEL CREEK","AK","65.02","-146.228","1100","ak"
"AHP","507557","PORT ALEXANDER","AK","56.2472","-134.6447","12","ak oc"
"AJKA2","","JUNEAU WFO","AK","58.4003","-134.5694","106","ak"
"ALHA2","","ALCAN HWY MI-1244","AK","62.8333","-141.4094","1900","ak"
"ALSA2","","PORT ALSWORTH","AK","60.1962","-154.32","321","ak"
"AMAA2","","EAST AMATULI LT","AK","58.915","-151.9516","109","ak oc"
"ANTA2","","ANCHORAGE","AK","61.2376","-149.8901","23","ak oc"
"ANXA2","","ANNEX CREEK POWERHOU","AK","58.3193","-134.0988","92","ak"
"ARCA2","","ARCTIC VALLEY","AK","61.2453","-149.5189","3597","ak"
"ASIA2","","ASIK","AK","67.4749","-162.2664","1329","ak"
"ATGA2","","ATIGUN PASS","AK","68.1298","-149.4781","4800","ak"
"AUGA2","","AUGUSTINE ISLAND","AK","59.3783","-153.3483","35","ak oc"
"AUKA2","","AUKE BAY","AK","58.3814","-134.645","42","ak"
"AWRA2","","HELMUT MTN.","AK","67.7461","-144.1708","2895","ak"
"BDVA2","","BROADVIEW","AK","60.4935","-149.7567","631","ak"
"BENA2","","BEN CREEK","AK","65.2964","-143.0723","1850","ak"
"BGLA2","","BERING GLACIER","AK","60.1186","-143.2833","75","ak oc"
"BGQA2","","BIG LAKE","AK","61.5183","-149.9084","175","ak"
"BIRA2","","BIRCH CREEK","AK","65.5846","-144.3635","850","ak"
"BKCA2","","BLACK RAPIDS","AK","63.5209","-145.8408","2430","ak"
"BKLA2","","BUCKLAND UPLANDS","AK","65.9062","-160.8697","400","ak"
"BKSA2","","BLAIR LAKES","AK","64.3858","-147.6952","790","ak"
"BLAA2","","YANTARNI BAY","AK","56.9144","-157.0333","96","ak"
"BLCA2","","BLACK CAPE","AK","58.4067","-152.8863","75","ak oc"
"BLIA2","","BLIGH REEF LIGHT","AK","60.84","-146.88","54","ak"
"BLLA2","","FWSRX1","AK","63.3875","-143.7156","1630","ak"
"BLSA2","","BENTALIT","AK","61.9358","-150.9858","150","ak"
"BLTA2","","BARLET COVE","AK","58.455","-135.8882","16","ak"
"BOXA2","","BOX RIVER","AK","65.2962","-158.9028","1150","ak"
"BQPA2","","BLAQUIERE POINT","AK","56.58","-132.54","66","ak oc"
"BTAA2","","BOLIO","AK","63.8717","-145.852","1647","ak"
"BTLA2","","BOOTH LAKE","AK","57.2678","-154.565","171","ak"
"C6840","","SOUTH FORK EAGLE RIV","AK","61.2272","-149.44","2165","ak"
"CBKA2","","CAMPBELL CREEK","AK","61.1584","-149.7967","157","ak"
"CDEA2","","CAPE DECISION","AK","56.0019","-134.1333","53","ak oc"
"CDVA2","502173","CORDOVA NORTH","AK","60.55","-145.7666","25","ak"
"CFSA2","502227 PCGA","CRAIG","AK","55.4833","-133.15","13","ak"
"CGMA2","","CHIGMIT MTNS","AK","60.2247","-153.4675","4658","ak"
"CHCA2","","CHIEF COVE","AK","57.7298","-153.933","69","ak oc"
"CHMA2","","CHIMNEY LAKE","AK","67.7142","-150.585","3692","ak"
"CHTA2","","CHATANIKA","AK","65.0193","-148.5833","1626","ak"
"CIKA2","","CHALKYITSIK","AK","66.5951","-144.3471","450","ak"
"CKLA2","","CAPE KIAVAK","AK","56.9992","-153.5416","100","ak"
"CKNA2","","CHICKEN","AK","64.0636","-141.9261","2060","ak"
"CKPA2","","CHILKOOT PASS","AK","59.6953","-135.2591","4200","ak"
"CLCA2","","COAL CREEK","AK","65.3041","-143.157","958","ak"
"COHA2","","GLAICER HWY","AK","58.464","-134.7776","253","ak oc"
"CONA2","","THREE FORKS","AK","58.3678","-155.3838","1358","ak"
"COTA2","","COTTONWOOD","AK","65.3499","-155.9352","1310","ak"
"COVA2","","COVILLE","AK","58.8025","-155.5627","1567","ak"
"CPKA2","","CARIBOU PEAK","AK","65.1918","-147.5001","2517","ak"
"CREA2","","CHICKEN CREEK","AK","62.124","-141.8473","5240","ak"
"CRGA2","","CRAIG","AK","55.4739","-133.136","91","ak"
"CRLA2","","CLEARY SUMMIT","AK","65.047","-147.4465","2267","ak"
"CRVA2","","CORDOVA","AK","60.557","-145.755","41","ak"
"CSNA2","","CHISANA","AK","62.0781","-142.0541","3318","ak"
"CSPA2","","CAPE SPENCER","AK","58.1989","-136.6386","87","ak oc"
"CTUA2","","CHITITU","AK","61.2736","-142.6209","4544","ak"
"CXCA2","","CHITINA","AK","61.5212","-144.1978","1232","ak"
"CYTWC","","CAPE YAGATAKA FAA","AK","60.0814","-142.4869","10","ak oc"
"CZOA2","","CHISTOCHINA","AK","62.5653","-144.6647","2300","ak"
"DANA2","","DANGEROUS RIVER AT H","AK","57.4175","-139.0175","78","ak oc"
"DBWA2","","DRY BAY","AK","59.1679","-138.484","29","ak"
"DCVA2","","DAVIES CREEK VALLEY","AK","58.6728","-134.8553","314","ak"
"DELA2","","DELTA","AK","63.3389","-145.8277","2700","ak"
"DHWA2","","DECEPTION HILLS GLAC","AK","59.0906","-138.2146","2190","ak"
"DKLA2","","DUNKLE HILLS","AK","63.3003","-149.5415","2651","ak"
"DOYA2","","DONNELLY","AK","63.8503","-145.7051","1704","ak"
"DRFA2","","DRIFT RIVER TERMINAL","AK","60.5536","-152.1365","57","ak"
"DTLA2","","DELTA JUNCTION","AK","63.6501","-144.0478","1473","ak"
"DVCA2","","DENALI VISITOR CENTE","AK","63.7354","-148.8989","1650","ak"
"DVLA2","","DEVIL MOUNTAIN","AK","66.2759","-164.5308","285","ak"
"DWSA2","","DYEA","AK","59.5119","-135.3468","50","ak"
"EAGA2","","EAGLE SUMMIT","AK","65.4859","-145.4121","3650","ak"
"ECBA2","","EAGLECREST","AK","58.2762","-134.5144","1200","ak"
"EGHA2","","EDGARTON HIGHWAY","AK","61.7088","-145.1622","2080","ak"
"EGYA2","","EAGLE","AK","64.7762","-141.1637","880","ak"
"ELFA2","","ELFIN COVE","AK","58.1947","-136.3469","0","ak"
"ELLA2","","ELLA CREEK","AK","65.2752","-163.82","2300","ak"
"EROA2","","ELDRED ROCK","AK","58.9711","-135.2196","61","ak"
"ERVA2","","EAGLE RIVER","AK","61.2725","-149.3661","372","ak"
"EVCA2","","EIELSON VISTOR CENTE","AK","63.4309","-150.3107","3653","ak"
"FAFA2","","PFAFF MINE","AK","59.1108","-154.8366","2018","ak"
"FFIA2","","FIVE FINGER","AK","57.27","-133.631","70","ak oc"
"FILA2","","FLAT ISLAND LIGHT","AK","59.3317","-151.995","59","ak oc"
"FLLA2","","FAWN LAKE DAM","AK","55.3507","-131.6209","351","ak"
"FLOA2","","FLOWER MOUNTAIN","AK","59.4","-136.2833","2500","ak"
"FPKA2","","FOURPEAKED","AK","58.7058","-153.518","1074","ak oc"
"FRBA2","","FAIRBANKS","AK","64.8487","-147.5744","449","ak"
"FTSA2","","SUMMIT LAKE LODGE","AK","60.6403","-149.5004","1358","ak"
"FWLA2","","FAREWELL","AK","62.7239","-154.0764","723","ak"
"FYRA2","","FT. YUKON","AK","66.57","-145.2508","465","ak"
"GAHA2","","GLENN ALPS","AK","61.0992","-149.6902","2192","ak"
"GDPA2","","GOODPASTURE","AK","64.2381","-145.2669","1520","ak"
"GECA2","","GEORGE CREEK RAWS","AK","63.8375","-144.3502","1525","ak"
"GGLA2","","GATES GLACIER","AK","61.6029","-143.0132","4060","ak"
"GIXA2","","GUARD ISLAND","AK","55.4465","-131.8813","10","ak oc"
"GKRA2","","GLENN HIGHWAY KNIK R","AK","61.4939","-149.2447","79","ak"
"GLIA2","","LONE ISLAND","AK","58.7219","-136.295","85","ak oc"
"GNLA2","","NUNATAK LOWER","AK","58.9778","-136.1009","15","ak"
"GNUA2","","NUNATAK UPPER","AK","58.9838","-136.1003","941","ak"
"GOTA2","","GOAT LAKE","AK","59.5263","-135.1872","2925","ak"
"GPOA2","","GULL RIVER","AK","62.8569","-145.6167","2500","ak"
"GQIA2","","QUEEN INLET","AK","58.9173","-136.5846","1045","ak"
"GRAA2","","GRANITE","AK","60.7269","-149.2896","669","ak"
"GRFA2","","GRAPHITE LAKE","AK","67.0289","-143.2978","764","ak"
"GRZA2","","GRAZELKA RANGE","AK","61.2247","-149.6913","453","ak"
"GYHA2","","GLENN HWY MP 176.6","AK","62.1065","-145.853","2113","ak"
"HADA2","","HAIDA","AK","55.33","-132.6675","671","ak"
"HAYA2","","HAYCOCK","AK","65.1961","-161.0709","405","ak"
"HBRA2","","HERBERT RIVER","AK","58.5239","-134.795","21","ak"
"HCSA2","","HAINES 40NW","AK","59.4508","-136.3611","820","ak"
"HDOA2","","HOODOO HILL","AK","65.595","-163.4113","1495","ak"
"HFHA2","503605","HIDDEN FALLS HATCHER","AK","57.2167","-134.8667","22","ak"
"HHKA2","QCHWC","KLEHINI","AK","59.4387","-136.2727","604","ak"
"HHWA2","","HAINES CHILKAT RVR B","AK","59.4156","-135.9311","122","ak"
"HICA2","","HICKERSON LAKE","AK","59.9147","-152.8925","1048","ak"
"HIDA2","","HAWK INLET DOCK","AK","58.0986","-134.76","30","ak"
"HMEA2","","HOMER","AK","59.7492","-151.201","854","ak"
"HMSA2","","HOMER SPIT","AK","59.602","-151.417","62","ak oc"
"HOGA2","","HOGATZA RIVER","AK","66.2167","-155.6666","685","ak"
"HONA2","","HOONAH","AK","57.8","-135.1333","450","ak"
"HOWA2","","HOWARD PASS","AK","68.156","-156.8958","2062","ak"
"HOZA2","","HODZANA","AK","66.7375","-148.6812","1075","ak"
"HRDA2","","HARDING ICEFIELD","AK","60.1325","-149.782","4300","ak"
"HYDA2","","HYDER","AK","55.9152","-130.0269","40","ak"
"HYLAW","","HARRIS RIVER PASS FA","AK","55.4586","-132.8437","265","ak"
"ICYA2","","ICY BAY","AK","59.9234","-141.3586","49","ak"
"IGKA2","","INIGOK AIRFIELD","AK","70.0036","-153.0837","168","ak"
"IMYA2","","IMELYAK","AK","67.546","-157.069","3569","ak"
"ITKA2","","SITKA","AK","57.052","-135.342","16","ak"
"JBRA2","","JBER","AK","61.3819","-149.6501","262","ak"
"JCKA2","","JARVIS CREEK","AK","63.9442","-145.5975","1442","ak"
"JFBA2","","JUNEAU FEDERAL BUILD","AK","58.3014","-134.4211","85","ak"
"JLPA2","","JUNEAU LENA POINT","AK","58.3867","-134.7661","20","ak"
"JMLA2","","JUNEAU AML DOCK","AK","58.286","-134.39","69","ak"
"JMSA2","","JUNEAU MILE 17","AK","58.4031","-134.7531","245","ak"
"JNEA2","","JUNEAU","AK","58.298","-134.412","28","ak"
"JNRA2","","JUNEAU RD","AK","58.3622","-134.5711","25","ak"
"JSMA2","","SHEEP MOUNTAIN","AK","58.2867","-134.2644","3390","ak"
"JTMA2","","MOUNT ROBERTS","AK","58.2971","-134.386","1736","ak"
"KAIA2","","KAIYUH","AK","64.4256","-158.1058","110","ak"
"KANA2","","KANUTI NWR","AK","66.0933","-152.17","825","ak"
"KAUA2","","KALUICH","AK","67.5734","-158.4317","2486","ak"
"KAVA2","","KAVET CREEK","AK","67.1375","-159.0461","235","ak"
"KCCWC","","COFFMAN COVE FAA","AK","56.0062","-132.815","295","ak"
"KDAA2","","KODIAK ISLAND","AK","57.73","-152.514","38","ak oc"
"KECA2","","KETCHIKAN","AK","55.333","-131.625","27","ak"
"KELA2","","KELLY","AK","67.9297","-162.2958","382","ak"
"KGCA2","","KING COVE","AK","55.062","-162.327","16","ak oc"
"KILA2","","KILBUCK","AK","60.3219","-160.1877","1928","ak"
"KKEA2","","KAKE","AK","56.9739","-133.66","400","ak oc"
"KLAA2","","KLAWASI","AK","62.2167","-144.9948","2513","ak"
"KLIA2","","KILLIK PASS","AK","67.9835","-155.013","4360","ak"
"KLNA2","","KLONDIKE HWY AT BORD","AK","59.6296","-135.1642","3287","ak"
"KLWA2","","HOLLIS","AK","55.4833","-132.6667","15","ak"
"KMVA2","","KENSINGTON MINE VALL","AK","58.8451","-135.0501","996","ak"
"KNAA2","","KENAI NWR","AK","60.5985","-150.3081","462","ak oc"
"KNLA2","","KENAI LAKE","AK","60.4103","-149.3668","470","ak"
"KOYA2","","KOYUKUK NWR","AK","66.0035","-157.5684","1264","ak"
"KTAA2","","KETCHIKAN 13N","AK","55.453","-131.8188","295","ak oc"
"KTBWC","","THORNE BAY FAA","AK","55.686","-132.5287","36","ak"
"KTNA2","","BEAVER FALLS","AK","55.3802","-131.4709","72","ak"
"KTNBW","","MINX ISLAND FAA","AK","55.1428","-131.2171","14","ak oc"
"KTNCW","","TWIN ISLAND FAA","AK","55.383","-131.2665","14","ak"
"KTZA2","","NOATAK","AK","68.0708","-158.7041","985","ak"
"KUGA2","","KUGURUROK","AK","68.3167","-161.4919","1020","ak"
"KXAWC","","KASAN FAA","AK","55.5395","-132.4036","36","ak"
"LBKA2","","LITTLE BLACK","AK","66.0914","-143.3672","1300","ak"
"LBWA2","","LITUYA BAY","AK","58.6266","-137.6579","12","ak oc"
"LCNA2","","LINCOLN ROCK","AK","56.0569","-132.6961","25","ak"
"LGCA2","","CAMP 17 AT LEMON GLA","AK","58.3674","-134.3658","4150","ak"
"LGKA2","","LITTLE GRANITE CREEK","AK","61.7337","-148.8177","939","ak"
"LIVA2","","LIVENGOOD","AK","65.4236","-148.7216","450","ak"
"LIXA2","","LITTLE ISLAND","AK","58.5401","-135.0471","10","ak"
"LLKA2","","LONG LAKE","AK","58.186","-133.8322","820","ak"
"LMHA2","","LAKE MINCHUMINA","AK","63.8875","-152.3058","740","ak"
"LPWA2","","LITTLE PORT WALTER","AK","56.388","-134.637","8","ak oc"
"LSTA2","","LOST CREEK","AK","66.0425","-147.9713","700","ak"
"LVDWC","","LEVEL ISLAND FAA","AK","56.4674","-133.083","85","ak"
"LVIA2","","CAMP 18 AT VAUGHN LE","AK","58.835","-134.2766","5500","ak"
"MANA2","","MANCHU","AK","64.6968","-147.0168","674","ak"
"MCKA2","","MAY CREEK","AK","61.3475","-142.7057","1579","ak"
"MCPA2","","MCARTHUR PASS","AK","59.4725","-150.3336","1266","ak oc"
"MCWA2","","FLAT","AK","62.8228","-156.6138","1480","ak"
"MHPA2","","MITKOF HWY PERTERSBU","AK","56.7005","-132.9368","61","ak"
"MITA2","","MIDNIGHT MOUNTAIN","AK","65.8203","-164.5427","2267","ak"
"MJWA2","","MOUNT JUNEAU","AK","58.3204","-134.4331","2434","ak"
"MKLA2","","MCKINLEY RIVER","AK","63.6487","-151.6417","863","ak"
"MMRA2","","MARMOT RIDGE","AK","61.7816","-149.2545","4500","ak"
"MNOA2","","MT. NOAK","AK","67.1414","-162.9945","809","ak oc"
"MOGA2","","MOTHER GOOSE","AK","57.1821","-157.2708","79","ak"
"MREA2","","MOORE CREEK BRIDGE","AK","59.5878","-135.2105","2247","ak"
"MRKA2","","MIDDLE ROCK LIGHT","AK","61.0817","-146.6617","36","ak"
"MRNA2","","MARMION ISLAND","AK","58.198","-134.257","23","ak"
"MRYA2","","MARY ISLAND","AK","55.099","-131.182","26","ak oc"
"MVXA2","","MENDENHALL VALLEY","AK","58.3642","-134.606","25","ak"
"NCKA2","","NINILCHIK","AK","60.0099","-151.5399","361","ak oc"
"NDIA2","","N. DOUGLAS","AK","58.3367","-134.5629","147","ak"
"NHPA2","","NENANA HILLS","AK","64.7077","-148.6322","1421","ak"
"NKOA2","","INNOKO FLATS","AK","63.383","-158.8237","933","ak"
"NKTA2","","NIKISKI","AK","60.6825","-151.3983","26","ak oc"
"NKXA2","","NAKED ISLAND","AK","58.2553","-134.9449","10","ak"
"NMTA2","","NORTON SOUND/NOME","AK","64.499","-165.425","24","ak"
"NRBA2","","NINILCHIK RIVER","AK","60.0477","-151.6589","98","ak oc"
"NRUA2","","NORUTAK LAKE","AK","66.8284","-154.3234","800","ak"
"OKLA2","","OKLAHOMA","AK","63.9746","-146.5502","2314","ak"
"OLSA2","","NOKOLSKI","AK","52.941","-168.871","28","ak oc"
"OSLA2","","NIKOLSKI","AK","52.9406","-168.8713","0","ak oc"
"P5AI","5AI","ATIGUN","AK","68.1833","-149.4167","3386","ak"
"P5CD","5CD","CHANDALAR SHELF","AK","68.0667","-149.5833","3222","ak"
"P5HN","5HN","C.HINCHINBROOK(AMOS)","AK","60.2333","-146.65","184","ak oc"
"PAAD","","POINT THOMPSON","AK","70.136","-146.2901","26","ak"
"PAAK","","ATKA","AK","52.2203","-174.2063","56","ak oc"
"PAAP","","PORT_ALEXANDER","AK","56.25","-134.65","3","ak oc"
"PAAQ","PAQ","PALMER","AK","61.6","-149.0833","240","ak"
"PABA","BTI","BARTER IS.","AK","70.1339","-143.5769","7","ak"
"PABE","BET","BETHEL","AK","60.7833","-161.8","150","ak"
"PABI","BIG","BIG DELTA/DELTA JUNC","AK","64","-145.7333","1274","ak"
"PABL","","BUCKLAND","AK","65.9815","-161.1491","29","ak"
"PABN","506147 IBN AK21","NABESNA","AK","62.3978","-142.9961","2900","ak"
"PABR","BRW","BARROW","AK","71.2848","-156.7685","49","ak"
"PABT","BTT","BETTLES","AK","66.9167","-151.5167","643","ak"
"PABV","","BIRCHWOOD","AK","61.42","-149.52","95","ak"
"PACA","CSP","CAPE SPENCER","AK","58.2","-136.6333","89","ak oc"
"PACD","CDB","COLD BAY","AK","55.2208","-162.7278","103","ak oc"
"PACE","","CENTRAL","AK","65.5739","-144.7809","938","ak"
"PACM","","SCAMMON BAY","AK","61.8453","-165.5713","14","ak"
"PACP","5CE","CAPE ST ELIAS  AMOS","AK","59.8","-144.6","59","ak oc"
"PACR","WCR","CIRCLE CITY","AK","65.827","-144.0762","597","ak"
"PACS","CSH","CAPE SARICHEF","AK","54.6","-164.9333","174","ak oc"
"PACV","CDV","CORDOVA","AK","60.5","-145.5","42","ak"
"PACY","CYT","YAKATAGA","AK","60.0833","-142.5","26","ak oc"
"PACZ","","CAPE ROMANZOF  AWOS","AK","61.7833","-166.0333","479","ak"
"PADE","","DEERING","AK","66.07","-162.77","16","ak"
"PADG","","RED DOG","AK","68.0321","-162.8992","974","ak"
"PADK","ADK","ADAK IS.","AK","51.8833","-176.65","13","ak oc"
"PADL","DLG","DILLINGHAM (AMOS)","AK","59.05","-158.5167","95","ak"
"PADM","","MARSHALL","AK","61.8643","-162.0261","103","ak"
"PADQ","ADQ","KODIAK","AK","57.75","-152.5167","111","ak oc"
"PADT","5SZ","SLANA AIRPORT","AK","62.7089","-143.9811","2395","ak"
"PADU","DUT","DUTCH HARBOR/UNAK.","AK","53.9","-166.5333","12","ak oc"
"PAEC","","CHULITNA","AK","62.8833","-149.8333","1250","ak"
"PAED","","ELMENDORF AFB","AK","61.25","-149.8","193","ak"
"PAEG","","EAGLE","AK","64.7764","-141.1606","880","ak"
"PAEH","","CAPE NEWENHAM AWOS","AK","58.65","-162.0667","528","ak oc"
"PAEI","502707 EIL EILAK","EIELSON FIELD","AK","64.6667","-147.1","547","ak"
"PAEL","502785 ELV","ELFIN COVE","AK","58.2","-136.6667","20","ak oc"
"PAEM","","EMMONAK","AK","62.77","-164.5","10","ak"
"PAEN","ENA","KENAI","AK","60.5667","-151.25","95","ak oc"
"PAER","","MERRILL PASS WEST","AK","61.25","-153.82","1175","ak"
"PAFA","FAI","FAIRBANKS","AK","64.8167","-147.8667","454","ak"
"PAFB","","WAINWRIGHT_AAF","AK","64.83","-147.62","449","ak"
"PAFC","AFC","ANCHORAGE","AK","61.1667","-150.0333","157","ak oc"
"PAFE","KAE","KAKE","AK","56.9667","-133.9499","0","ak oc"
"PAFG","AFG","FAIRBANKS  WFO","AK","64.8","-147.8833","459","ak"
"PAFK","","FAREWELL LAKE","AK","62.54","-153.62","1053","ak"
"PAFM","","AMBLER","AK","67.1","-157.85","289","ak"
"PAFR","","FORT RICHARDSON","AK","61.2667","-149.65","377","ak"
"PAFS","","NIKOLAI","AK","63.0186","-154.3584","441","ak"
"PAFV","FVM","FIVE MILE CAMP","AK","65.9333","-149.8333","509","ak"
"PAFW","FWL","FAREWELL","AK","62.5167","-153.8833","1503","ak"
"PAGA","","GALENA","AK","64.7333","-156.9333","160","ak"
"PAGB","GBH","GALBRAITH LAKE","AK","68.4833","-149.4833","2661","ak"
"PAGH","SHG","SHUNGNAK ARPT","AK","66.8881","-157.1624","197","ak"
"PAGK","GKN","GULKANA (AMOS)","AK","62.15","-145.45","1579","ak"
"PAGL","","GOLOVIN","AK","64.55","-163.03","26","ak"
"PAGM","GAM","GAMBELL  (AWOS)","AK","63.7833","-171.75","25","ak"
"PAGN","AGN","ANGOON","AK","57.5","-134.5833","36","ak"
"PAGS","GST","GUSTAVAS","AK","58.4167","-135.7333","30","ak"
"PAGY","SGY","SKAGWAY","AK","59.4544","-135.3263","21","ak"
"PAHC","","HOLY CROSS","AK","62.1883","-159.7749","70","ak"
"PAHE","5GN","TAHNETA PASS","AK","61.8167","-147.55","2622","ak"
"PAHL","PAHS","HUSLIA","AK","65.6979","-156.3514","213","ak"
"PAHN","Z26 PZ26","HAINES","AK","59.2439","-135.5094","16","ak"
"PAHO","HOM","HOMER","AK","59.6333","-151.5","73","ak oc"
"PAHP","","HOOPER_BAY_(AWOS)","AK","61.5242","-166.1468","16","ak"
"PAHV","","HEALY_RIVER_AIRPORT","AK","63.8661","-148.9689","1293","ak"
"PAHX","","SHAGELUK","AK","62.6923","-159.5692","79","ak"
"PAHY","","HYDABURG_SEAPLANE","AK","55.2","-132.83","0","ak"
"PAHZ","","HAYES RIVER","AK","61.98","-152.08","1001","ak"
"PAIG","5HR","IGIUGIG","AK","59.324","-155.9018","90","ak"
"PAII","","EGEGIK(AWOS)","AK","58.1853","-157.3856","92","ak"
"PAIK","","KIANA","AK","66.976","-160.4365","160","ak"
"PAIL","","ILIAMNA (AMOS)","AK","59.75","-154.9167","161","ak"
"PAIM","ILI","INDIAN MTN AWOS","AK","65.9927","-153.7034","1260","ak"
"PAIN","","MCKINLEY PARK OBS","AK","63.7326","-148.9106","1719","ak"
"PAIW","","WALES","AK","65.6226","-168.0949","26","ak"
"PAJB","5MK","BIORKA ISLAND","AK","56.85","-135.55","49","ak oc"
"PAJC","Z21","CHIGNIK","AK","56.32","-158.36","49","ak oc"
"PAJK","","JUNEAU  WFO","AK","58.3783","-134.5986","30","ak"
"PAJN","AJK","JUNEAU","AK","58.3667","-134.5833","24","ak"
"PAJO","JNU","JOHNSTONE POINT","AK","60.4833","-146.6","26","ak oc"
"PAJV","508915 JVM AK42","SUTTON 2 E","AK","61.7167","-148.8833","550","ak"
"PAJZ","","KOLIGANEK","AK","59.727","-157.259","269","ak"
"PAKF","","FALSE PASS ARPT","AK","54.8475","-163.4103","20","ak oc"
"PAKH","","AKHIOK","AK","56.939","-154.183","42","ak"
"PAKI","","KIPNUK AIRPORT","AK","59.933","-164.031","9","ak"
"PAKK","","KOYUK","AK","64.9333","-161.15","120","ak"
"PAKN","AKN","KING SALMON","AK","58.6836","-156.6539","49","ak"
"PAKO","AKN","NIKOLSKI (RAMOS)","AK","52.95","-168.85","70","ak oc"
"PAKP","IKO","ANAKTUVUK (RAMOS)","AK","68.1336","-151.7433","2103","ak"
"PAKT","AKP","KETCHIKAN      ASOS","AK","55.35","-131.7","92","ak"
"PAKU","KTN","KUPARUK_AIRPORT","AK","70.32","-149.58","66","ak"
"PAKV","","KALTAG","AK","64.32","-158.73","200","ak"
"PAKW","","KLAWOCK_(ASOS)","AK","55.58","-133.08","59","ak"
"PALG","","KALSKAG","AK","61.5363","-160.3413","55","ak"
"PALH","","LAKE_HOOD_SEAPLANE","AK","61.18","-149.97","72","ak oc"
"PALJ","","PORT ALSWORTH","AK","60.2","-154.3","266","ak"
"PALK","Z30","SNOWSHOE LAKE","AK","62.0333","-142.6667","2412","ak"
"PALP","5SO","DEADHORSE/ALPINE AIR","AK","70.3443","-150.9447","16","ak"
"PALR","","CHANDALAR_LAKE","AK","67.5","-148.48","1919","ak"
"PALU","","CAPE LISBURNE AFS","AK","68.8833","-166.1332","10","ak"
"PALV","","BIG RIVER LAKE","AK","60.8167","-152.3","40","ak"
"PAMA2","","PAMICHTUK LAKE","AK","67.7663","-152.1642","3135","ak"
"PAMB","","MANOKOTAK AIRPORT","AK","58.9902","-159.0499","52","ak"
"PAMC","MCG","MCGRATH","AK","62.9561","-155.6058","338","ak"
"PAMD","MCG","MIDDLETON (AMOS)","AK","59.4333","-146.3333","46","ak oc"
"PAMH","MDO","MINCHUMINA","AK","63.8833","-152.2833","702","ak"
"PAMK","","ST_MICHAEL","AK","63.4901","-162.1104","92","ak oc"
"PAML","MHM","MANLEY HOT SPRING","AK","65","-150.65","280","ak"
"PAMM","MLY","METLAKATLA","AK","55.1311","-131.5781","0","ak oc"
"PAMO","","MOUNTAIN VILLAGE","AK","62.0954","-163.6821","335","ak"
"PAMR","","MERRILL FLD APRT","AK","61.2167","-149.8333","135","ak oc"
"PAMX","MRI","MCCARTHY","AK","61.4333","-142.9167","1532","ak"
"PAMY","","MEKORYUK","AK","60.37","-166.27","49","ak oc"
"PANA","","NAPAKIAK","AK","60.6903","-161.9785","18","ak"
"PANC","ANC","ANCHORAGE","AK","61.1697","-150.0261","132","ak oc"
"PANI","ANC","ANIAK (AMOS)","AK","61.5833","-159.5333","85","ak"
"PANN","ANI","NENANA (AMOS)","AK","64.55","-149.0833","367","ak"
"PANR","ENN","FUNTER BAY","AK","58.25","-134.9","7","ak"
"PANT","ANN","ANNETTE ISLAND ASOS","AK","55.0333","-131.5667","110","ak oc"
"PANV","ANN","ANNIK_AIRPORT","AK","62.65","-160.18","325","ak"
"PANW","","NEW_STUYAHOK","AK","59.45","-157.328","301","ak"
"PAOH","HNH","HOONAH AP","AK","58.0961","-135.4097","19","ak"
"PAOM","HNH","NOME","AK","64.5119","-165.4356","22","ak"
"PAOO","OME","TOKSOOK BAY","AK","60.533","-165.114","59","ak"
"PAOR","","NORTHWAY","AK","62.95","-141.9333","1721","ak"
"PAOT","ORT","KOTZEBUE","AK","66.8667","-162.6332","16","ak oc"
"PAOU","OTZ","NELSON LAGOON","AK","56.0075","-161.1604","14","ak oc"
"PAPB","","ST_GEORGE_ISLAND_(AS","AK","56.58","-169.67","115","ak oc"
"PAPC","","PORT CLARENCE","AK","65.25","-166.8667","16","ak oc"
"PAPG","KPC","PETERSBURG","AK","56.8167","-132.95","5","ak"
"PAPH","PSG","PORT HEIDEN (AMOS","AK","56.95","-158.6167","95","ak oc"
"PAPM","","PLATINUM","AK","59.0114","-161.8197","16","ak oc"
"PAPN","PTH","PILOT POINT","AK","57.5804","-157.572","57","ak"
"PAPO","","POINT_HOPE_(AWOS)","AK","68.3487","-166.7992","13","ak"
"PAPP","","PROSPECT CREEK","AK","66.8167","-150.65","1099","ak"
"PAPT","","PUNTILLA","AK","62.11","-152.75","1837","ak"
"PAQH","","QUINHAGAK","AK","59.7551","-161.8454","43","ak"
"PAQT","","NUIQSUT AIRPORT","AK","70.22","-150.98","56","ak"
"PARC","","ARCTIC_VILLAGE","AK","68.1146","-145.5794","2092","ak"
"PARD","","REDDOG","AK","68.0314","-162.9031","974","ak"
"PARL","","CENTRAL AIRPORT","AK","65.58","-144.78","932","ak"
"PARS","","RUSSIAN MISSION","AK","61.7749","-161.3194","51","ak"
"PARY","","RUBY AIRPORT","AK","64.7272","-155.4699","652","ak"
"PASA","","SAVOONGA ARPT","AK","63.6833","-170.5","52","ak"
"PASC","502316 SCC","DEADHORSE","AK","70.1917","-148.4772","61","ak"
"PASD","SCC","SAND_POINT","AK","55.32","-160.52","23","ak oc"
"PASH","","SHISHMAREF_(AWOS)","AK","66.27","-166.05","7","ak"
"PASI","","SITKA","AK","57.0667","-135.35","67","ak"
"PASK","","SELANIK","AK","66.6001","-159.9857","26","ak"
"PASL","","SLEETMUTE","AK","61.72","-157.15","177","ak"
"PASM","","SAINT_MARY'S_(AWOS)","AK","62.07","-163.3","312","ak"
"PASN","","SAINT PAUL ISLAND","AK","57.15","-170.2167","28","ak oc"
"PASO","SNP","SELDOVIA","AK","59.4467","-151.7043","29","ak oc"
"PASP","","SHEEP MOUNTAIN","AK","61.8167","-147.5069","2750","ak"
"PASS","","SISTERS ISLAND","AK","58.1667","-135.25","36","ak"
"PAST","SSR","SUMMIT (AUTOB)","AK","63.3333","-149.1333","2405","ak"
"PASV","","SPARREVOHN AWOS","AK","61.1","-155.5667","1587","ak"
"PASW","508536 SKW","SKWENTNA","AK","61.9667","-151.1833","150","ak"
"PASX","SKW","SOLDOTNA","AK","60.48","-151.03","108","ak"
"PASY","","SHEMYA AFB","AK","52.7167","174.1","128","ak oc"
"PATA","TAL","TANANA","AK","65.1743","-152.1081","220","ak"
"PATC","TAL","TIN CITY AFS AWOS","AK","65.5667","-167.9167","272","ak"
"PATE","","TELLER","AK","65.2404","-166.3393","297","ak"
"PATG","","TOGIAK VLLGE AWOS","AK","59.05","-160.4","21","ak"
"PATK","TKA","TALKEETNA AIRPORT","AK","62.3","-150.1","356","ak"
"PATL","","TATALINA AFS AWOS","AK","62.9","-155.9667","964","ak"
"PATO","","PORTAGE GLACIER","AK","60.79","-148.83","95","ak"
"PATQ","","ATQASUK","AK","70.4673","-157.4357","96","ak"
"PATU","","ATTU","AK","52.8333","173.1833","69","ak oc"
"PATW","ATU","CANTWELL","AK","63.4","-148.95","2192","ak"
"PAUD","","PRUDHOE_BAY","AK","70.25","-148.33","46","ak"
"PAUM","PUO","UMIAT","AK","69.37","-152.13","279","ak"
"PAUN","","UNALAKLEET(AUTOB)","AK","63.8833","-160.8","20","ak oc"
"PAUO","UNK","WILLOW AIRPORT","AK","61.75","-150.05","220","ak"
"PAUT","","AKUTAN","AK","54.1446","-165.6041","82","ak oc"
"PAVA","","CHEVAK ARPT","AK","61.5408","-165.6009","75","ak"
"PAVC","PUO","KING COVE","AK","55.1163","-162.2662","155","ak oc"
"PAVD","","VALDEZ    SAWRS","AK","61.1333","-146.25","111","ak"
"PAVL","VDZ","KIVALINA","AK","67.73","-164.55","10","ak"
"PAVW","","VALDEZ","AK","61.1333","-146.35","30","ak"
"PAWD","5WD","SEWARD","AK","60.1167","-149.45","59","ak"
"PAWG","5WD","WRANGELL","AK","56.4667","-132.3833","36","ak"
"PAWI","","WAINWRIGHT_(ASOS)","AK","70.6392","-159.9948","39","ak"
"PAWM","","WHITE MOUNTAIN","AK","64.6892","-163.4127","269","ak"
"PAWN","","NOATAK","AK","67.57","-162.98","20","ak"
"PAWR","509829 IEM 5WT","WHITTIER","AK","60.7764","-148.6858","60","ak"
"PAWS","5WT","WASILLA","AK","61.5717","-149.5403","354","ak"
"PAXA2","","POINT ARDEN","AK","58.1593","-134.1779","62","ak"
"PAXK","","PAXSON","AK","63.03","-145.5","2654","ak"
"PAYA","5PX","YAKUTAT","AK","59.5167","-139.6667","31","ak oc"
"PAZK","","EUREKA","AK","61.93","-147.17","3287","ak"
"PBGQ","","BIG LAKE","AK","61.5333","-149.8167","151","ak"
"PBPA2","","POINT BISHOP","AK","58.2025","-134.1478","16","ak"
"PCKA2","","PREACHER CREEK","AK","65.9198","-145.0263","1165","ak"
"PCXF","","COLD FOOT","AK","67.0667","-149.5833","1063","ak"
"PDTK","CXF","DIETRICH","AK","67.6833","-149.7333","1490","ak"
"PEDA2","","PEDERSEN LAGOON","AK","59.8944","-149.7307","625","ak"
"PERO","DTK","ELDRED ROCK(AMOS)","AK","58.9667","-135.2167","56","ak"
"PFCL","","CLARKS POINT","AK","58.8337","-158.5294","79","ak"
"PFEL","","ELIM APRT","AK","64.615","-162.2705","161","ak"
"PFIV","ERO","FIVE FINGER IS.","AK","57.2667","-133.6167","69","ak oc"
"PFKF","FIV","FRANKLIN BLUFF","AK","69.7167","-148.6833","354","ak"
"PFKT","","BREVIG_MISSION","AK","65.3313","-166.4657","30","ak"
"PFKW","","KWETHLUK","AK","60.7903","-161.4437","26","ak"
"PFNO","","NOORVIK","AK","66.8175","-161.0223","56","ak"
"PFSH","","SHAKTOOLIK AIRPORT","AK","64.3711","-161.224","23","ak"
"PFWS","","SOUTH NAKNEK","AK","58.7021","-157.0026","137","ak"
"PFYU","FKF","FT. YUKON (AUTOB)","AK","66.5667","-145.2667","430","ak"
"PGPA2","","PENGUIN PEAK","AK","60.9652","-149.3754","4200","ak"
"PGXA2","","POINT GARDNER MXAK","AK","57.016","-134.618","20","ak oc"
"PHVY","ITO","HAPPY VALLEY","AK","69.15","-148.8167","938","ak"
"PILA2","","PILOT ROCK","AK","59.7417","-149.47","79","ak oc"
"PKPH","KOA","PAULOFF HARBOR","AK","54.4667","-162.7","3","ak oc"
"PLVD","","LEVEL ISLAND","AK","56.4667","-133.1","30","ak"
"PLXA2","","PORT ALEXANDER","AK","56.247","-134.647","18","ak oc"
"PMNA2","","POORMAN","AK","64.0814","-155.5722","935","ak"
"PMOA2","","PORT MOLLER","AK","55.986","-160.574","43","ak oc"
"PMOS","","MOSES POINT","AK","64.7","-162.05","16","ak"
"PMUY","MOS","TOOLIK","AK","68.6333","-149.5667","2402","ak"
"PMZA2","","PT MAC","AK","61.4222","-150.0925","136","ak oc"
"POLN","MUY","OLD MAN","AK","66.45","-150.5833","1276","ak"
"POTA2","","POTATO POINT","AK","61.0567","-146.6967","28","ak"
"PPIT","","NUNAPITCHUK","AK","60.906","-162.4406","13","ak"
"PPIZ","","POINT_LAY(DEW/AWOS)","AK","69.73","-163.02","20","ak"
"PPRT","","PT.RETREAT(RAMOS)","AK","58.4167","-134.95","20","ak"
"PRDA2","","PRUDHOE BAY","AK","70.4","-148.5267","15","ak"
"PRTA2","","POINT RETREAT","AK","58.4117","-134.9531","20","ak"
"PSGA2","","PASAGSHAK","AK","57.53","-152.4591","381","ak oc"
"PSKJ","","SITKINAK ISLAND","AK","56.55","-154.1333","56","ak oc"
"PSMA","SKJ","ANDREAFSKI(RAMOS)","AK","62.05","-163.1667","302","ak"
"PTBA2","","POINT BAKER","AK","56.3533","-133.6214","40","ak oc"
"PTLA2","","PORTLAND ISLAND","AK","58.346","-134.752","23","ak"
"PVIK","","KAVIK RIVER","AK","69.6833","-146.9","640","ak"
"PWAA","","WALES","AK","65.6167","-168.05","16","ak"
"PXKA2","","PAXSON","AK","62.9453","-145.5013","2670","ak"
"PZ27","","CAPE POLE","AK","55.9667","-133.8","3","ak oc"
"QA6BW","","MISTY FJORDS FAA","AK","55.5126","-130.9089","2","ak"
"QRZA2","","QUARTZ CREEK","AK","65.4102","-164.6642","321","ak"
"RAMA2","","RAM CREEK","AK","67.6243","-154.3446","4107","ak"
"RBTA2","","RABBIT CREEK","AK","61.0886","-149.7386","1480","ak oc"
"RDDA2","","RED DOG DOCK","AK","67.577","-164.065","42","ak"
"RDRA2","","REINDEER RIVER","AK","61.7158","-162.6641","179","ak"
"RENA2","","RENEE","AK","62.71","-146.618","3050","ak"
"RHKA2","","KEYSTONE CANYON","AK","61.0591","-145.9343","344","ak"
"RHRA2","","THOMPSON PASS","AK","61.1284","-145.7318","2740","ak"
"RIXA2","","ROCKY ISLAND","AK","58.1774","-135.0515","10","ak"
"RNDA2","","ROUND LAKE","AK","64.6847","-153.94","570","ak"
"ROCA2","","ROCK CREEK LOWER","AK","63.7351","-149.0091","3238","ak"
"RRWA2","","RIPINSKY RIDGE WEATH","AK","59.2596","-135.4942","2600","ak"
"RSCA2","","STUART CREEK","AK","61.2607","-145.2838","1217","ak"
"RUFA2","","RUSSIAN RIVER FERRY","AK","60.4873","-150.0021","377","ak"
"RUGA2","","RUTH GLACIER","AK","62.71","-150.5398","3301","ak"
"RXBA2","","REX BRIDGE","AK","64.2182","-149.2768","774","ak"
"SAWA2","","SPEEL ARM STATION 4-","AK","58.093","-133.7638","751","ak"
"SBPA2","","BIRD POINT","AK","60.9298","-149.3449","112","ak"
"SCXA2","","SCULL ISLAND","AK","58.2047","-134.6457","10","ak"
"SDFA2","","SOLDOTNA AKKKS","AK","60.4966","-151.014","155","ak"
"SDIA2","","SOUTH DOUGLAS","AK","58.2772","-134.3891","13","ak"
"SECA","","CAPE ST ELIAS","AK","59.7983","-144.5999","35","ak oc"
"SECA2","","CAPE ST. ELIAS","AK","59.7981","-144.5988","25","ak oc"
"SGCA2","","SKAGWAY CUSTOMS","AK","59.5272","-135.2319","900","ak"
"SGSA2","","SKILAK GUARD STATION","AK","60.4841","-150.4605","307","ak"
"SHDA2","","DIVIDE","AK","60.2513","-149.3533","725","ak"
"SHKA2","","SHAKTOOLIK RIVER","AK","64.6327","-159.9021","1850","ak"
"SHLA2","","SHELTER COVE","AK","55.5297","-131.3661","492","ak"
"SISA2","","SISTERS ISLAND","AK","58.1708","-135.2564","170","ak"
"SKTA2","","SKAGWAY","AK","59.45","-135.318","30","ak"
"SLRA2","","SALCHA","AK","64.5939","-146.1458","897","ak"
"SLVA2","","SILVIS POWERHOUSE","AK","55.3814","-131.5176","820","ak"
"SMCA2","","MCHUGH CREEK","AK","61.0168","-149.7362","79","ak oc"
"SMIA2","","SEVEN MILE","AK","65.9383","-149.855","823","ak"
"SMPA2","","STAMPEDE","AK","63.7478","-150.328","1800","ak"
"SMTA2","","SALMON TROUT","AK","66.8096","-141.6476","2210","ak"
"SNBA2","","SUBURST","AK","60.7583","-149.1789","3799","ak"
"SNDA2","","SAND POINT","AK","55.337","-160.502","17","ak oc"
"SNEA2","","SNETTISHAM POWER HOU","AK","58.142","-133.727","56","ak"
"SNIA2","","SNIPE LAKE","AK","60.6103","-154.32","2315","ak"
"SPCA2","","SHEEP CAMP","AK","59.6568","-135.2678","920","ak"
"SPGA2","","PORTAGE GLACIER ROAD","AK","60.8189","-148.9757","77","ak"
"SRGA2","","SMALL ARMS RANGE","AK","64.8137","-147.6287","460","ak"
"SRKA2","","KIANA","AK","66.9745","-160.4485","160","ak"
"SRNA2","","TERN LAKE","AK","60.5324","-149.5553","686","ak"
"SRPA2","","TURNAGAIN PASS","AK","60.8042","-149.1845","1033","ak"
"SRTA2","","SERPENTINE","AK","65.8523","-164.7078","518","ak"
"SRVA2","","STONEY RIVER","AK","61.6483","-156.4081","265","ak"
"SRWA2","","SALMON RIVER","AK","67.4597","-159.8405","1201","ak"
"SSIA2","","SISIAK","AK","67.995","-160.3956","1823","ak"
"SSMA2","","SITE SUMMIT","AK","61.2583","-149.5283","3924","ak"
"STNA2","","STONEY","AK","61.0638","-153.8964","1226","ak"
"STUA2","","STUART CREEK","AK","64.7183","-146.5018","1543","ak"
"STXA2","","STIKA AML","AK","57.1163","-135.3907","50","ak"
"SUMQ2","","SUMMIT CREEK","AK","59.6536","-135.1436","4370","ak"
"SVRA2","","SILVER SALMON LAKES","AK","59.9754","-152.6713","23","ak oc"
"SWKA2","","SELAWIK","AK","66.6067","-159.0913","105","ak"
"SWNA2","","SWANSON RIVER","AK","60.727","-150.8759","216","ak oc"
"TAGA2","","TAG MTN","AK","66.1808","-158.66","2017","ak"
"TAHA2","","TAHINICHOK","AK","67.5502","-163.5671","966","ak"
"TANA2","","TANA KNOB","AK","60.908","-142.9013","3739","ak"
"TBFA2","","THUNDERBIRD FALLS","AK","61.4385","-149.3952","292","ak"
"TEBA2","","TEBAY","AK","61.181","-144.3392","1880","ak"
"TEEA2","","T LAKE","AK","63.7119","-143.9431","1973","ak"
"TETA2","","JATAHMUND LAKE","AK","62.5879","-142.058","2408","ak"
"TGCA2","","JUNEAU ICEFIELD AT C","AK","58.647","-134.2064","3800","ak"
"THCA2","","THANE ROAD CROSS BAY","AK","58.2733","-134.3525","33","ak"
"THOA2","","THORNE RIVER","AK","55.6967","-132.5403","505","ak"
"TKEA2","","TENAKEE SPRINGS","AK","57.779","-135.219","16","ak"
"TKFA2","","TOK AKTAS","AK","63.3253","-143.0016","1702","ak"
"TKHA2","","TAKSHANUNK MOUNTAINS","AK","59.3985","-135.813","4636","ak"
"TKLA2","","TOKLAT","AK","63.5255","-150.0464","2920","ak"
"TKPA2","","TALKEETNA ROAD","AK","62.1294","-150.0396","394","ak"
"TKRA2","","TOK RIVER VALLEY","AK","62.9571","-143.3458","2175","ak"
"TKUA2","","TAKU RIVER NR JUNEAU","AK","58.5386","-133.7","30","ak"
"TLDA2","","TELIDA","AK","63.434","-153.3465","650","ak"
"TTLA2","","GOLD KING","AK","64.1967","-147.9194","1700","ak"
"TZIA2","","TOZITNA RIVER","AK","65.4853","-152.2397","446","ak"
"UMTA2","","UMIAT AIRFIELD","AK","69.37","-152.1361","267","ak"
"UNLA2","","UNALASKA","AK","53.879","-166.54","25","ak oc"
"UPRA2","","UPPER CHARLEY RIVER","AK","64.5169","-143.2023","3655","ak"
"VCVA2","","VILLAGE COVE ST PAU","AK","57.125","-170.285","28","ak oc"
"VDZA2","","VALDEZ","AK","61.125","-146.362","28","ak"
"VNKA2","","VUNZIK LAKE","AK","66.7909","-146.6485","490","ak"
"WBQA2","","BEAVER (WBQ)","AK","66.2618","-146.5317","483","ak"
"WHMA2","","WHITTIER","AK","60.778","-148.6853","10","ak"
"WIGA2","","WIGAND","AK","63.8142","-150.1094","1782","ak"
"WLDA2","","WHITMAN LAKE DAM","AK","55.3329","-131.532","385","ak"
"WNLA2","","WEIN LAKE","AK","64.3178","-151.0872","1110","ak"
"WONA2","","WONDER LAKE","AK","63.4908","-150.8726","2050","ak"
"WOWA2","","WILLOW","AK","61.759","-150.05","200","ak"
"ZMBA2","","ZAREMBO","AK","56.3","-132.8486","900","ak oc"
"42012","","ORANGE BEACH","AL","30.065","-87.555","16","co oc"
"42040","","S DAUPHIN ISLAND","AL","29.1842","-88.2133","33","co oc"
"BHFA1","","BANKHEAD","AL","34.3442","-87.3375","804","co"
"BONA1","","BONSECOUR","AL","30.2528","-87.8125","20","co oc"
"BSCA1","","BON DECOUR","AL","30.329","-87.829","23","co oc"
"CRTA1","","CEDAR POINT","AL","30.308","-88.14","32","co oc"
"DPIA1","DPIA","DAUPHIN ISLAND","AL","30.2483","-88.074","28","co oc"
"FMOA1","","FORT MORGAN","AL","30.228","-88.025","102","co oc"
"K02A","02A","CHILTON COUNTY","AL","32.8505","-86.6114","585","co"
"K04A","04A","FRANK SIKES","AL","31.7364","-86.2625","302","co"
"K06A","06A","MOTON FIELD MUNI","AL","32.4605","-85.68","264","co"
"K07A","07A","FRANKLIN FIELD","AL","32.1662","-85.8098","300","co"
"K08A","08A","WETUMPKA MUNI","AL","32.5273","-86.331","197","co"
"K09A","09A","BUTLER-CHOCTAW COUNT","AL","32.1193","-88.1275","134","co"
"K0A8","0A8","BIBB COUNTY","AL","32.9369","-87.0905","251","co"
"K0J0","0J0","ABBEVILLE MUNI","AL","31.6002","-85.2383","463","co"
"K0J4","","FLORALA/FLORALA MUN","AL","31.0425","-86.3116","314","co"
"K0J6","0J6","HEADLAND MUNI","AL","31.3641","-85.3125","359","co"
"K0R1","0R1","ATMORE MUNI","AL","31.0161","-87.4468","286","co"
"K11A","11A","CLAYTON MUNI","AL","31.8833","-85.4852","435","co"
"K12J","12J","BREWTON MUNI","AL","31.0508","-87.066","99","co"
"K14J","14J","CARL FOLSOM","AL","31.41","-86.0903","258","co"
"K1A4","1A4","LOGAN FIELD","AL","31.1037","-86.0626","200","co"
"K1A9","","PRATTVILLE","AL","32.4387","-86.5127","226","co"
"K1M4","","HALEYVIILLE/POSEY","AL","34.2803","-87.6004","929","co"
"K1R8","1R8","BAY MINETTE MUNI","AL","30.8703","-87.8193","248","co"
"K20A","20A","ROBBINS FIELD","AL","33.9713","-86.3804","1125","co"
"K26A","26A","ASHLAND/LINEVILLE","AL","33.2842","-85.809","1065","co"
"K2A8","2A8","ADDISON MUNI","AL","34.2171","-87.1582","786","co"
"K2R5","2R5","ST ELMO","AL","30.5019","-88.2751","132","co"
"K33J","33J","GENEVA MUNI","AL","31.0526","-85.8689","100","co"
"K3A0","3A0","GROVE HILL MUNI","AL","31.6893","-87.7614","478","co"
"K3A7","3A7","EUTAW MUNI","AL","32.8204","-87.8651","170","co"
"K3M2","3M2","DOUBLE SPRINGS/WINST","AL","34.1442","-87.3278","754","co"
"K3M8","3M8","NORTH PICKENS","AL","33.3868","-88.0066","237","co"
"K4A6","","SCOTTSBORO MUNI WORD","AL","34.6887","-86.0059","650","co"
"K4A9","","ISBELL FIELD ARPT","AL","34.4736","-85.7214","875","co"
"K4R3","4R3","JACKSON MUNI","AL","31.4706","-87.8959","62","co"
"K4R4","","FAIRHOPE","AL","30.4605","-87.877","92","co"
"K4R9","4R9","JEREMIAH DENTON","AL","30.2605","-88.1275","5","co oc"
"K5M0","5M0","HARTSELLE-MORGAN COU","AL","34.4082","-86.9329","629","co"
"K5R1","5R1","ROY WILCOX","AL","31.4517","-88.1944","166","co"
"K5R4","5R4","FOLEY MUNI","AL","30.4277","-87.701","74","co oc"
"K61A","61A","CAMDEN MUNI","AL","31.9798","-87.3391","143","co"
"K67A","67A","FORT DEPOSIT-LOWNDES","AL","31.9724","-86.5916","490","co"
"K71J","71J","OZARK-BLACKWELL FIEL","AL","31.4318","-85.6205","358","co"
"K79J","","ANALUSIA/OPP","AL","31.3167","-86.4","308","co"
"K7A0","7A0","GREENSBORO MUNI","AL","32.6815","-87.6621","175","co"
"K7A3","7A3","LANETT MUNI","AL","32.8119","-85.2296","624","co"
"K7A5","7A5","ROANOKE MUNI","AL","33.1297","-85.3722","907","co"
"K7A6","7A6","STEVENSON","AL","34.8863","-85.8033","644","co"
"K8A0","","ALBERTVILLE_MUNI_ARP","AL","34.2291","-86.2558","1033","co"
"K8A1","8A1","GUNTERSVILLE MUNI -","AL","34.4062","-86.2609","615","co"
"K9A4","","COURTLAND AIRPORT","AL","34.6594","-87.3488","587","co"
"KA08","","VAIDEN FIELD/MARION","AL","32.5105","-87.3848","225","co"
"KAIV","","GEORGE DOWNER","AL","33.1067","-88.1972","150","co"
"KALX","","ALEXANDER CITY/RUSSE","AL","32.9147","-85.9628","685","co"
"KANB","ANB","ANNISTON","AL","33.5906","-85.8475","600","co"
"KASN","","TALLADEGA MUNI APT","AL","33.5699","-86.0509","529","co"
"KATA1","","KATRINA CUT","AL","30.258","-88.213","51","co oc"
"KAUB","AUB","AUBURN UNIVERSITY","AL","32.6167","-85.4333","778","co"
"KAUO","AUO","AUBURN    AWOS","AL","32.6151","-85.434","774","co"
"KBFM","BFM","BROOKLEY APRT","AL","30.6333","-88.0667","26","co oc"
"KBHM","BHM","BIRMINGHAM","AL","33.5667","-86.75","630","co"
"KBMX","","ALABASTER  WFO","AL","33.1789","-86.7822","646","co"
"KCKL","CKL","CENTREVILLE","AL","32.9","-87.25","458","co"
"KCMD","K3A1","FOLSOM FIELD ARPT","AL","34.2686","-86.8583","964","co"
"KCQF","","SONNY CALLAHAN ARPT","AL","30.461","-87.877","92","co"
"KDCU","","DECATUR-PRYOR_FIELD","AL","34.65","-86.94","581","co"
"KDHN","DHN","DOTHAN","AL","31.3183","-85.4439","400","co"
"KDYA","","DEMOPOLIS","AL","32.4638","-87.9541","112","co"
"KEDN","","ENTERPRISE","AL","31.2982","-85.9048","361","co"
"KEET","","CALERA/SHELBY CTY AP","AL","33.1783","-86.7817","584","co"
"KEKY","","BESSEMER","AL","33.3126","-86.9263","700","co"
"KEUF","","WEEDON FIELD AIRPORT","AL","31.9513","-85.1289","285","co"
"KGAD","GAD","GADSDEN","AL","33.9667","-86.0833","564","co"
"KGZH","","EVERGREEN_(ASOS)","AL","31.42","-87.05","256","co"
"KHAB","","MARION COUNTY-RANKIN","AL","34.1169","-87.9982","436","co"
"KHEY","","HANCHEY_ARMY_HELIPOR","AL","31.346","-85.654","318","co"
"KHSV","HSV","HUNTSVILLE   ASOS","AL","34.65","-86.7667","644","co"
"KHUA","","REDSTONE ARSENAL","AL","34.6833","-86.6833","686","co"
"KHUN","","HUNTSVILLE WFO","AL","34.7244","-86.4786","600","co"
"KJFX","","JASPER","AL","33.902","-87.3142","482","co"
"KJKA","","JACK_EDWARDS_ARPT","AL","30.2896","-87.6718","16","co oc"
"KLOR","","LOWE_AHP/FT_RUCKER","AL","31.3558","-85.7512","242","co"
"KM22","M22","BILL PUGH FIELD","AL","34.4451","-87.7116","718","co"
"KM55","M55","LAMAR COUNTY","AL","33.8467","-88.1155","463","co"
"KM95","M95","RICHARD ARTHUR FIELD","AL","33.7091","-87.8152","357","co"
"KMDQ","KM82","MADISON CNTY EXEC AP","AL","34.86","-86.56","758","co"
"KMGM","MGM","MONTGOMERY   ASOS","AL","32.3","-86.4","202","co"
"KMOB","MOB","MOBILE","AL","30.6833","-88.25","221","co"
"KMSL","MSL","MUSCLE SHOALS","AL","34.75","-87.6167","551","co"
"KMVC","","MONROE COUNTY AEROPL","AL","31.4581","-87.351","419","co"
"KMXF","MXF","MAXWELL AFB","AL","32.3833","-86.3667","171","co"
"KOZR","OZR","FT.RUCKER","AL","31.2667","-85.7167","305","co"
"KPLR","","ST. CLAIR COUNTY AIR","AL","33.5588","-86.2491","485","co"
"KPRN","","MAC_CRENSHAW_MEM_ARP","AL","31.8457","-86.6107","451","co"
"KPYP","","CENTRE-PIEDMONT-CHER","AL","34.0899","-85.6101","595","co"
"KSCD","","SYLACAUGA","AL","33.1718","-86.3055","569","co"
"KSEM","","SELMA","AL","32.35","-86.9833","167","co"
"KSXS","","SCHELL AHP","AL","31.3627","-85.8494","400","co"
"KTCL","TCL","TUSCALOOSA","AL","33.2333","-87.6167","167","co"
"KTOI","TOI","TROY","AL","31.8575","-86.0108","394","co"
"KVOA","","VISCO KNOLL 768 OIL","AL","29.229","-87.781","174","co oc"
"LGLA1","","MT. LONGLEAF","AL","33.7172","-85.7622","1050","co"
"LRWA1","","LIRI","AL","34.4978","-85.6292","1200","co"
"MBLA1","","MIDDLE BAY LGT","AL","30.44","-88.01","25","co oc"
"MCGA1","","COAST GUARD MOBILE","AL","30.6481","-88.0581","33","co oc"
"MHPA1","","MEAHER PARK","AL","30.66","-87.93","33","co"
"OKMA1","","OAKMULGEE","AL","32.9572","-87.1706","363","co"
"OPNA1","","OPNPND","AL","31.0944","-86.5486","275","co"
"PPTA1","","PERDIDO PASS","AL","30.279","-87.556","18","co oc"
"PTOA1","","PINTO ISLAND","AL","30.671","-88.031","7","co oc"
"SHLA1","","SHOAL CREEK","AL","33.6472","-85.6344","908","co"
"TKGA1","","TUSKEGEE","AL","32.4836","-85.5555","509","co"
"TLDA1","","TALLADEGA","AL","33.4411","-86.0811","600","co"
"TNCB","MACB","BONAIRE/KRALENDJK","AN","12.15","-68.2833","23","oc"
"TNCC","","CURACAO/A.PLESMAN","AN","12.2","-68.9667","26","oc"
"TNCE","MACC","FDR_ARPT/ORANJESTAD","AN","17.48","-62.98","128","oc"
"TNCM","MACM","ST.MAARTEN/P.JULIANA","AN","18.05","-63.1167","13","oc"
"AMAA4","","ARMSTEAD MOUNTAIN","AR","35.5731","-92.8192","1560","co"
"AMOA4","","UAM","AR","33.5869","-91.8058","183","co"
"BLRA4","","BLUFF CITY","AR","33.6922","-93.1625","360","co"
"BNVA4","","BOONEVILLE","AR","35.1428","-93.895","343","co"
"BSCA4","","BLANCHARD SPRINGS","AR","35.9744","-92.1942","1200","co"
"CMTA4","","COMPTON","AR","36.0674","-93.3561","2365","co"
"DKBA4","","DEVIL'S KNOB","AR","35.6141","-93.5388","2100","co"
"ESDA4","","EVENING SHADE","AR","36.106","-91.5655","540","co"
"GYAA4","","GUY","AR","35.3267","-92.2761","610","co"
"JVLA4","","JESSIEVILLE","AR","34.6919","-93.22","675","co"
"K0M0","0M0","BILLY FREE MUNI","AR","33.8845","-91.5343","164","co"
"K0R6","0R6","HAMPTON MUNI","AR","33.5226","-92.4603","178","co"
"K17A","17A","TRIGGER GAP","AR","36.3278","-93.6219","1630","co"
"K2A6","2A6","HOLLY GROVE MUNI","AR","34.5824","-91.1652","176","co"
"K32A","32A","DANVILLE MUNI","AR","35.0869","-93.4275","393","co"
"K37T","37T","CALICO ROCK-IZARD CO","AR","36.1645","-92.1445","733","co"
"K3M9","3M9","WARREN MUNI","AR","33.5604","-92.0854","235","co"
"K42A","42A","MELBOURNE MUNI - JOH","AR","36.071","-91.8301","735","co"
"K4A5","4A5","SEARCY COUNTY","AR","35.8987","-92.6563","964","co"
"K4F7","4F7","KIZER FIELD","AR","33.8039","-93.3622","319","co"
"K4M1","4M1","CARROLL COUNTY","AR","36.3813","-93.6246","1206","co"
"K4M2","4M2","BOONEVILLE MUNI","AR","35.1495","-93.8634","468","co"
"K4M3","4M3","CARLISLE MUNI","AR","34.8082","-91.7121","241","co"
"K4M5","4M5","DERMOTT MUNI","AR","33.488","-91.4426","135","co"
"K4M8","4M8","CLARENDON MUNI","AR","34.6466","-91.3947","217","co"
"K4M9","","CORNING MUNI ARPT","AR","36.4042","-90.6479","293","co"
"K55M","55M","STAR CITY MUNI","AR","33.9264","-91.8611","398","co"
"K5M1","5M1","DE WITT MUNICIPAL AI","AR","34.2623","-91.3075","189","co"
"K5M4","5M4","FORDYCE MUNI","AR","33.8458","-92.3655","193","co"
"K5M8","5M8","GURDON LOWE FIELD","AR","33.9238","-93.1681","229","co"
"K6M0","6M0","HAZEN MUNI","AR","34.7592","-91.638","230","co"
"K6M2","6M2","HORSESHOE BEND","AR","36.2214","-91.7555","782","co"
"K6M7","6M7","MARIANNA/LEE COUNTY-","AR","34.7828","-90.81","219","co"
"K6M8","6M8","MARKED TREE MUNI","AR","35.5331","-90.4001","219","co"
"K7M1","7M1","MC GEHEE MUNI","AR","33.6202","-91.3648","141","co"
"K7M2","7M2","MOUNTAIN VIEW WILCOX","AR","35.8645","-92.0903","805","co"
"K7M3","7M3","BEARCE","AR","34.5291","-93.5294","644","co"
"K7M4","7M4","OSCEOLA MUNI","AR","35.6911","-90.0101","235","co"
"K7M5","7M5","OZARK-FRANKLIN COUNT","AR","35.5107","-93.8393","648","co"
"K7M6","7M6","PARIS MUNI","AR","35.2991","-93.6816","430","co"
"K7M7","7M7","PIGGOTT MUNI","AR","36.3782","-90.1662","275","co"
"K7M8","7M8","RECTOR","AR","36.2501","-90.3195","281","co"
"K7M9","7M9","SALEM","AR","36.3559","-91.831","787","co"
"K9M8","9M8","SHERIDAN MUNI","AR","34.3275","-92.3513","236","co"
"KADF","","ARKADELPHIA","AR","34.0998","-93.0661","184","co"
"KAGO","","RALPH C WEISER FIELD","AR","33.2275","-93.217","319","co"
"KARG","ARG","WALNUT RIDGE AWOS","AR","36.1333","-90.9167","273","co"
"KASG","ASG","SPRINGDALE MUNI AP","AR","36.1737","-94.1191","1353","co"
"KAWM","","WEST MEMPHIS MUNI AP","AR","35.1351","-90.2344","213","co"
"KBDQ","","MORRILTON MUNI","AR","35.1362","-92.7135","321","co"
"KBPK","","BAXTER_CTY_RGL_ARPT","AR","36.37","-92.46","928","co"
"KBVX","BVX","BATESVILLE   AWOS","AR","35.7333","-91.65","463","co"
"KBYH","BYH","BLYTHEVILLE AFB","AR","35.9667","-89.95","256","co"
"KCCA","","CLINTON_MUNI_ARPT","AR","35.5977","-92.4516","515","co"
"KCDH","CDH","CAMDEN","AR","33.6167","-92.7667","131","co"
"KCRT","","Z M JACK STELL FIELD","AR","33.1783","-91.8802","184","co"
"KCVK","","SHARP COUNTY RGNL","AR","36.2649","-91.5627","717","co"
"KCXW","","CANTRELL FLD","AR","35.0199","-92.5551","276","co"
"KDEQ","","DE QUEEN","AR","34.045","-94.4014","346","co"
"KDRP","","DELTA RGNL","AR","35.1201","-90.8265","239","co"
"KELD","ELD","EL DORADO","AR","33.2167","-92.8139","252","co"
"KF43","F43","EL DORADO DOWNTOWN-S","AR","33.1913","-92.6632","256","co"
"KFLP","FLP","FLIPPIN    AWOS","AR","36.2925","-92.5851","719","co"
"KFSM","FSM","FORT SMITH   ASOS","AR","35.3333","-94.3667","463","co"
"KFYV","FYV","FAYETTEVILLE","AR","36","-94.1667","1250","co"
"KH34","H34","HUNTSVILLE MUNI","AR","36.0781","-93.755","1748","co"
"KH35","H35","CLARKSVILLE MUNI","AR","35.4707","-93.4272","481","co"
"KHBZ","","HEBER SPRINGS MUNI","AR","35.5117","-92.013","632","co"
"KHEE","","THOMPSON-ROBBINS","AR","34.5765","-90.6759","242","co"
"KHKA","","BLYTHEVILLE MUNICIPA","AR","35.9403","-89.8308","256","co"
"KHOT","HOT","HOT SPRINGS","AR","34.4758","-93.1042","540","co"
"KHRO","HRO","HARRISON","AR","36.2661","-93.1558","1374","co"
"KJBR","JBR","JONESBORO","AR","35.8333","-90.65","274","co"
"KLIT","LIT","LITTLE ROCK","AR","34.7333","-92.2333","257","co"
"KLLQ","","MONTICELLO_(ASOS)","AR","33.63","-91.75","276","co"
"KLRF","LRF","LITTLE ROCK AFB","AR","34.9167","-92.15","312","co"
"KLZK","","N. LITTLE ROCK  WFO","AR","34.8347","-92.2594","2568","co"
"KM18","M18","HOPE MUNI","AR","33.72","-93.6589","359","co"
"KM19","","NEWPORT_MUNI_ARPT","AR","35.6377","-91.1764","239","co"
"KM27","M27","WALDRON MUNI","AR","34.876","-94.1089","705","co"
"KM32","M32","LAKE VILLAGE MUNI","AR","33.3465","-91.3156","126","co"
"KM36","M36","FRANK FEDERER MEMORI","AR","34.8803","-91.1764","195","co"
"KM60","M60","WOODRUFF COUNTY","AR","35.2719","-91.2703","200","co"
"KM70","M70","POCAHONTAS MUNI","AR","36.2455","-90.9552","273","co"
"KM73","M73","ALMYRA MUNI","AR","34.4125","-91.4653","211","co"
"KM74","M74","BALDKNOB MUNI","AR","35.2995","-91.5577","212","co"
"KM77","M77","HOWARD COUNTY","AR","33.9972","-93.8381","553","co"
"KM78","M78","MALVERN MUNI","AR","34.3333","-92.7615","538","co"
"KMEZ","","MENA_INTERMOUNTAIN","AR","34.5454","-94.2027","1079","co"
"KMPJ","","PETIT JEAN PARK","AR","35.1388","-92.9092","923","co"
"KMWT","MWT","MOUNT IDA","AR","34.5467","-93.5781","702","co"
"KMXA","MXA","MANILA MUNI","AR","35.8944","-90.1546","243","co"
"KORK","","NORTH LITTLE ROCK MU","AR","34.8331","-92.2541","545","co"
"KPBF","PBF","PINE BLUFF","AR","34.18","-91.9342","207","co"
"KPGR","","KIRK FIELD","AR","36.0638","-90.5092","290","co"
"KROG","ROG","ROGERS    AWOS","AR","36.3667","-94.1","1362","co"
"KRUE","","RUSSELLVILLE_(ASOS)","AR","35.25","-93.1","381","co"
"KSGT","SGT","STUTTGART  AWOS","AR","34.6","-91.5667","224","co"
"KSLG","SLG","SILOAM SPRGS AWOS","AR","36.2","-94.4833","984","co"
"KSRC","","SEARCY MUNI AIRPORT","AR","35.21","-91.74","262","co"
"KSUZ","","SALINE COUNTY RGNL","AR","34.5904","-92.4794","389","co"
"KTXK","TXK","TEXARKANA","AR","33.45","-94","399","co"
"KVBT","KH00 H00","BENTONVILLE  AO1","AR","36.35","-94.22","1296","co"
"KXNA","","NORTHWEST_ARKANSAS_A","AR","36.28","-94.31","1286","co"
"LPSA4","","POINSETT","AR","35.5679","-90.7116","389","co"
"LRRA4","","FELSENTHAL NWR","AR","33.1555","-92.1911","105","co"
"ODEA4","","ODEN","AR","34.6242","-93.8061","896","co"
"SDNA4","","SHERIDAN","AR","34.3211","-92.3517","234","co"
"SFFA4","","MARIANNA","AR","34.7561","-90.7222","253","co"
"STKA4","","STRICKLER","AR","35.8686","-94.2975","1709","co"
"SVHA4","","SILVER HILL","AR","35.9703","-92.7464","930","co"
"SFGP6","","SIUFAGA RIDGE","AS","14.2761","-170.7218","480","oc"
"TOAP6","","TOA RIDGE","AS","14.262","-170.687","1270","oc"
"TRPM","","BLACKBURNE/PLYMOUTH","AT","16.75","-62.17","39","oc"
"TNCA","MACA","ARUBA/REINA","AW","12.5","-70.0167","59","oc"
"AJA","","AJO","AZ","32.3744","-112.8669","1778","co"
"AKPA3","","AHAKHAV PRESERVE","AZ","34.1297","-114.319","363","co"
"ALPA3","","ALPINE","AZ","33.8492","-109.1469","7999","co"
"ALRA3","","ALPINE","AZ","33.8428","-109.1116","8209","co"
"ASBTP","","AGASSIZ PEAK","AZ","35.3258","-111.6856","11555","co"
"AZPA3","","AZTCA_PORT1","AZ","35.8774","-113.1784","63","co"
"BDDA3","20586","BAGDAD","AZ","34.5672","-113.1778","3705","co"
"BKBA3","","BAKER BUTTE","AZ","34.4567","-111.4064","7300","co"
"BLMA3","","BELMONT","AZ","33.6741","-112.9228","1855","co"
"BULA3","21050","BULLHEAD CITY","AZ","35.1411","-114.5678","540","co"
"CBRA3","","CIBOLA","AZ","33.3039","-114.6933","230","co"
"CBTN8","","CIBECUE RIDGE","AZ","34.0683","-110.3683","6725","co"
"CHEA3","","CHERRY","AZ","34.5967","-112.0477","5147","co"
"CHNA3","","CANYON DE CHELLY","AZ","36.1533","-109.5394","5545","co"
"CNDA3","","CORONADO TRAIL","AZ","33.8039","-109.1528","8400","co"
"FGZ","","BELLEMONT","AZ","35.23","-111.821","7152","co"
"FTYA3","","FORT YUMA","AZ","32.6536","-114.6347","185","co"
"FZWA3","","FRAZIER WELLS","AZ","35.8455","-113.055","6796","co"
"GCNA3","","GRAND CANYON","AZ","36.05","-112.15","6785","co"
"GRAA3","","CASA GRANDE","AZ","32.9918","-111.5326","1414","co"
"HBEA3","","HEBER","AZ","34.3119","-110.7544","7640","co"
"HBRA3","","HEBER-OVERGAARD","AZ","34.3925","-110.5581","6631","co"
"HNM","","HANNAGAN MEADOW","AZ","33.6413","-109.3246","9088","co"
"HNMA3","","HANNAGAN MEADOWS","AZ","33.6539","-109.3094","9020","co"
"K0E4","0.00E+00","PAYSON","AZ","34.2333","-111.3333","4915","co"
"K0V7","0V7","KAYENTA","AZ","36.7164","-110.2284","5688","co"
"K13A","13A","NOGALES  AMOS","AZ","31.4167","-110.85","3908","co"
"K1G4","1G4","GRAND CANYON WEST","AZ","35.9861","-113.8169","4817","co"
"K44A","44A","ROLLE AIRFIELD","AZ","32.5163","-114.6984","163","co"
"KA39","A39","AK-CHIN RGNL","AZ","32.9905","-111.9189","1307","co"
"KALK","","PIONEER_AIRFIELD","AZ","31.6072","-110.4281","4768","co"
"KAVQ","","MARANA AIRPORT","AZ","32.4096","-111.2183","2031","co"
"KAZC","","COLORADO_CITY_MUNI_A","AZ","36.9599","-113.0139","4875","co"
"KBXK","BXK","BUCKEYE MUNI ARPT","AZ","33.4204","-112.6862","1033","co"
"KCFT","","CLIFTON AIRPORT","AZ","32.957","-109.2111","3798","co"
"KCGZ","CGZ","CASA GRANDE  AWOS","AZ","32.9549","-111.7668","1463","co"
"KCHD","","CHANDLER","AZ","33.27","-111.82","1243","co"
"KCMR","CMR","WILLIAMS CLARK","AZ","35.3055","-112.1944","6680","co"
"KDGL","","DOUGLAS MUNI","AZ","31.3426","-109.5065","4173","co"
"KDMA","DMA","DAVIS-MONTHAN AFB","AZ","32.1667","-110.8833","2703","co"
"KDUG","DUG","DOUGLAS","AZ","31.4667","-109.6","4097","co"
"KDVT","DVT","DEER VLY/PHOENIX","AZ","33.6903","-112.0656","1512","co"
"KE24","E24","WHITERIVER","AZ","33.8106","-109.9857","5153","co"
"KE25","E25","WICKENBURG MUNI","AZ","33.9706","-112.7951","2379","co"
"KE51","E51","BAGDAD","AZ","34.5929","-113.1719","4196","co"
"KE60","E60","ELOY MUNI","AZ","32.8067","-111.5866","1511","co"
"KE63","E63","GILA BEND MUNI","AZ","32.9602","-112.6736","789","co"
"KE67","E67","KEARNY","AZ","33.0472","-110.9091","1833","co"
"KE74","E74","SAFFORD (RAMOS)","AZ","32.8167","-109.6833","2953","co"
"KE78","E78","SELLS","AZ","31.9326","-111.8943","2409","co"
"KE81","E81","SUPERIOR MUNI","AZ","33.2778","-111.1271","2646","co"
"KE91","E91","CHINLE MUNI","AZ","36.1093","-109.5755","5550","co"
"KE95","E95","BENSON MUNI","AZ","31.9994","-110.358","3831","co"
"KFFZ","FFZ","MESA","AZ","33.4667","-111.7333","1385","co"
"KFGZ","","BELLEMONT  WFO","AZ","35.23","-111.8214","7140","co"
"KFHU","FHU","FT HUACHUCA","AZ","31.5833","-110.3333","4685","co"
"KFLG","FLG","FLAGSTAFF    ASOS","AZ","35.1333","-111.6667","7018","co"
"KGCN","GCN","GRAND CANYON ASOS","AZ","35.95","-112.15","6972","co"
"KGEU","","GLENDALE MUNI AP","AZ","33.527","-112.2953","1070","co"
"KGXF","KGBN","GILA BEND (AAF)","AZ","32.8875","-112.72","860","co"
"KGYR","GYR","GOODYEAR","AZ","33.4167","-112.3833","968","co"
"KHII","","LAKE HAVASU CITY ARP","AZ","34.5711","-114.3583","781","co"
"KIFP","IFP P06","BULLHEAD CITY","AZ","35.1575","-114.5594","695","co"
"KIGM","IGM","KINGMAN      ASOS","AZ","35.2667","-113.95","3389","co"
"KINW","INW","WINSLOW      ASOS","AZ","35.0167","-110.7333","4883","co"
"KIWA","IWA CHD","CHANDLER/WILLIAMS AF","AZ","33.3","-111.6667","1384","co"
"KJTC","","SPRINGERVILLE","AZ","34.1293","-109.3103","7054","co"
"KL25","L25","PEARCE FERRY","AZ","36.0932","-114.0467","2941","co"
"KLHU","LHU","LAKE HAVASU CITY","AZ","34.45","-114.3667","479","co"
"KLUF","LUF","LUKE AFB","AZ","33.535","-112.3832","1089","co"
"KMZJ","","PINAL","AZ","33.3667","-110.75","1892","co"
"KNYL","KYUM","YUMA INTL AP/MCAS","AZ","32.6566","-114.606","216","co"
"KOLS","","NOGALES INTERNATIONA","AZ","31.4208","-110.8458","3930","co"
"KP01","P01","ERIC MARCUS MUNI","AZ","32.4529","-112.8614","1458","co"
"KP03","P03","COCHISE COLLEGE","AZ","31.3713","-109.69","4146","co"
"KP04","P04","BISBEE MUNI","AZ","31.364","-109.8831","4780","co"
"KP08","","COOLIDGE MUNI","AZ","32.9359","-111.4265","1578","co"
"KP10","P10","POLACCA","AZ","35.7916","-110.4234","5573","co"
"KP13","P13","SAN CARLOS APACHE","AZ","33.3531","-110.6674","3261","co"
"KP14","P14","HOLBROOK MUNI","AZ","34.9407","-110.1385","5262","co"
"KP20","P20","AVI SUQUILLA","AZ","34.1498","-114.2678","458","co"
"KP23","P23","SELIGMAN","AZ","35.3351","-112.8865","5237","co"
"KP29","P29","TOMBSTONE MUNI","AZ","31.6713","-110.0215","4743","co"
"KP52","P52","COTTONWOOD","AZ","34.7301","-112.0351","3560","co"
"KP65","P65","LUKEVILLE (RAMOS)","AZ","31.8667","-112.8667","1667","co"
"KPAN","PAN","PAYSON ARPT","AZ","34.2568","-111.3393","5157","co"
"KPGA","PGA","PAGE           ASOS","AZ","36.9333","-111.45","4278","co"
"KPHX","PHX","PHOENIX      ASOS","AZ","33.4333","-112.0167","1107","co"
"KPRC","PRC","PRESCOTT","AZ","34.65","-112.4333","5053","co"
"KPSR","","PHOENIX  WFO","AZ","33.4364","-112.0239","1211","co"
"KRQE","KP34","WINDOW ROCK","AZ","35.65","-109.07","6742","co"
"KRYN","","RYAN FIELD","AZ","32.1422","-111.1745","2419","co"
"KSAD","SAD","SAFFORD","AZ","32.85","-109.6333","3176","co"
"KSDL","SDL","SCOTTSDALE","AZ","33.6225","-111.9083","1473","co"
"KSEZ","","SEDONA_AIRPORT","AZ","34.8486","-111.7885","4829","co"
"KSJN","","ST._JOHNS_AIR_PARK_A","AZ","34.5186","-109.3786","5732","co"
"KSOW","SOW E03","SHOW LOW","AZ","34.2667","-110","6411","co"
"KT03","T03","TUBA CITY","AZ","36.0926","-111.3831","4513","co"
"KTUS","TUS","TUCSON","AZ","32.1167","-110.9333","2555","co"
"KTWC","","TUCSON  WFO","AZ","32.2281","-110.9553","2451","co"
"KTYL","","TAYLOR","AZ","34.4527","-110.115","5823","co"
"KU30","U30","TEMPLE BAR","AZ","36.0204","-114.3349","1549","co"
"KZ95","","CIBECUE","AZ","34.0033","-110.4442","5037","co"
"MORA3","","CASTLE HOT SPRINGS","AZ","33.9825","-112.3617","2037","co"
"MTL","","SUMMERHAVEN","AZ","32.4447","-110.7605","7788","co"
"MVFA3","","MAVERICK FORK","AZ","33.9211","-109.4589","9200","co"
"NRMA3","","GRAND CANYON NORTH R","AZ","36.215","-112.0619","8389","co"
"NVRA3","","NEVERSHINE","AZ","36.2475","-113.8885","2165","co"
"ORA","","ORACLE","AZ","32.6109","-110.7707","4537","co"
"ORGA3","26132","ORGAN PIPE CACTUS N","AZ","31.9556","-112.8003","1678","co"
"OTMA3","","OATMAN","AZ","33.0499","-113.1386","1715","co"
"P08","","COOLIDGE","AZ","32.936","-111.4264","1576","co"
"P33","","COCHISE CO AIRPORT","AZ","32.2454","-109.8946","4187","co"
"PHRA3","26471","PHANTOM RANCH","AZ","36.1383","-112.0958","2530","co"
"PROA3","","PROMONTORY","AZ","34.3683","-111.0108","7930","co"
"QBAA3","","BRIGHT ANGEL","AZ","36.2047","-112.0622","8134","co"
"QBHA3","","BLACK HILLS","AZ","33.082","-109.9511","3352","co"
"QBLA3","","BIA NIFC 1","AZ","34.2681","-110.6083","7400","co"
"QBMA3","","BUCKSKIN MTN","AZ","36.9181","-112.1997","6400","co"
"QBRA3","","BLACK ROCK","AZ","36.7944","-113.7505","7224","co"
"QCAA3","","CARR","AZ","31.445","-110.28","5400","co"
"QCGA3","","COLUMBINE","AZ","32.7039","-109.9138","9521","co"
"QCHA3","","HEADQUARTERS","AZ","32.0061","-109.3569","5400","co"
"QCKA3","","CROWN KING","AZ","34.2033","-112.3455","6078","co"
"QCNA3","","CANELO","AZ","31.5497","-110.5191","4629","co"
"QCPA3","","CHEDISKI PEAK","AZ","34.1842","-110.6636","7323","co"
"QCZA3","","CARRIZO","AZ","34.2075","-110.5336","6832","co"
"QDLA3","","DRY LAKE","AZ","33.3598","-109.833","7405","co"
"QDPA3","","DRY PARK","AZ","36.4531","-112.2382","8706","co"
"QDSA3","","DEER SPRINGS","AZ","34.2981","-110.4192","7211","co"
"QEMA3","","EMPIRE","AZ","31.7835","-110.6432","4650","co"
"QFLA3","","FLAGSTAFF","AZ","35.1411","-111.6725","6903","co"
"QFRA3","","AZFTA_PORT1","AZ","34.0784","-109.8958","7207","co"
"QFSA3","","FOUR SPRINGS","AZ","36.7936","-112.0425","6560","co"
"QGBA3","","GREENBASE","AZ","35.2762","-112.0632","6923","co"
"QGDA3","","GOODWIN MESA","AZ","34.7761","-113.3375","4311","co"
"QGHA3","","GRASSHOPPER","AZ","34.105","-110.6056","6390","co"
"QGLA3","","GLOBE","AZ","33.3269","-110.7669","4137","co"
"QGRA3","","GREER","AZ","34.0585","-109.4409","8240","co"
"QGSA3","","GUNSIGHT","AZ","36.7044","-112.5833","5280","co"
"QGTA3","","GUTHRIE","AZ","32.882","-109.3092","6340","co"
"QHAA3","","HAVASU","AZ","34.8076","-114.5345","475","co"
"QHBA3","","HUMBUG CREEK","AZ","34.11","-112.3","5250","co"
"QHEA3","","HEBER","AZ","34.2317","-110.5654","6635","co"
"QHIA3","","KYKOTSMOVI (HOPI)","AZ","35.8629","-110.6149","5579","co"
"QHJA3","","HAPPY JACK","AZ","34.618","-111.3422","6793","co"
"QHOA3","","HOUSEROCK","AZ","36.5628","-111.9825","5400","co"
"QHPA3","","HOPKINS","AZ","31.6753","-110.88","7120","co"
"QHQA3","","SMITH PEAK","AZ","34.1149","-113.3473","2500","co"
"QHRA3","","HORSE CAMP CANYON","AZ","32.9365","-110.4934","4097","co"
"QHTA3","","HILLTOP","AZ","33.6112","-110.4146","5732","co"
"QHUA3","","HURRICANE","AZ","36.6991","-113.2073","5445","co"
"QHVA3","","RINCON","AZ","32.2064","-110.5486","8209","co"
"QISA3","","IRON SPRINGS","AZ","34.5936","-112.5113","5385","co"
"QJPA3","","JUNIPER RIDGE","AZ","34.2328","-110.2011","6920","co"
"QLBA3","","LINDBERGH HILL","AZ","36.2856","-112.0786","8800","co"
"QLCA3","","LIMESTONE CANYON","AZ","34.1778","-110.2766","7102","co"
"QLKA3","","LAKESIDE","AZ","34.1661","-109.9772","6653","co"
"QLMA3","","MOUNTAIN LION","AZ","33.6951","-109.7107","7269","co"
"QMBA3","","MOSS BASIN","AZ","35.034","-113.894","5920","co"
"QMLA3","","MOUNT LOGAN","AZ","36.3531","-113.1991","7605","co"
"QMMA3","","MUSIC MOUNTAIN","AZ","35.615","-113.7942","5375","co"
"QMOA3","","MORMON LAKE","AZ","34.9067","-111.445","7400","co"
"QMRA3","","MULESHOE RANCH","AZ","32.4038","-110.2719","4560","co"
"QNFA3","","NIXON FLATS","AZ","36.3883","-113.158","6500","co"
"QNMA3","","NAVAJO MONUMENT","AZ","36.6769","-110.5411","7279","co"
"QNOA3","","NOON CREEK","AZ","32.6678","-109.788","4925","co"
"QOCA3","","OAK CREEK","AZ","34.9417","-111.7516","4804","co"
"QOKA3","","OLAF KNOLLS","AZ","36.5072","-113.8161","2900","co"
"QOSA3","","O W SADDLE","AZ","34.2722","-110.7794","7300","co"
"QPAA3","","PAYSON","AZ","34.2392","-111.3027","4975","co"
"QPEA3","","NRAWS 8","AZ","32.2578","-109.1799","3665","co"
"QPHA3","","PINEY HILL","AZ","35.761","-109.1671","8110","co"
"QPIA3","","COCONINO MICRO #5","AZ","34.4815","-111.2414","7656","co"
"QPNA3","","PINE","AZ","34.3717","-111.4556","5387","co"
"QPPA3","","PARIA POINT","AZ","36.7278","-111.8219","7235","co"
"QPRA3","","PROMONTORY","AZ","34.3653","-111.0144","7842","co"
"QPSA3","","NRAWS 7","AZ","32.1315","-110.9563","2420","co"
"QPTA3","","NRAWS 2","AZ","32.2279","-110.9557","2450","co"
"QPVA3","","PLEASANT VALLEY","AZ","34.0883","-110.9422","5179","co"
"QRCA3","","RUCKER","AZ","31.7611","-109.3486","5700","co"
"QRLA3","","RED LAKE","AZ","34.1811","-110.7891","6200","co"
"QRTA3","","ROBINSON TANK","AZ","36.4775","-112.8419","5560","co"
"QSBA3","","SASABE","AZ","31.6917","-111.4481","3500","co"
"QSCA3","","SAN CARLOS #1","AZ","33.3717","-110.4568","2830","co"
"QSEA3","","SELLS","AZ","31.9101","-111.8974","2262","co"
"QSGA3","","SAGUARO","AZ","32.3111","-110.8186","2264","co"
"QSHA3","","STRAY HORSE","AZ","33.5525","-109.3173","7945","co"
"QSLA3","","SCOUT CAMP","AZ","32.398","-110.725","7554","co"
"QSPA3","","SUNSET POINT","AZ","34.1885","-112.1346","3380","co"
"QSRA3","","SHADOW RIM","AZ","34.4058","-111.283","5543","co"
"QSTA3","","STANTON","AZ","34.164","-112.7348","3600","co"
"QTCA3","","TRAIL CABIN","AZ","33.2648","-109.3678","6250","co"
"QTUA3","","TUSAYAN","AZ","35.9883","-112.1205","6570","co"
"QTWA3","","TWEEDS POINT","AZ","36.5819","-113.7319","5200","co"
"QTZA3","","QUARTZSITE","AZ","33.6612","-114.2245","879","co"
"QUPA3","","UNION PASS","AZ","35.2323","-114.3819","3590","co"
"QVDA3","","VERDE","AZ","34.5492","-111.8441","3101","co"
"QWSA3","","WARM SPRINGS CANYON","AZ","36.7012","-112.2268","8010","co"
"QYJA3","","YELLOW JOHN MOUNTAIN","AZ","36.155","-113.5494","6160","co"
"SALA3","","SALOME","AZ","33.7811","-113.6147","1880","co"
"SEDA3","","SEDONA","AZ","34.8667","-111.7667","4220","co"
"SELA3","","SELIGMAN","AZ","35.3322","-112.8797","5246","co"
"SMTA3","","SUNRISE MOUNTAIN","AZ","33.9733","-109.5631","9399","co"
"SPIA3","","SUPERIOR","AZ","33.3008","-111.0967","2860","co"
"TACA3","","TACNA","AZ","32.7225","-113.9191","326","co"
"TCRA3","","TRUXTON CANYON","AZ","35.7801","-113.7956","5304","co"
"TNMA3","","COTTONWOOD/TUZIGOOT","AZ","34.7706","-112.0264","3396","co"
"TNPA3","","TONOPAH","AZ","33.4935","-112.937","1122","co"
"TOMA3","","TOMBSTONE","AZ","31.7053","-110.0575","4610","co"
"TSLA3","","TSAILE","AZ","36.2918","-109.218","7073","co"
"TTBA3","","TONTO BASIN","AZ","33.8686","-111.3133","2414","co"
"TUBA3","","TUBA CITY","AZ","36.1306","-111.2436","4945","co"
"VBBA3","","VIRGIN BASIN BUOY","AZ","36.132","-114.412","1203","co"
"WKBA3","","WICKENBURG","AZ","33.9792","-112.7403","2099","co"
"WNMA3","","WUPATKI SW","AZ","35.5417","-111.5416","5658","co"
"XBHA3","","BEAVER HEAD","AZ","33.6914","-109.2167","7990","co"
"XSCA3","","SNOWSLIDE CANYON","AZ","35.3417","-111.6506","9730","co"
"BEPB6","","BERMUDA ESSO PEIR","BA","32.3728","-64.7028","15","oc"
"TBPB","MKPA","GRANTLEY ADAMS/BB","BB","13.0667","-59.4833","164","oc"
"CBBC","","BELLA_BELLA","BC","52.185","-128.1567","141","ak"
"CDP9","DP9","DEER PARK","BC","49.4167","-118.05","1500","co"
"CKT9","KT9","KOOTNAI WESTGATE","BC","50.6333","-116.0667","3000","co"
"CNU9","NU9","NAKUSP","BC","50.2333","-117.8","1500","co"
"CPBQ2","","BLUE RIVER","BC","52.12","-119.28","2241","co"
"CRSQ2","","CRESTON","BC","49.1","-116.5167","1765","co"
"CVAS","","ASHCROFT","BC","50.7083","-121.2814","1073","co"
"CVBB","","DELTA BURNS BOG","BC","49.126","-123.0024","10","co oc"
"CVLY","","LYTTON_RCS","BC","50.22","-121.58","738","co"
"CVOB","","WHISTLER_MT_LOW_LVL","BC","50.0833","-122.9833","2975","co"
"CVOC","","BLACKCOMBE_MTN_BASE","BC","50.1289","-122.9547","2162","co"
"CVOD","","CALLAGHAN_VALLEY","BC","50.1441","-123.1106","2900","co"
"CVOE","","CYPRESS_BOWL_NORTH","BC","49.4019","-123.2075","3127","co"
"CVOG","","CYPRESS_BOWL_SOUTH","BC","49.3787","-123.194","2907","co"
"CVOH","","WHISTLER_MTN_HIGH_LV","BC","50.0742","-122.9469","5545","co"
"CVOI","","BLACKCOMB_BASE_SLIDI","BC","50.1014","-122.9356","3074","co"
"CVOJ","","MT_WASHINGTON","BC","49.7467","-125.2872","4834","co oc"
"CVOM","","PORT_MELLON","BC","49.5263","-123.4963","404","co"
"CVOO","","NORTH COWICHAN","BC","48.8242","-123.7191","197","co"
"CVOP","","POWELL_RIVER","BC","49.8344","-124.4981","410","co"
"CVOQ","","QUALICUM_AIRPORT","BC","49.3372","-124.3939","190","co"
"CVOU","","SECHELT","BC","49.458","-123.7152","282","co"
"CVOW","","CALLAGHAN_VALLEY_SK","BC","50.1375","-123.11","3071","co"
"CVOY","","CALLAGHAN_VALLEY_BI","BC","50.1472","-123.1156","2854","co"
"CVQZ","","QUESNEL AIRPORT AUTO","BC","53.0267","-122.5064","1788","co"
"CVSL","","OOTSA_LAKESKINS_LAK","BC","53.7667","-125.9833","2824","co"
"CVTS","","SATURNA/CAPMON_CS","BC","48.7754","-123.1283","584","co oc"
"CVVR","","SEA ISLAND CCG","BC","49.1825","-123.1872","7","co oc"
"CVXS","","PRINCE GEORGE ARPT A","BC","53.8889","-122.6719","2231","co"
"CWAD","","CAPE MUDGE LIGHT HOU","BC","49.9986","-125.1956","13","co oc"
"CWAE","","WHISTLER","BC","50.129","-122.9547","2159","co"
"CWAN","","AMPHITRITE_POINT","BC","48.9211","-125.5411","89","co oc"
"CWAU","","DRYAD_POINT_(LGT-H)","BC","52.185","-128.12","13","ak"
"CWCL","WCL","CLINTON (AUTO)","BC","51.15","-121.5","3468","co"
"CWCV","","NOOTKA LIGHTSTATION","BC","49.6","-126.62","52","co oc"
"CWCZ","","ADDENBROKE_ISL_(LH)","BC","51.6","-127.87","69","ak"
"CWDR","","DISCOVERY_ISLAND","BC","48.4267","-123.2333","50","co oc"
"CWEB","WEB WFJ CYEP","ESTEVAN PT.(AUTO)","BC","49.3833","-126.55","23","co oc"
"CWEK","","GREY ISLET (MAPS)","BC","54.58","-130.6999","26","ak oc"
"CWEL","WEL","ENTRANCE ISLAND","BC","49.2167","-123.8","16","co"
"CWEM","UEM","EGG ISLAND LGT_STN","BC","51.25","-127.83","46","ak oc"
"CWES","","CAPE_SCOTT_(LGT-H)","BC","50.79","-128.43","236","ak oc"
"CWEZ","","SATURNA","BC","48.7833","-123.05","79","co oc"
"CWFG","WFG","SARTINE IS (AUTO)","BC","50.8167","-129.9","331","ak oc"
"CWFM","WFM","CHATHAM POINT","BC","50.3333","-125.4333","66","co"
"CWGB","WGB","BALLENAS ISLAND","BC","49.35","-124.16","42","co"
"CWGP","WGP","PEMBERTON ARPT","BC","50.3","-122.7333","669","co"
"CWGT","WGT","SISTERS ISLAND","BC","49.4833","-124.4333","16","co oc"
"CWGW","WGW","SPARWOOD  AUTO","BC","49.75","-114.8833","3730","co"
"CWHC","WHC YHC","VANCOUVER HARBOUR","BC","49.3","-123.1167","16","co oc"
"CWHJ","WHJ","HOLBERG","BC","50.65","-128.05","2024","ak oc"
"CWHL","WHL","HOLLAND ROCK AUTO","BC","54.1667","-130.3667","16","ak oc"
"CWIF","","QUATSINO_(LGT-STN)","BC","50.43","-128.03","69","ak oc"
"CWJG","","IVORY_ISLAND","BC","52.27","-128.32","33","ak"
"CWJR","WJR","CRESTON CAMPBELL","BC","49.08","-116.5","1867","co"
"CWJU","WJU CWLA","LANGARA","BC","54.25","-133.05","135","ak oc"
"CWJV","WJV CWVK","VERNON   AUTOB","BC","50.2333","-119.2833","1824","co"
"CWKH","WKH","MALAHAT","BC","48.5833","-123.5333","403","co"
"CWKS","","SIKANNI CHIEF","BC","57.2503","-122.7181","3074","ak"
"CWKV","WKV","HOPE SLIDE","BC","49.2833","-121.2333","2225","co"
"CWKX","WKX","DEASE_LAKE_CS","BC","58.42","-130","2677","ak"
"CWLC","WLC","LUCY ISLAND  LTHS","BC","54.3","-130.5999","89","ak oc"
"CWLM","WLM CWVG","VICTORIA","BC","48.4167","-123.3167","230","co"
"CWLP","","HERBERT ISLAND","BC","50.95","-127.64","54","ak oc"
"CWLY","WLY YLY","LYTTON","BC","50.2333","-121.5833","846","co"
"CWME","","CATHEDRAL POINT","BC","52.19","-127.47","102","ak"
"CWMM","WMM","P._MEADOWS_CS_AUTO8","BC","49.2","-122.68","16","co"
"CWMR","","MERRY ISLAND","BC","49.47","-123.92","26","co"
"CWMS","WMS UMS","MCINNES ISLAND","BC","52.2667","-128.7167","75","ak oc"
"CWNJ","","GREEN_ISLAND","BC","54.57","-130.7","39","ak oc"
"CWNM","WNM","NELSON    AUTO.","BC","49.49","-117.3","1755","co"
"CWNP","WNP","NAKUSP    AUTOB","BC","50.2667","-117.8167","1680","co"
"CWPF","WPF","ESQUIMALT HARBOUR","BC","48.4333","-123.4333","39","co"
"CWPI","","PINE_ISLAND_(MAPS)","BC","50.98","-127.73","30","ak oc"
"CWPN","","PEMBERTON AIRPORT","BC","50.3022","-122.7381","669","co"
"CWPR","WPR","PRINCETON    AUTO8","BC","50.6","-120.5167","2297","co"
"CWPU","WPU YPU WKG","PUNTZI MTN (AUTO)","BC","52.1167","-124.1333","2986","co"
"CWPZ","WPZ CYPZ","BURNS LAKE","BC","54.2333","-125.7667","2310","co"
"CWQC","WQC","PORT_ALBERNI_(MARS)","BC","49.25","-124.83","7","co"
"CWQK","WQK","RACE ROCKS","BC","48.3","-123.5333","16","co oc"
"CWQS","","KINDAKUN_ROCKS(AUT)","BC","53.3","-132.7666","45","ak oc"
"CWRO","","ROSE_SPIT_(MAPS)","BC","54.17","-131.6699","22","ak oc"
"CWRU","WRU","SOLANDER IS","BC","50.1167","-127.9333","289","ak oc"
"CWSB","","POINT_ATKINSON","BC","49.3333","-123.2667","114","co"
"CWSK","WSK","SQUAMISH  ARPT","BC","49.7833","-123.1667","197","co"
"CWSL","WSL","SALMON ARM  AUTOB","BC","50.7","-119.2833","1152","co"
"CWSP","WSP","SHERINGHAM POINT","BC","48.3833","-123.9167","69","co"
"CWSQ","WSQ YSQ","SPRING ISLAND","BC","50","-127.4167","33","ak oc"
"CWSV","","BLUE RIVER (MARS)","BC","52.1","-119.3","2240","co"
"CWSW","","SPARWOOD/ELK_VALLEY","BC","49.75","-114.88","3734","co"
"CWTH","","TETSA RIVER MILE 375","BC","58.65","-124.2333","2638","ak"
"CWTI","","TRIPLE_ISLAND_(LH)","BC","54.3","-130.88","69","ak oc"
"CWUS","WUS","SUMMERLAND  AUTO","BC","49.5667","-119.65","1490","co"
"CWVF","WVF","SAND HEADS LIGHTH","BC","49.1","-123.3","3","co oc"
"CWVV","WVV","VIC._HARTLAND_AUTO8","BC","48.53","-123.47","161","co"
"CWWA","WWA","WEST VANCOUVER","BC","49.3333","-123.1833","528","co"
"CWWK","WWK","WHITE ROCK","BC","49.0167","-122.7667","49","co oc"
"CWWL","WWL UVL CWVB","BONILLA ISLAND","BC","53.5","-130.6332","56","ak oc"
"CWYJ","WYJ","VICTORIA UNIV","BC","48.45","-123.3","161","co"
"CWYL","WYL","YOHO PARK","BC","51.45","-116.3333","5299","co"
"CWYY","WYY","OSOYOOS","BC","49.0333","-119.4333","928","co"
"CWZA","WZA","AGASSIZ  AMOS","BC","49.25","-121.7667","49","co"
"CWZL","WZL","CUMSHEWA ISLAND","BC","53.03","-131.5999","55","ak oc"
"CWZM","","BOAT_BLUFF_(LGT-H)","BC","52.65","-128.52","49","ak"
"CWZO","","KELP_REEFS","BC","48.55","-123.23","3","co oc"
"CWZV","WZV WFV","CAPE ST JAMES","BC","51.9333","-131.0166","299","ak oc"
"CXFA","","FANNY ISLAND","BC","50.45","-125.99","16","co"
"CXTL","","TATLAYOKO LAKE RCS","BC","51.67","-124.4","2871","co"
"CXWF","","WARFIELD_RCS","BC","49.1167","-117.7333","1860","co"
"CYAZ","YAZ","TOFINO","BC","49.0833","-125.7667","66","co oc"
"CYBD","YBD","BELLA COOLA AIRPORT","BC","52.38","-126.58","115","co"
"CYBL","YBL","CAMPBELL RIVER","BC","49.95","-125.2667","348","co oc"
"CYCD","YCD","NANAIMO","BC","49.05","-123.8667","98","co"
"CYCG","YCG CT9","CASTLEGAR","BC","49.3","-117.6333","1624","co"
"CYCJ","YCJ","CAPE ST. JAMES","BC","51.9333","-131.0167","292","ak oc"
"CYCP","YCP","BLUE RIVER","BC","52.1333","-119.2833","2241","co"
"CYCQ","","CHETWYND_AIRPORT","BC","55.7","-121.63","1998","ak"
"CYDC","YDC PR9","PRINCETON","BC","49.4667","-120.5167","2297","co"
"CYDL","YDL CWDL","DEASE LAKE","BC","58.4167","-130","2677","ak"
"CYDQ","YDQ","DAWSON CREEK","BC","55.75","-120.1833","2149","co"
"CYGC","YGC","MT.FIDELITY","BC","51.2333","-117.7","6380","co"
"CYHE","YHE WHE","HOPE","BC","49.3667","-121.4833","128","co"
"CYIN","","BLEIBLER RANCH","BC","51.2663","-121.6847","3701","co"
"CYKA","YKA CZKA","KAMLOOPS","BC","50.7","-120.45","1135","co"
"CYLW","YLW","KELOWNA","BC","49.9667","-119.3833","1411","co"
"CYPB","YPB","PORT ALBERNI","BC","49.25","-124.8333","7","co"
"CYPR","YPR","PRINCE RUPERT","BC","54.3","-130.4499","112","ak oc"
"CYPW","YPW","POWELL RIVER","BC","49.8167","-124.5","394","co"
"CYQQ","YQQ","COMOX","BC","49.7167","-124.9","79","co oc"
"CYQZ","YQZ CWQZ","QUESNEL","BC","53.0333","-122.5167","1788","co"
"CYRV","YRV RV9 CVRA","REVELSTOKE","BC","50.9667","-118.1833","1453","co"
"CYTC","YTC CWTC","ETHELDA BAY","BC","53.05","-129.6833","26","ak oc"
"CYVR","YVR","VANCOUVER","BC","49.1833","-123.1833","9","co oc"
"CYWH","WIR","VICTORIA MAR.RAD.","BC","48.3667","-123.3875","105","co oc"
"CYWL","YWL","WILLIAMS LAKE","BC","52.1833","-122.05","3084","co"
"CYXC","YXC CR9","CRANBROOK","BC","49.6167","-115.7833","3081","co"
"CYXJ","YXJ","FORT ST. JOHN","BC","56.2333","-120.7333","2280","ak"
"CYXS","YXS","PRINCE GEORGE","BC","53.8833","-122.6833","2267","co"
"CYXT","YXT","TERRACE","BC","54.4667","-128.5833","712","co"
"CYXX","YXX","ABBOTSFORD","BC","49.0333","-122.3667","190","co"
"CYYD","YYD","SMITHERS","BC","54.8167","-127.1833","1716","co"
"CYYE","YYE","FORT NELSON","BC","58.8333","-122.6","1253","ak"
"CYYF","YYF","PENTICTON","BC","49.4667","-119.6","1122","co"
"CYYJ","YYJ","VICTORIA INTL AP","BC","48.65","-123.4333","62","co"
"CYZP","YZP","SANDSPIT","BC","53.25","-131.8167","20","ak"
"CYZT","YZT","PORT HARDY","BC","50.6833","-127.3666","72","ak oc"
"CYZY","YZY","MACKENZIE","BC","55.3","-123.1333","2297","co"
"CZMT","","MASSET_ARPT","BC","54.0275","-132.1253","26","ak"
"CZST","ZST","STEWART","BC","55.9333","-129.9833","26","ak"
"DCDQ2","","DUNCAN DAM","BC","50.25","-116.97","1801","co"
"FDLQ2","","FIDELITY MOUNTAIN","BC","51.23","-117.72","6150","co"
"FNEQ2","CFE9","FERNIE","BC","49.5","-115.05","3510","co"
"FQRQ2","CFQ9","FAUQUIRE","BC","49.8667","-118.0833","1549","co"
"GEBQ2","CYGE","GOLDEN","BC","51.3","-116.9667","2582","co"
"GRPQ2","CGL9","ROGERS PASS","BC","51.2833","-117.5167","4341","co"
"MCDQ2","CMI9","MICA DAM","BC","52.05","-118.5833","2475","co"
"NDRQ2","CND9","NEW DENVER","BC","49.9833","-117.3833","1850","co"
"RADQ2","","KOOTENAY NATL PARK","BC","50.62","-116.0667","2950","co"
"VAVQ2","CYVB","VAVENBY","BC","51.5833","-119.7833","1460","co"
"TXKF","MXKF","BERMUDA NAS/KINDLEY","BM","32.3667","-64.6833","20","oc"
"MYEF","","EXUMA_INTL","BS","23.57","-75.89","10","co oc"
"MYEG","","GEORGETOWN/EXUMA","BS","23.5","-75.77","10","co oc"
"MYGF","","FREEPORT/BAHAMAS","BS","26.55","-78.7","7","co oc"
"MYNN","","NASSAU/BAHAMAS","BS","25.05","-77.4667","10","co oc"
"SPGF1","","SETTLEMENT POINT","BS","26.7044","-78.9944","32","co oc"
"MZBZ","","BELIZE","BZ","17.5333","-88.3","16","oc"
"46006","6006","SE PAPA","CA","40.7997","-137.4794","16","oc"
"46011","6011","SANTA MARIA","CA","34.8797","-120.8689","16","co oc"
"46012","6012","HALF MOON BAY","CA","37.3608","-122.8814","16","co oc"
"46013","6013","BODEGA","CA","38.225","-123.3167","16","co oc"
"46014","6014","PT ARENA","CA","39.2161","-123.9711","16","co oc"
"46022","6022","EEL RIVER","CA","40.7814","-124.5419","16","co oc"
"46023","6023","D PT ARGUELLO","CA","34.7139","-120.9667","33","co oc"
"46025","6025","CATALINA RIDGE","CA","33.745","-119.0839","16","co oc"
"46026","6026","SAN FRANCISCO","CA","37.7589","-122.8332","16","co oc"
"46027","6027","ST GEORGES","CA","41.8517","-124.3817","16","co oc"
"46028","6028","CAPE SAN MARTIN","CA","35.7369","-121.8886","16","co oc"
"46042","6042","MONTEREY","CA","36.7531","-122.4225","16","co oc"
"46047","","TANNER BANKS","CA","32.4333","-119.5331","16","co oc"
"46053","","SANTA BARBARA E","CA","34.2361","-119.8499","16","co oc"
"46054","","SANTA BARBARA W","CA","34.2689","-120.4483","16","co oc"
"46059","","CALIFORNIA","CA","38.047","-129.9689","16","oc"
"46063","","PT CONCEPTION","CA","34.2764","-120.6647","16","co oc"
"46069","","S SANTA ROSA ISLAND","CA","33.65","-120.2","16","co oc"
"46086","","SAN CLEMENTE BASIN","CA","32.4983","-117.9992","16","co oc"
"46091","","MBM0/MOSS LANDING","CA","36.8344","-121.8986","13","co"
"46092","","MBM1/PACIFIC GROVE","CA","36.75","-122.02","13","co"
"46093","","MBM2/PACIFIC GROVE","CA","36.69","-122.41","13","co oc"
"60CL","","CHP ACADEMY","CA","38.5988","-121.5605","20","co"
"AAMC1","","ALAMEDA","CA","37.7717","-122.2983","16","co"
"AATC1","","ALTAMONT","CA","37.693","-121.6093","1436","co"
"ALDC1","","ALDER POINT","CA","40.186","-123.591","1059","co"
"ALLC1","","ALISO LAGUNA","CA","33.536","-117.7533","820","co"
"AMOC1","","AMMO DUMP","CA","33.3814","-117.2855","1068","co"
"ANEC1","","ALPINE","CA","32.8364","-116.6715","2797","co"
"ANIC1","","ANACAPA ISLAND","CA","34.0151","-119.3631","277","co oc"
"ANUC1","","ARB2 PORTABLE","CA","38.3538","-120.7867","1465","co"
"ANVC1","","ARENA COVE","CA","38.9144","-123.7112","25","co oc"
"ARGC1","","ARROYO GRANDE","CA","35.1791","-120.3927","1048","co"
"ASDC1","","ASPENDELL","CA","37.2372","-118.5972","8455","co"
"ASRC1","","ARROYO SECO","CA","36.2355","-121.4798","879","co"
"ATLC1","","ATLAS PEAK","CA","38.4748","-122.2648","1934","co"
"ATNC1","","ACTON","CA","34.4464","-118.1968","2600","co"
"ATRC1","","SLATER BUTTE","CA","41.8583","-123.3536","4621","co"
"ATSC1","","DEVILS GARDEN","CA","41.5284","-120.6725","5049","co"
"BABC1","","BACKBONE","CA","40.8893","-123.1425","4609","co"
"BAJC1","","BARRETT","CA","32.6675","-116.6994","2395","co"
"BAZC1","","CABAZON","CA","33.9318","-116.8052","2155","co"
"BBEC1","","BARNABY","CA","38.0281","-122.7022","810","co oc"
"BBNC1","","BLUE RIDGE","CA","40.9","-123.16","3999","co"
"BCNC1","","BURNS CANYON","CA","34.2084","-116.6216","6284","co"
"BDMC1","","BALD MTN LOC","CA","38.9042","-120.7052","4613","co"
"BDOC1","","BLUE DOOR","CA","41.0541","-120.3375","5927","co"
"BENC1","","BEN BOLT","CA","38.5908","-120.9336","905","co"
"BETC1","","BENTON","CA","37.8433","-118.4785","5450","co"
"BEVC1","","BEAR VALLEY","CA","35.1397","-118.625","4995","co"
"BGBC1","","BIG BAR","CA","40.7422","-123.2491","1722","co"
"BHTC1","","BRUSH MOUNTAIN","CA","40.9139","-123.6688","3941","co"
"BIAJ2","","BIA_PROJ_RAWS","CA","38.9678","-120.1","6942","co"
"BIIC1","","BIG HILL","CA","41.0975","-123.6358","3570","co"
"BIJC1","","BIRD SPRINGS PASS","CA","35.5359","-118.1403","6360","co"
"BKGC1","","BRECKENRIDGE","CA","35.4536","-118.5951","7485","co"
"BKOC1","","BLACKS MOUNTAIN","CA","40.7246","-121.1789","5725","co"
"BKRC1","","BLACKROCK","CA","36.0934","-118.261","8114","co"
"BKSC1","","BROOKS","CA","38.7384","-122.1446","354","co"
"BMEC1","","BUCK MEADOWS","CA","37.8231","-120.0984","3160","co"
"BMUC1","","BLUE MOUNTAIN","CA","41.8299","-120.8633","5746","co"
"BMXC1","","BLUE MAX","CA","35.7097","-117.972","5350","co"
"BNDC1","","BEN LOMOND","CA","37.1309","-122.1726","2598","co"
"BNGC1","","BANGOR","CA","39.3807","-121.3862","803","co"
"BNJC1","","BANNING","CA","33.9734","-116.9125","3609","co"
"BNTC1","","BEAUMONT","CA","33.9305","-116.9499","2604","co"
"BNVC1","","BOONVILLE","CA","38.9873","-123.3484","644","co"
"BOGC1","","BOGARD R.S.","CA","40.5921","-121.0779","5673","co"
"BOLC1","","BOLAM","CA","41.5341","-122.2097","4489","co"
"BPFC1","","BIG PINE FLAT","CA","34.3188","-117.0138","6851","co"
"BPKC1","","BEAR PEAK","CA","35.8819","-118.0755","8228","co"
"BPNC1","","BIG PINES","CA","34.3792","-117.6877","6964","co"
"BPOC1","","BRIDGEPORT","CA","38.2719","-119.2891","6650","co"
"BPTC1","41072","BRIDGEPORT","CA","38.2575","-119.2286","6470","co"
"BRHC1","","BRANCH MOUNTAIN","CA","35.1852","-120.0849","3770","co"
"BSNC1","","BATTERSON","CA","37.3784","-119.6295","3176","co"
"BTTC1","","BUTTERCUP","CA","32.7398","-114.8841","217","co"
"BUFC1","","BULL FLAT","CA","40.4815","-120.115","4678","co"
"BUGC1","","BLUE RIDGE (KNF)","CA","41.2691","-123.1889","5859","co"
"BVDC1","","MISSION VALLEY","CA","32.783","-117.136","300","co"
"BVRC1","","BEVERLY HILLS","CA","34.1249","-118.4125","1260","co"
"BYDW4","","WO LOANER","CA","37.5584","-119.2367","7986","co"
"BZRC1","","BRAZIE RANCH","CA","41.6758","-122.5999","3090","co"
"CAHC1","","HASTINGS","CA","36.3885","-121.5515","1885","co"
"CAPC1","","BELL CANYON","CA","33.5518","-117.5729","793","co"
"CAZC1","","CARRIZO","CA","35.0965","-119.7732","2490","co"
"CBXC1","","COLBY MOUNTAIN","CA","40.1459","-121.5225","6004","co"
"CDEC1","","CARPENTER RIDGE","CA","40.0686","-121.584","4816","co"
"CEEC1","","CHEESEBORO","CA","34.1866","-118.7195","1707","co oc"
"CEKC1","","CLEAR CREEK","CA","34.2711","-118.1525","3000","co"
"CESC1","","CHESTER","CA","40.2926","-121.2439","4547","co"
"CFAC1","","CFA RAWS","CA","38.38","-120.9302","660","co"
"CFCC1","","SCORPION","CA","41.1095","-122.6974","3365","co"
"CGVC1","","CEDAR GROVE","CA","36.7878","-118.6561","4720","co"
"CHAC1","","CASHMAN","CA","40.0019","-120.915","4478","co"
"CHOC1","","CHILAO","CA","34.3317","-118.0302","5450","co"
"CHUC1","","CHICO UNIV. FARM","CA","39.6914","-121.8211","185","co"
"CICC1","","OPENSHAW","CA","39.5898","-121.6351","268","co"
"CISC1","","WHITE CLOUD","CA","39.3167","-120.8375","4320","co"
"CLBC1","BLDC1","COLLINS BALDY","CA","41.775","-122.9518","5476","co"
"CLHC1","","CLARK","CA","33.8771","-117.304","1722","co"
"CLNC1","","CALLAHAN #2","CA","41.2997","-122.8255","3910","co"
"CMAC1","","CAMPO SECO","CA","38.2236","-120.8663","399","co"
"CMNC1","","CAMERON FIRE STATION","CA","32.7212","-116.4646","3268","co"
"CMOC1","","CLAREMONT","CA","34.1368","-117.7075","1645","co"
"CNAC1","","CORONA 1","CA","33.819","-117.5735","1951","co"
"CNFC1","","CRANE","CA","37.7595","-119.8205","6634","co"
"CNIC1","","CAMP 9","CA","34.3533","-118.4185","4000","co"
"CNSC1","","CRANSTON","CA","33.7403","-116.8413","1950","co"
"CNYC1","","CANBY","CA","41.4454","-120.8695","4315","co"
"COKC1","","BEAVER","CA","38.4819","-120.3158","4651","co"
"COWC1","","LYONS VALLEY","CA","39.1258","-123.0733","3355","co"
"CPXC1","","CAL POLY PIER","CA","35.17","-120.7411","53","co oc"
"CRGC1","","CORNING","CA","39.9389","-122.1697","289","co"
"CRVC1","","CRESTVIEW","CA","37.7374","-118.9965","7570","co"
"CRZC1","","CRAZY PEAK","CA","41.9764","-123.6122","3970","co"
"CSPC1","","CASE SPRINGS","CA","33.4459","-117.4191","2317","co"
"CSTC1","","COHASSET","CA","39.8718","-121.7689","1733","co"
"CSVC1","","CASITAS","CA","34.4082","-119.3712","639","co oc"
"CSWC1","","CASE MOUNTAIN","CA","36.4107","-118.8092","6450","co"
"CSXC1","","CAMP SIX","CA","41.8308","-123.8764","3698","co"
"CSZC1","","COLD SPRINGS","CA","41.7814","-120.3193","6379","co"
"CTGC1","","ROBLAR CANYON","CA","33.3722","-117.3597","915","co"
"CTGC9","","CMP TARGET RANGE","CA","33.3722","-117.3588","917","co"
"CTOC1","","CORRALITOS","CA","36.9909","-121.8048","327","co"
"CUUC1","","CHUCHUPATE","CA","34.8064","-119.0136","5280","co"
"CUVC1","","CUYAMA VALLEY","CA","34.9654","-119.8801","2535","co"
"CVBC1","","CATHEYS VALLEY","CA","37.3802","-120.0769","1234","co"
"CVEC1","","CONVERSE","CA","34.1942","-116.913","5618","co"
"CWNC1","","CATALINA ISLAND","CA","33.3508","-118.3522","1570","co oc"
"CYVC1","","COYOTE","CA","39.9881","-120.4775","5570","co"
"DBLC1","","DIABLO GRANDE","CA","37.3293","-121.2953","1861","co"
"DEMC1","","DEMOCRAT","CA","35.5319","-118.6305","2364","co"
"DENC1","","DESCANSO","CA","32.8574","-116.6223","3567","co"
"DEVC1","","DEATH VALLEY","CA","36.4622","-116.8669","-194","co"
"DEXC1","","DEXTER","CA","37.8389","-118.7718","7981","co"
"DGRC1","","MT. WASHINGTON","CA","34.1041","-118.2149","920","co"
"DKYC1","","DINKEY","CA","37.0665","-119.1572","5737","co"
"DLVC1","","DEL VALLE","CA","34.4297","-118.6671","1278","co"
"DNTC1","","DELNORTE","CA","34.0092","-119.6541","800","co oc"
"DOGC1","","DOG VALLEY","CA","39.5619","-120.0477","5976","co"
"DPMC1","","DOS PALMAS","CA","33.5054","-115.8396","-95","co"
"DPXC1","","DAVIS POINT  SAN PP","CA","38.057","-122.259","25","co"
"DRAC1","","SUMMIT","CA","40.5","-121.42","6962","co"
"DSCA3","","DESERT CENTER","CA","33.7133","-115.4004","905","co"
"DUCC1","","DUNCAN","CA","39.1439","-120.5088","7100","co"
"DUIC1","","DUTCH-INDY","CA","41.6435","-123.444","2296","co"
"DVOC1","","DEVORE","CA","34.1821","-117.3851","1605","co"
"DYLC1","","DOYLE","CA","40.0589","-120.0937","4320","co"
"E0673","","CUYAMA FIRE STATION","CA","34.9456","-119.6819","2160","co"
"ECKC1","","ALDER SPRINGS","CA","39.6516","-122.7245","4543","co"
"ECSC1","","EL CARISO","CA","33.6471","-117.412","2733","co"
"EDRC1","","CATHEDRAL CANYON","CA","33.7687","-116.4801","605","co"
"EELC1","","EEL RIVER (MNF)","CA","39.8253","-123.0825","1500","co"
"EMRC1","","EL MIRAGE","CA","34.6344","-117.5488","2880","co"
"EPKC1","","EAGLE PEAK","CA","39.9269","-122.6419","3713","co"
"EPTC1","","EEL POINT","CA","32.9255","-118.5419","81","co oc"
"EPWC1","","EL PORTAL","CA","37.6753","-119.7879","2073","co"
"ERCC1","","EEL RIVER CAMP","CA","40.1384","-123.8237","476","co"
"ESPC1","","BANNER ROAD","CA","38.2844","-120.4897","2803","co"
"FBZC1","","FALLBROOK","CA","33.3829","-117.2855","879","co"
"FCHC1","","FANCHER CREEK","CA","36.8837","-119.4757","916","co"
"FGMC1","","FIGUEROA","CA","34.7344","-120.0065","3183","co"
"FHCC1","","FISH CREEK MOUNTAINS","CA","32.9903","-116.0669","781","co"
"FHLC1","","FORT HUNTER LIGGET","CA","36.0117","-121.2416","1116","co"
"FLAC1","","BEAR FLAT","CA","41.2953","-120.314","5972","co"
"FMOC1","","FRIEND MTN.","CA","40.5055","-123.3431","4418","co"
"FMRC1","","FIVE MILE","CA","35.8711","-117.9183","4150","co"
"FNWC1","","FENCE MEADOW","CA","36.9621","-119.1755","5240","co"
"FRCC1","","FREMONT CANYON","CA","33.8111","-117.7083","1781","co"
"FSHC1","","SEEDORCHARD","CA","39.0914","-120.7316","4355","co"
"FTBRG","","FORT BRAGG","CA","39.4457","-123.8053","85","co oc"
"FTNC1","","FOUNTAIN SPRINGS","CA","35.8912","-118.9155","794","co"
"FTPC1","","SAN FRANCISCO WLON","CA","37.8063","-122.4659","11","co"
"FWSC1","","FAWNSKIN","CA","34.2661","-116.8988","6900","co"
"GARVL","","GARBERVILLE","CA","40.1001","-123.7949","535","co"
"GMTC1","","GRASS MOUNTAIN","CA","34.6408","-118.4141","4626","co"
"GNFC1","","GIANT FOREST","CA","36.5667","-118.7833","6400","co"
"GNSC1","","GREEN SPRING","CA","37.8342","-120.5031","1108","co"
"GNTC1","","APPLE VALLEY 2","CA","34.5926","-117.1683","3159","co"
"GORC1","","GORDON","CA","40.7561","-120.8921","6215","co"
"GOSC1","","GOOSE VALLEY","CA","33.0843","-116.8769","1835","co"
"GQEC1","","GASQUET 2","CA","41.8383","-123.9453","452","co"
"GRSC1","","GRASSHOPPER","CA","40.7817","-120.7843","6158","co"
"GVPC1","","GRAPEVINE PEAK","CA","34.9017","-118.9033","4647","co"
"GVTC1","","GAVIOTA","CA","34.4884","-120.2357","878","co oc"
"GZFC1","","STEELY FORK","CA","38.6261","-120.5278","4010","co"
"HDVC1","","HIDDEN VALLEY","CA","40.4419","-120.6269","4452","co"
"HDZC1","","HERNANDEZ","CA","36.3825","-120.8558","3733","co"
"HFLC1","","HART FLAT","CA","35.2511","-118.6002","2685","co"
"HGLC1","","HIGH GLADE LOOKOUT","CA","39.2089","-122.8099","4807","co"
"HHPC1","","HEAPS PEAK","CA","34.2348","-117.1388","6455","co"
"HLKC1","","HORSE LAKE","CA","40.6233","-120.4777","5100","co"
"HLLC1","","HELL HOLE","CA","39.0697","-120.4198","5240","co"
"HMDC1","","HOMEWOOD","CA","39.0835","-120.1711","7121","co"
"HMMC1","","SAGE","CA","33.6054","-116.939","2560","co"
"HMRC1","","HUMBUG SUMMIT","CA","40.1095","-121.3826","6714","co"
"HNGC1","","HENNINGER FLATS","CA","34.1951","-118.0936","2800","co"
"HOAC1","","HOOPA","CA","41.0492","-123.677","328","co"
"HPDC1","","HOPLAND UC","CA","39.0308","-123.0805","2682","co"
"HRVC1","","HARVEST OIL PLATFORM","CA","34.468","-120.673","30","co oc"
"HSEC1","","HOLLISTER","CA","36.8422","-121.3621","404","co"
"HSGC1","","HIGHLAND SPRINGS","CA","33.8782","-116.9531","2233","co"
"HSPC1","","SPRING VALLEY","CA","37.5625","-122.4363","1075","co oc"
"HSQC1","","HIGH SIERRA","CA","37.3147","-119.0393","7431","co"
"HTRC1","","HUNTER MOUNTAIN","CA","36.5625","-117.4736","6880","co"
"HTSC1","","HORSE THIEF SPRINGS","CA","35.7707","-115.9094","5046","co"
"HUMC1","","SUGARLOAF","CA","36.7267","-118.675","7950","co"
"HWKC1","","HAWKEYE","CA","38.7351","-122.837","2024","co"
"HYFC1","","HAYFORK","CA","40.5485","-123.1651","2325","co"
"ICAC1","","SANTA MONICA PIER","CA","34.008","-118.5","45","co"
"IDPC1","","OAK CREEK","CA","36.8436","-118.2655","4900","co"
"IDWC1","","INDIAN WELL","CA","41.7117","-121.5063","4777","co"
"IIWC1","","NAVY PIER SAN DIEGO","CA","32.714","-117.175","171","co"
"INRC1","","SAN CLEMENTE NRO","CA","32.996","-118.553","700","co oc"
"INTC1","","PANAMINT","CA","36.1203","-117.0877","6880","co"
"ISCC1","SCNC1 SCNC1","OP1 (SAN CLEMENTE IS","CA","32.8263","-118.3616","622","co oc"
"IWLC1","","INDIAN WELLS CANYON","CA","35.6849","-117.8896","3882","co"
"JBGC1","","JARBO GAP","CA","39.7359","-121.4889","2535","co"
"JPFC1","","JUNIPER FLAT","CA","33.78","-117.08","2119","co"
"JPRC1","","JUNIPER CREEK","CA","41.3327","-120.4728","4636","co"
"JSDC1","","JERSEYDALE","CA","37.5437","-119.8396","3762","co"
"JSNC1","","JOHNSONDALE","CA","35.9711","-118.5407","4684","co"
"JTAC1","","JUANITA LAKE","CA","41.8019","-122.1097","5173","co"
"JULC1","","JULIAN","CA","33.0757","-116.5925","4238","co"
"JWBC1","","JAWBONE","CA","35.2949","-118.2267","4545","co"
"K0O2","0O2","BAKER","CA","35.2863","-116.0814","922","co"
"K0O4","0O4","CORNING MUNI","CA","39.9461","-122.1711","296","co"
"K0O9","0O9","WARD FIELD","CA","41.8456","-123.9848","356","co"
"K0Q5","0Q5","SHELTER COVE","CA","40.0282","-124.0743","73","co"
"K1O2","1O2","LAMPSON FIELD","CA","38.9906","-122.9007","1380","co"
"K1O5","1O5","MONTAGUE/ROHRER","CA","41.7333","-122.55","2525","co"
"K1O6","1O6","DUNSMUIR MUNI-MOTT","CA","41.2629","-122.272","3261","co"
"K1Q2","1Q2","SPAULDING","CA","40.6503","-120.7685","5116","co"
"K1Q4","1Q4","NEW JERUSALEM","CA","37.6778","-121.3012","62","co"
"K1Q5","1Q5","GRAVELLY VALLEY","CA","39.4507","-122.9546","1900","co"
"K2O1","2O1","GANSNER FIELD","CA","39.9439","-120.9454","3419","co"
"K2O6","2O6","CHOWCHILLA","CA","37.1133","-120.247","243","co"
"K2O7","2O7","INDEPENDENCE","CA","36.8164","-118.2049","3908","co"
"K36S","36S","HAPPY CAMP","CA","41.7907","-123.3889","1209","co"
"K3A6","","NEWHALL","CA","34.37","-118.57","1401","co"
"K3O1","3O1","GUSTINE","CA","37.2606","-120.9643","79","co"
"K49X","49X","CHEMEHUEVI VALLEY","CA","34.5289","-114.432","638","co"
"K51Q","51Q","SAN FRANCISCO LS","CA","37.75","-122.6833","99999","oc"
"K87Q","87Q","SAN SIMEON (AMOS)","CA","35.6667","-121.2833","69","co"
"K89Q","89Q","POINT ARENA","CA","38.95","-123.7333","99999","oc"
"K95Q","95Q","POINT PINOS","CA","36.6333","-121.9333","99999","oc"
"K9L2","","EDWARDS AFB AUX N","CA","34.9915","-117.8631","2300","co"
"KA24","A24","CALIFORNIA PINES","CA","41.4123","-120.6839","4389","co"
"KA26","A26","ADIN","CA","41.1865","-120.9544","4234","co"
"KA28","A28","FORT BIDWELL","CA","41.8765","-120.1466","4616","co"
"KA30","A30","SCOTT VALLEY","CA","41.5578","-122.8549","2728","co"
"KA32","A32","BUTTE VALLEY","CA","41.8873","-121.9756","4243","co"
"KAAT","KO00 KS11 S11","ALTURAS","CA","41.4914","-120.5644","4366","co"
"KACV","ACV","ARCATA","CA","40.9792","-124.1058","200","co"
"KAJO","","CORONA_MUNI_ARPT","CA","33.8977","-117.6024","534","co"
"KAPC","APC","NAPA","CA","38.2167","-122.2833","33","co"
"KAPV","","APPLE VALLEY","CA","34.5753","-117.1862","3062","co"
"KAUN","","AUBURN MUNI AP","CA","38.9548","-121.0817","1532","co"
"KAVX","AVX","AVALON","CA","33.4044","-118.4133","1602","co oc"
"KBAB","BAB","BEALE AFB","CA","39.1333","-121.4333","112","co"
"KBAN","","USMC MTN WARFARE TRA","CA","38.3557","-119.5188","6748","co"
"KBFL","BFL","BAKERSFIELD","CA","35.4167","-119.05","492","co"
"KBIH","BIH","BISHOP       ASOS","CA","37.3667","-118.3667","4145","co"
"KBLH","BLH","BLYTHE","CA","33.6186","-114.7142","390","co"
"KBLU","BLU","BLUE CANYON  ASOS","CA","39.2833","-120.7","5286","co"
"KBNG","","BANNING MUNI","CA","33.9226","-116.851","2222","co"
"KBNY","BNY","BURNEY","CA","40.8833","-121.6667","3140","co"
"KBUO","BUO","BEAUMONT","CA","33.9333","-116.9667","2599","co"
"KBUR","BUR","BURBANK","CA","34.2","-118.3667","774","co"
"KBWC","","BRAWLEY MUNI","CA","32.9929","-115.5173","-128","co"
"KBYS","BYS","BICYCLE LAKE AAF","CA","35.2833","-116.6167","2350","co"
"KC80","","NEW COALINGA MUNI","CA","36.1621","-120.2948","625","co"
"KC83","","BYRON","CA","37.8284","-121.6258","79","co"
"KCCR","CCR","CONCORD","CA","37.9833","-122.05","59","co"
"KCEC","CEC","CRESCENT CITY","CA","41.7833","-124.2333","56","co"
"KCIC","CIC","CHICO","CA","39.7833","-121.85","236","co"
"KCLR","","CLIFF HATFIELD MEMOR","CA","33.1313","-115.5214","-182","co"
"KCMA","CMA","CAMARILLO   AWOS","CA","34.2139","-119.0943","75","co oc"
"KCNO","CNO","CHINO","CA","33.9667","-117.6333","692","co"
"KCPM","","COMPTON/WOODLEY","CA","33.8899","-118.2438","99","co"
"KCPU","","CALAVERAS CO-MAURY R","CA","38.1461","-120.6482","1328","co"
"KCQT","","USC CAMPUS","CA","34.0253","-118.2881","184","co"
"KCRQ","CRQ","CARLSBAD","CA","33.1333","-117.2833","328","co"
"KCVH","CVH","HOLLISTER MUNI ARPT","CA","36.8933","-121.4103","230","co"
"KCXL","","CALEXICO INTL","CA","32.6674","-115.5176","6","co"
"KCZZ","CZZ","CAMPO","CA","32.6167","-116.4667","2631","co"
"KD63","D63","DINSMORE","CA","40.492","-123.5982","2375","co"
"KD83","D83","BOONVILLE","CA","39.014","-123.3816","379","co"
"KD86","D86","SEQUOIA FIELD","CA","36.4479","-119.3187","313","co"
"KDAG","DAG","DAGGETT","CA","34.8536","-116.7858","1921","co"
"KDLO","","DELANO MUNI","CA","35.7456","-119.2365","316","co"
"KDVO","","GNOSS_FIELD_ARPT","CA","38.1433","-122.556","3","co"
"KDWA","","YOLO COUNTY","CA","38.5794","-121.8569","100","co"
"KE16","","SAN MARTIN","CA","37.0815","-121.5968","282","co"
"KE36","E36","GEORGETOWN","CA","38.9211","-120.8648","2625","co"
"KE45","E45","PINE MOUNTAIN LAKE","CA","37.8617","-120.1786","2933","co"
"KEDU","","UNIVERSITY_AIRPORT","CA","38.5315","-121.7865","69","co"
"KEDW","EDW","EDWARDS AFB","CA","34.9","-117.8667","2303","co"
"KEED","EED","NEEDLES","CA","34.7667","-114.6167","887","co"
"KEKA","EKA","EUREKA","CA","40.8","-124.1667","60","co"
"KELC1","","KONOCTI","CA","38.9119","-122.7063","2163","co"
"KEMT","EMT","EL MONTE","CA","34.0833","-118.0333","299","co"
"KF34","F34","FIREBAUGH","CA","36.86","-120.4645","157","co"
"KF62","F62","HAYFORK","CA","40.547","-123.1796","2334","co"
"KF70","","MURRIETA/TEMECUL","CA","33.5742","-117.1285","1352","co"
"KF72","F72","FRANKLIN FIELD","CA","38.304","-121.4293","23","co"
"KFAT","FAT","FRESNO       ASOS","CA","36.7667","-119.7167","327","co"
"KFCH","","FRESNO-CHANDLER","CA","36.73","-119.82","279","co"
"KFOT","","FORTUNA","CA","40.5529","-124.1333","394","co"
"KFUL","FUL","FULLERTON","CA","33.8667","-117.9667","95","co"
"KGOO","","GRASS VALLEY","CA","39.224","-121.003","3156","co"
"KGXA","","PALMDALE","CA","34.5666","-117.6704","3028","co"
"KH37","H37","HERLONG","CA","40.1387","-120.18","4062","co"
"KH47","H47","HYAMPOM","CA","40.6256","-123.4685","1277","co"
"KHAF","","HALF MOON BAY AP","CA","37.5136","-122.4996","66","co oc"
"KHES","","HEALDSBURG MUNI","CA","38.6529","-122.8986","280","co"
"KHHR","HHR","HAWTHORNE","CA","33.9167","-118.3333","62","co"
"KHJO","O18","HANFORD","CA","36.3175","-119.6294","249","co"
"KHMT","","HEMET-RYAN","CA","33.734","-117.0223","1515","co"
"KHNX","","HANFORD  WFO","CA","36.3139","-119.6322","240","co"
"KHWD","HWD","HAYWARD","CA","37.65","-122.1167","49","co"
"KIPL","IPL","IMPERIAL","CA","32.8344","-115.5753","-58","co"
"KIYK","","INYOKERN","CA","35.67","-117.83","2457","co"
"KIZA","","SANTA_YNEZ","CA","34.6","-120.07","673","co"
"KJAQ","","WESTOVER FIELD AMADO","CA","38.3768","-120.7939","1694","co"
"KKIC","","MESA DEL REY","CA","36.2286","-121.1213","374","co"
"KL04","L04","HOLTVILLE","CA","32.8449","-115.2685","59","co"
"KL05","L05","KERN VALLEY","CA","35.7282","-118.4197","2614","co"
"KL06","L06","FURNACE CREEK","CA","36.4605","-116.8798","-210","co"
"KL08","L08","BORREGO VALLEY","CA","33.259","-116.321","522","co"
"KL09","L09","STOVEPIPE WELLS","CA","36.6038","-117.1592","25","co"
"KL17","L17","TAFT-KERN COUNTY","CA","35.1417","-119.4378","858","co"
"KL18","","FALLBROOK AIRPAR","CA","33.3542","-117.2509","709","co"
"KL19","L19","WASCO-KERN COUNTY","CA","35.6199","-119.3537","312","co"
"KL22","L22","YUCCA VALLEY","CA","34.1298","-116.4069","3224","co"
"KL35","","BIG BEAR CITY ARPT","CA","34.2667","-116.85","6748","co"
"KL45","L45","BAKERSFIELD MUNI","CA","35.3249","-118.996","378","co"
"KL52","L52","OCEANO COUNTY","CA","35.1015","-120.6223","14","co oc"
"KL54","L54","AGUA CALIENTE SPRING","CA","32.9557","-116.2947","1220","co"
"KL61","L61","SHOSHONE","CA","35.9686","-116.2693","1568","co"
"KL62","L62","ELK HILLS-BUTTONWILL","CA","35.3534","-119.4797","326","co"
"KL71","L71","CALIFORNIA CITY MUNI","CA","35.1513","-118.0167","2454","co"
"KL72","L72","TRONA","CA","35.8127","-117.3269","1718","co"
"KL73","L73","POSO-KERN COUNTY","CA","35.5964","-119.1283","635","co"
"KL77","L77","CHIRIACO SUMMIT","CA","33.6648","-115.7104","1711","co"
"KL78","L78","JACUMBA","CA","32.6159","-116.1655","2844","co"
"KL84","L84","LOST HILLS-KERN COUN","CA","35.6248","-119.6861","274","co"
"KL90","L90","OCOTILLO","CA","33.1478","-116.1316","160","co"
"KLAX","LAX","LOS ANGELES","CA","33.9333","-118.4","104","co"
"KLGB","LGB","LONG BEACH","CA","33.8167","-118.15","40","co"
"KLHM","","LINCOLN_RGNL_ARPT","CA","38.91","-121.35","37","co"
"KLLR","","LITTLE RIVER","CA","39.2621","-123.7538","574","co"
"KLOX","","OXNARD  WFO","CA","34.2072","-119.1378","60","co oc"
"KLPC","","LOMPOC_(AWOS)","CA","34.67","-120.47","89","co oc"
"KLSN","","LOS BANOS MUNI","CA","37.0639","-120.8699","121","co"
"KLVK","LVK","LIVERMORE","CA","37.7","-121.8167","397","co"
"KM45","M45","ALPINE COUNTY","CA","38.7348","-119.7671","5872","co"
"KM90","M90","WILLIAM ROBERT JOHNS","CA","36.7586","-120.3714","162","co"
"KMAE","","MADERA","CA","36.98","-120.12","253","co"
"KMCC","MCC","MCCLELLAN AFB","CA","38.6667","-121.4","76","co"
"KMCE","MCE","MERCED","CA","37.2848","-120.5139","154","co"
"KMER","MER","CASTLE AFB","CA","37.3667","-120.5667","187","co"
"KMHR","MHR","MATHER AFB","CA","38.55","-121.3","95","co"
"KMHS","MHS","MT SHASTA      ASOS","CA","41.3167","-122.3167","3543","co"
"KMHV","MHV","MOJAVE","CA","35.0667","-118.15","2825","co"
"KMIT","","SHAFTER-MINTER FIELD","CA","35.5075","-119.1921","425","co"
"KMMH","MMH","MAMMOTH LAKES","CA","37.6333","-118.85","7111","co"
"KMOD","45738 MOD","MODESTO AP","CA","37.6242","-120.9506","73","co"
"KMPI","","MARIPOSA-YOSEMITE","CA","37.5109","-120.0395","2254","co"
"KMRY","MRY","MONTEREY","CA","36.5833","-121.85","220","co"
"KMTR","","MONTEREY WFO","CA","36.5928","-121.8556","52","co"
"KMWS","MWS","MT. WILSON","CA","34.2333","-118.0667","5706","co"
"KMYF","MYF","SAN DIEGO","CA","32.8167","-117.15","417","co"
"KMYV","MYV","MARYSVILLE","CA","39.1","-121.5667","72","co"
"KNC1","NC1","CUDDEBACK AFR","CA","35.3333","-117.3333","2835","co"
"KNFG","NFG OCS","CAMP PENDLETON","CA","33.3013","-117.3552","78","co"
"KNGZ","NGZ","ALAMEDA NAS","CA","37.7833","-122.3167","30","co"
"KNID","NID","CHINA LAKE NAS","CA","35.6855","-117.692","2283","co"
"KNJK","","EL_CENTRO_NAF","CA","32.8292","-115.6717","-42","co"
"KNKX","NKX","MIRAMAR NAS","CA","32.8683","-117.1425","478","co"
"KNLC","NLC","LEMOORE NAS","CA","36.3333","-119.95","240","co"
"KNNC1","","KNEELAND","CA","40.7199","-123.9282","2737","co"
"KNRC","NRC","CROWS LANDING NAS","CA","37.4","-121.1","165","co"
"KNRS","NRS","IMPERIAL BCH. NAS","CA","32.5667","-117.1167","26","co"
"KNSI","NSI","SAN NICOLAS I.NAS","CA","33.2398","-119.4582","506","co oc"
"KNTD","NTD","POINT MUGU NAS","CA","34.1203","-119.121","12","co oc"
"KNTK","NTK","SANTA ANA MCAS","CA","33.7","-117.8333","59","co"
"KNUC","NUC","SAN CLEM.ISL.NAS","CA","33.0227","-118.5885","184","co oc"
"KNUQ","NUQ","MOUNTAIN VIEW NAS","CA","37.4167","-122.05","39","co oc"
"KNWC1","","KEENWILD","CA","33.7083","-116.7169","4752","co"
"KNWF","NWF","LONG BEACH NAS","CA","33.75","-118.2333","13","co"
"KNXC1","","KNOXVILLE CREEK","CA","38.8619","-122.4172","2200","co"
"KNXF","","OCEANSIDE","CA","33.2856","-117.4565","89","co"
"KNXP","NXP","29 PALMS","CA","34.2962","-116.1622","2051","co"
"KNZY","NZY","NORTH ISLAND NAS","CA","32.6992","-117.2153","24","co"
"KO02","O02","NERVINO","CA","39.8185","-120.3528","4900","co"
"KO05","O05","ROGERS FIELD","CA","40.2824","-121.2412","4534","co"
"KO08","O08","COLUSA COUNTY","CA","39.179","-121.9933","49","co"
"KO09","O09","ROUND VALLEY","CA","39.7905","-123.2663","1434","co"
"KO15","O15","TURLOCK MUNI","CA","37.484","-120.6973","161","co"
"KO16","O16","GARBERVILLE","CA","40.0854","-123.8141","550","co"
"KO19","O19","KNEELAND","CA","40.719","-123.9272","2745","co"
"KO21","O21","HOOPA","CA","41.0415","-123.6678","356","co"
"KO22","","COLUMBIA ARPT","CA","38.0304","-120.4146","2119","co"
"KO24","O24","LEE VINING","CA","37.9577","-119.1058","6802","co"
"KO26","O26","LONE PINE/DEATH VALL","CA","36.5887","-118.0494","3710","co"
"KO27","O27","OAKDALE","CA","37.7563","-120.8002","237","co"
"KO28","O28","ELLS FIELD-WILLITS M","CA","39.4513","-123.3723","2066","co"
"KO32","O32","REEDLEY MUNI","CA","36.671","-119.451","386","co"
"KO33","O33","SAMOA FIELD","CA","40.7809","-124.2123","20","co"
"KO37","O37","HAIGH FIELD","CA","39.7204","-122.1464","218","co"
"KO39","O39","RAVENDALE","CA","40.8037","-120.3662","5306","co"
"KO42","O42","WOODLAKE","CA","36.3988","-119.1068","425","co"
"KO46","O46","WEED","CA","41.4808","-122.4545","2943","co"
"KO52","O52","SUTTER COUNTY","CA","39.1237","-121.6054","60","co"
"KO54","","WEAVERVILLE APT","CA","40.7473","-122.9223","2350","co"
"KO55","O55","SOUTHARD FIELD","CA","41.1395","-121.1241","4163","co"
"KO57","O57","BRYANT FIELD","CA","38.2647","-119.2227","6472","co"
"KO59","O59","CEDARVILLE","CA","41.5536","-120.1656","4623","co"
"KO60","O60","CLOVERDALE MUNI","CA","38.7763","-122.9926","276","co"
"KO61","O61","CAMERON PARK","CA","38.684","-120.9875","1287","co"
"KO69","","PETALUMA","CA","38.2578","-122.6053","89","co"
"KO79","O79","SIERRAVILLE DEARWATE","CA","39.5817","-120.354","4984","co"
"KO81","O81","TULELAKE MUNI","CA","41.8906","-121.3607","4044","co"
"KO85","O85","BENTON FIELD","CA","40.5737","-122.4073","723","co"
"KO86","","TRINITY CENTER","CA","40.9845","-122.6934","2392","co"
"KO87","O87","SHELTER COVE","CA","40.0167","-124.0667","69","co oc"
"KO88","O88","RIO VISTA MUNI","CA","38.1934","-121.7036","23","co"
"KO89","O89","FALL RIVER MILLS","CA","41.0174","-121.435","3328","co"
"KOAK","OAK","OAKLAND","CA","37.7214","-122.2208","7","co"
"KOAR","OAR","FORT ORD","CA","36.6833","-121.7667","135","co"
"KOKB","","OCEANSIDE","CA","33.2194","-117.3494","26","co"
"KONT","ONT","ONTARIO","CA","34.056","-117.6012","942","co"
"KOTC1","","SOCARBCV2","CA","38.5683","-121.4928","13","co"
"KOVE","","OROVILLE","CA","39.4947","-121.6203","190","co"
"KOXR","OXR","OXNARD","CA","34.2","-119.2","43","co oc"
"KPAO","PAO","PALO ALTO","CA","37.4667","-122.1167","2","co oc"
"KPES","PES","PESCADERO","CA","37.25","-122.3833","469","co oc"
"KPMD","PMD","PALMDALE","CA","34.6333","-118.0833","2539","co"
"KPOC","POC","LA VERNE","CA","34.1","-117.7833","1043","co"
"KPOM","POM","POMONA","CA","34.05","-117.75","863","co"
"KPRB","PRB","PASO ROBLES","CA","35.6697","-120.6283","810","co"
"KPSP","PSP","PALM SPRINGS","CA","33.8333","-116.5","479","co"
"KPTV","","PORTERVILLE_(AWOS)","CA","36.03","-119.07","443","co"
"KPVF","PVF","PLACERVILLE ARPT","CA","38.7242","-120.7533","2585","co"
"KRAL","RAL","RIVERSIDE","CA","33.95","-117.45","814","co"
"KRBL","RBL","RED BLUFF      ASOS","CA","40.15","-122.25","353","co"
"KRDD","RDD","REDDING","CA","40.5","-122.3","499","co"
"KREI","","REDLANDS MUNI","CA","34.0853","-117.1464","1574","co"
"KRHV","RHV","SAN JOSE","CA","37.3333","-121.8167","133","co"
"KRIV","RIV","MARCH AFB","CA","33.9","-117.25","1535","co"
"KRNC1","","RIVERKERN","CA","35.7772","-118.4337","3044","co"
"KRNM","KL39","RAMONA","CA","33.0375","-116.9158","1400","co"
"KRTC1","","KRN03","CA","34.8236","-118.963","4981","co"
"KS51","S51","ANDY MC BETH","CA","41.512","-123.9957","42","co"
"KSAC","SAC","SACRAMENTO","CA","38.5167","-121.5","25","co"
"KSAN","SAN","SAN DIEGO","CA","32.7333","-117.1667","28","co"
"KSBA","SBA","SANTA BARBARA","CA","34.4333","-119.8333","20","co oc"
"KSBD","SBD","SAN BERNARDINO","CA","34.1","-117.2333","1155","co"
"KSBP","SBP","SAN LUIS OBISPO","CA","35.2333","-120.6333","207","co"
"KSCK","SCK","STOCKTON","CA","37.9","-121.25","27","co"
"KSDB","SDB","SANDBURG       ASOS","CA","34.7436","-118.7244","4521","co"
"KSDM","SDM","SAN DIEGO/BROWN","CA","32.5667","-116.9833","525","co"
"KSEE","SEE","SANTEE","CA","32.8167","-116.9667","384","co"
"KSFO","SFO","SAN FRANCISCO","CA","37.6167","-122.3833","18","co oc"
"KSGX","","SAN DIEGO  WFO","CA","32.73","-117.17","30","co"
"KSIY","SIY O71","MONTAGUE/SSK AWOS","CA","41.7833","-122.4667","2634","co"
"KSJC","SJC","SAN JOSE","CA","37.3592","-121.9242","42","co"
"KSLI","SLI","LOS ALAMITOS","CA","33.7833","-118.05","35","co"
"KSMF","SMF","SACRAMENTO MET AP","CA","38.7","-121.6","33","co"
"KSMO","SMO","SANTA MONICA","CA","34.0136","-118.4556","174","co"
"KSMX","SMX","SANTA MARIA","CA","34.9","-120.45","238","co"
"KSNA","SNA","SANTA ANA","CA","33.6667","-117.8833","52","co"
"KSNS","SNS","SALINAS","CA","36.6667","-121.6","75","co"
"KSQL","SQL","SAN CARLOS","CA","37.5167","-122.25","2","co oc"
"KSRF","SRF","HAMILTON AFB","CA","38.0667","-122.5","3","co"
"KSTO","","SACRAMENTO  WFO","CA","38.6092","-121.3872","54","co"
"KSTS","STS","SANTA ROSA","CA","38.5","-122.8167","148","co"
"KSUU","SUU","TRAVIS AFB","CA","38.2667","-121.9333","62","co"
"KSVE","SVE","SUSANVILLE","CA","40.3833","-120.5667","4200","co"
"KSXC","SXC","SANTA CATALINA","CA","33.4","-118.4167","1581","co oc"
"KSZN","SZN","SANTA CRUZ IS","CA","34.05","-119.9","33","co oc"
"KT42","T42","RUTH","CA","40.2115","-123.2977","2781","co"
"KTCY","","TRACY MUNI","CA","37.6889","-121.4416","193","co"
"KTLC1","","KETTLEMAN HILLS","CA","36.0311","-120.0548","810","co"
"KTLR","","MEFFORD FIELD","CA","36.1566","-119.3266","265","co"
"KTNP","","TWENTYNINE PALMS","CA","34.1316","-115.9458","1888","co"
"KTOA","TOA","TORRANCE","CA","33.8","-118.3333","102","co"
"KTRK","TRK 4TA","TRUCKEE","CA","39.3167","-120.1333","5899","co"
"KTRM","TRM","DESERT RESORTS THERM","CA","33.6319","-116.1642","-112","co"
"KTSP","","TEHACHAPI MUNI ARPT","CA","35.135","-118.4392","4003","co"
"KTVL","TVL","SOUTH LAKE TAHOE","CA","38.8983","-119.9947","6252","co"
"KUKI","UKI","UKIAH","CA","39.1333","-123.2","601","co"
"KVBG","VBG","VANDERBERG AFB","CA","34.7167","-120.5667","397","co oc"
"KVCB","KO45","VACAVILLE","CA","38.38","-121.96","112","co"
"KVCV","VCV","VICTORVILLE","CA","34.5975","-117.383","2885","co"
"KVIS","VIS","VISALIA","CA","36.3167","-119.4","292","co"
"KVNY","VNY","VAN NUYS","CA","34.2167","-118.4833","801","co"
"KWHP","","WHITEMAN AIRPORT","CA","34.27","-118.42","1004","co"
"KWJF","WJF","LANCASTER","CA","34.7333","-118.2167","2337","co"
"KWLW","","WILLOWS-GLENN COUNTY","CA","39.5158","-122.2173","141","co"
"KWVI","","WATSONVILLE","CA","36.93","-121.78","161","co"
"KWYC1","","KENWORTHY","CA","33.617","-116.622","4590","co"
"KXVW","","VANDENBERG_RANGE","CA","34.72","-120.57","328","co oc"
"LAFC1","","LAUFMAN","CA","40.1417","-120.3533","4800","co"
"LAHC1","","LA HONDA","CA","37.3052","-122.2552","804","co"
"LAYC1","","LAYTONVILLE","CA","39.7023","-123.4849","1820","co"
"LCBC1","","LEO CARRILLO","CA","34.0451","-118.9359","50","co oc"
"LDEC1","","ALCALDE","CA","36.1833","-120.4986","2729","co"
"LDRC1","","LADDER BUTTE","CA","40.8071","-121.2965","5672","co"
"LICC1","","LINCOLN","CA","38.881","-121.2666","210","co"
"LKNC1","","LOWER KLAMATH - FTS","CA","41.9992","-121.7002","4098","co"
"LKRC1","","LAKE COUNTY RAWS1","CA","38.8064","-122.7405","4724","co"
"LMOC1","","LIVERMORE","CA","37.7103","-121.8186","627","co"
"LNDC1","","9414763 OAKLAND","CA","37.795","-122.288","11","co"
"LOAC1","","LOS ALTOS","CA","37.3547","-122.1416","539","co"
"LOKC1","","LOCKWOOD VALLEY","CA","34.7339","-119.1005","5150","co"
"LPDC1","","LAKE PALMDALE","CA","34.5369","-118.1023","2980","co"
"LPOC1","","LOS PRIETOS","CA","34.5444","-119.7912","982","co"
"LPZC1","","LA PANZA","CA","35.3807","-120.188","1633","co"
"LRLC1","","LAURAL MOUNTAIN","CA","35.4781","-117.6993","4390","co"
"LRVC1","","PRAWS 3 (LAURO RESER","CA","34.4572","-119.7238","669","co oc"
"LSFC1","","LAS FLORES","CA","33.3098","-117.4236","754","co"
"LSGC1","","LOS GATOS","CA","37.2042","-121.9508","1842","co"
"LSNC1","","LASSEN LODGE","CA","40.3441","-121.7137","4159","co"
"LTHC1","","LOST HORSE","CA","34.0178","-116.1885","4133","co"
"LTJC1","","LITTLE TUJUNGA","CA","34.2936","-118.3608","1390","co"
"LTLC1","","LYTLE CREEK","CA","34.2339","-117.4802","2792","co"
"LTRC1","","LAS TRAMPAS","CA","37.8339","-122.0669","1760","co"
"LVFC1","","LIVERMORE FIRE DEPAR","CA","37.6547","-121.8231","314","co"
"LVMC1","","MALLORY RIDGE","CA","37.8172","-121.7788","1948","co"
"LYQC1","","LYNCH CANYON","CA","35.6117","-118.405","3141","co"
"MALC1","","MAMMOTH LAKES RS","CA","37.6478","-118.9617","7804","co"
"MASC1","","MENDOCINO PASS","CA","39.8074","-122.9451","5382","co"
"MBCC1","","MALIBU CANYON","CA","34.0839","-118.7034","610","co oc"
"MBUC1","","MALIBU HILLS","CA","34.0616","-118.6452","1575","co oc"
"MCCC1","","ASH CREEK","CA","41.2768","-121.9805","3677","co"
"MCFC1","","METCALF GAP","CA","37.4094","-119.7678","3118","co"
"MCGC1","","MCGUIRES","CA","39.3526","-123.6015","627","co"
"MDAC1","","MT. DIABLO","CA","37.8817","-121.9141","3849","co"
"MDDC1","","MAD RIVER","CA","40.463","-123.5237","2873","co"
"MDEC1","","MIDDLE PEAK","CA","37.9278","-122.5872","2339","co oc"
"MDHC1","","MID HILLS","CA","35.1232","-115.4113","5365","co"
"MHEC1","","LAKE MATHEWS","CA","33.8169","-117.4636","1516","co"
"MIAC1","","MIAMI","CA","37.4192","-119.7454","4267","co"
"MIGC1","","SAN MIGUEL","CA","32.685","-116.9736","425","co"
"MIPC1","","POVERTY","CA","37.443","-121.7705","2066","co"
"MKEC1","","MARKLEEVILLE","CA","38.6904","-119.7749","5501","co"
"MKGC1","","RATTLESNAKE","CA","36.4069","-118.4217","8600","co"
"MLCC1","","MILL CREEK (ANF)","CA","34.3903","-118.0825","5021","co"
"MLGC1","","MT. LAGUNA","CA","32.8812","-116.4288","5737","co"
"MLXC1","","MILLER RANCH","CA","34.1484","-119.011","837","co oc"
"MMKC1","","MILL CREEK (BDF)","CA","34.0798","-117.0467","2950","co"
"MMOC1","","MULE MOUNTAIN","CA","40.5692","-122.503","2044","co"
"MMTC1","","MOUNT TOM","CA","37.3764","-119.1792","8982","co"
"MNCC1","","MORMON ROCK","CA","34.316","-117.5037","3514","co"
"MNLC1","","MEANS LAKE","CA","34.3842","-116.524","2818","co"
"MNMC1","","MTN HOME","CA","36.224","-118.6654","7030","co"
"MOIC1","","MONTECITO #2","CA","34.445","-119.6258","285","co oc"
"MOLC1","","MILO","CA","36.2312","-118.869","1923","co"
"MOUC1","","MOUNT ELIZABETH","CA","38.0629","-120.2472","4942","co"
"MOWC1","","MODOC NWR","CA","41.4589","-120.5188","4380","co"
"MPCC1","","MAPLE CREEK","CA","40.7964","-123.9366","1680","co"
"MPEC1","","CAMP ELLIOTT","CA","32.8592","-117.1055","539","co"
"MPOC1","","MARIPOSA","CA","37.504","-119.9867","2231","co"
"MPWC1","","SAN MARCOS PASS","CA","34.4913","-119.7963","1491","co"
"MRPC1","","MGROVE","CA","37.5128","-119.6047","6400","co"
"MRQC1","","MARQUEZ 2011","CA","36.3597","-120.773","2571","co"
"MSAC1","","MT. SHASTA","CA","41.3153","-122.3165","3573","co"
"MSJC1","","MT. SAN JACINTO","CA","33.8153","-116.6419","8616","co"
"MSXC1","","MIRAMAR EAST","CA","32.8755","-117.0595","900","co"
"MTIC1","","MONTECITO","CA","34.4614","-119.649","1619","co oc"
"MTNC1","","MOUNTAIN PASS","CA","35.4698","-115.5434","4729","co"
"MTQC1","","MOUNTAIN REST","CA","37.0541","-119.372","4110","co"
"MTTC1","","MINARETS","CA","37.4072","-119.3458","5313","co"
"MTZC1","","MOUNT ZION","CA","38.3901","-120.6524","2967","co"
"MWKC1","","DENTEN CREEK","CA","39.7795","-120.5944","5149","co"
"MYRC1","","MEYERS","CA","38.8489","-120.0188","6310","co"
"MZXC1","","MARTINEZ-AMORCO","CA","38.033","-122.125","21","co"
"NBRC1","","BIG ROCK","CA","38.0394","-122.57","1500","co"
"NCRC1","","NRAWS 13","CA","38.6962","-119.575","7451","co"
"NFRC1","","NORTH FORK","CA","37.2331","-119.5058","2721","co"
"NHPC1","","NEWHALL PASS","CA","34.337","-118.5205","2135","co"
"NPSC1","","NPS #10","CA","33.7561","-117.4966","1486","co"
"NPXC1","","NPS #11","CA","32.8824","-116.4293","5760","co"
"NTBC1","","SANTA BARBARA","CA","34.408","-119.685","43","co oc"
"NTCC1","","NOTCHKO","CA","41.2897","-123.8575","477","co"
"NVHC1","","NOVATO FIRE - ROBINH","CA","38.1125","-122.5498","482","co"
"NWQC1","","SAC NWR QD","CA","39.4461","-122.1838","95","co"
"NWRC1","","SAC NWR","CA","39.4172","-122.1825","120","co"
"NZAC1","","ANZA","CA","33.5559","-116.6745","3939","co"
"OAAC1","","OAK RIDGE","CA","38.7381","-123.3083","1890","co"
"OBPC1","","SAN LUIS OBISPO COAS","CA","35.605","-121.1141","228","co"
"OBRC1","","WHISKEYTOWN HQ#2","CA","40.6105","-122.5273","1360","co"
"OBXC1","","OAKLAND BERTH","CA","37.804","-122.342","20","co"
"OGVC1","","OAK GROVE","CA","33.386","-116.7968","2781","co"
"OJIC1","","OJAI","CA","34.4483","-119.2302","765","co oc"
"OKNC1","","OAK KNOLL","CA","41.8383","-122.8501","1953","co"
"OKPC1","","SIMI VALLEY","CA","34.2911","-118.7966","914","co oc"
"OKSC1","","OAKLAND SOUTH","CA","37.7861","-122.1447","1095","co"
"OKXC1","","OAKLAND (BERTH 34)","CA","37.811","-122.333","25","co"
"OMTC1","","OAK MOUNTAIN","CA","41.0063","-121.9844","2646","co"
"ONOC1","","OAKLAND NORTH","CA","37.865","-122.2208","1403","co"
"ONYC1","","WALKER PASS","CA","35.6658","-118.0569","5572","co"
"OORC1","","OAK OPENING","CA","36.1753","-118.7017","3091","co"
"OPLC1","","OPAL MOUNTAIN","CA","35.1543","-117.1756","3240","co"
"OTYC1","","OTAY MOUNTAIN","CA","32.6009","-116.841","3283","co"
"OVRC1","","OWENS VALLEY","CA","37.391","-118.5525","4650","co"
"OVYC1","","OLEMA VALLEY","CA","38.0425","-122.7958","37","co oc"
"OWNC1","","OWENS CAMP","CA","38.7358","-120.2415","5240","co"
"OXRC1","","OX RANCH","CA","35.2023","-115.1982","4324","co"
"OZNC1","","OZENA","CA","34.6818","-119.3537","3690","co"
"PAMC1","","PALOMAR","CA","33.3521","-116.8627","5486","co"
"PCEC1","","PANOCHE ROAD","CA","36.7271","-120.7658","2055","co"
"PCLC1","","PINNACLES","CA","36.4708","-121.1472","1322","co"
"PCOC1","","PORT CHICAGO","CA","38.056","-122.0394","14","co"
"PEAC1","","CALAVERAS ROAD","CA","37.553","-121.8438","1230","co"
"PEPC1","","PEPPERMINT","CA","36.0734","-118.5413","7385","co"
"PFXC1","","LOS ANGELES PIER F","CA","33.748","-118.268","30","co"
"PHRC1","","PINEHURST","CA","36.6973","-119.0187","4066","co"
"PIBC1","","BLACK DIAMOND","CA","37.95","-121.8844","1600","co"
"PIEC1","","PIERCE","CA","40.2461","-120.6422","5811","co"
"PIHC1","","PINE HILLS","CA","33.0166","-116.6354","3651","co"
"PIVC1","","PIUTES","CA","35.4445","-118.2788","6475","co"
"PKCC1","","PIKE COUNTY LOOKOUT","CA","39.4747","-121.2023","3701","co"
"PKFC1","","PARKFIELD","CA","35.8983","-120.4332","1525","co"
"PLEC1","","BRIONES","CA","37.9342","-122.1177","1450","co"
"PLIC1","","ARBUCKLE BASIN","CA","40.4378","-122.8309","2452","co"
"PLTC1","","PILOT HILL","CA","38.8317","-121.0092","1249","co"
"PMCC1","","PATTYMOCUS","CA","40.2861","-122.8746","3772","co"
"PNWC1","","PINECREST 2","CA","38.1862","-120.0105","5706","co"
"POPC1","","POPPET FLAT","CA","33.8564","-116.8599","3830","co"
"POPN8","","NPS #3","CA","37.7722","-119.8481","6100","co"
"POTC1","","POTRERO","CA","32.6059","-116.6088","2345","co"
"PPPC1","","POPPY PARK","CA","34.7283","-118.394","2760","co"
"PPRC1","","PIRU","CA","34.4044","-118.81","614","co"
"PPSC1","","BIG SUR","CA","36.2454","-121.7801","354","co oc"
"PPXC1","","RICHMOND","CA","37.906","-122.365","30","co"
"PRGC1","","PARK RIDGE","CA","36.7242","-118.9425","7540","co"
"PRHC1","","HURLEY","CA","37.0151","-119.5678","1228","co"
"PRJC1","","LONG BEACH PIER J","CA","33.733","-118.186","30","co"
"PSBC1","","PITTSBURG SUISUN BA","CA","38.042","-121.887","25","co"
"PSQC1","","SAN PASQUAL","CA","33.0914","-117.0122","255","co"
"PSWC1","","PANTHER SPRINGS","CA","40.242","-121.7759","3344","co"
"PTEC1","","COOSKIE MOUNTAIN","CA","40.2568","-124.266","2945","co oc"
"PTGC1","PTGC","POINT ARGUELLO","CA","34.5768","-120.6487","110","co oc"
"PUGC1","","PULGAS","CA","37.475","-122.298","644","co oc"
"PXOC1","","SAN FRANCISCO PIER1","CA","37.798","-122.393","53","co"
"PXSC1","","PIER 17  SAN FRANCI","CA","37.803","-122.397","13","co"
"PYNC1","","PINYON","CA","33.5778","-116.454","4060","co"
"PZAC1","","PALA","CA","33.3611","-117.1058","455","co"
"QCAC1","","CAHUILLA","CA","32.9736","-115.1735","278","co"
"QTZC1","","QUARTZ HILL","CA","41.5991","-122.9336","4225","co"
"QYRC1","","QUINCY RD","CA","39.9733","-120.9419","3652","co"
"RBYC1","","BRADLEY","CA","35.8644","-120.8029","537","co"
"RCEC1","","ROCK CREEK","CA","37.5598","-118.6784","7103","co"
"RCHC1","","RANCHITA","CA","33.2222","-116.4974","4415","co"
"RCMC1","","RICHMOND","CA","37.9283","-122.4005","18","co"
"RCPC1","","ROCK CAMP","CA","34.2906","-117.2135","4923","co"
"RDVC1","","RODEO VALLEY","CA","39.6679","-123.3212","2428","co"
"RHWC1","","REFUGIO","CA","34.5166","-120.0753","1465","co"
"RJSC1","","SANJOSE","CA","37.3983","-121.8069","675","co"
"RLKC1","","RUTH","CA","40.2506","-123.3197","2732","co"
"RNDC1","","ROUND MOUNTAIN","CA","41.427","-121.4626","5255","co"
"RNYC1","","RICE CANYON","CA","39.525","-120.3288","6943","co"
"ROVC1","","ROSE VALLEY","CA","34.5434","-119.1849","3331","co"
"RRAC1","","REDDING","CA","40.5158","-122.2921","499","co"
"RRRC1","","READER RANCH","CA","39.3035","-121.1172","1968","co"
"RSAC1","","SANTA ROSA","CA","38.4785","-122.7117","599","co"
"RSHC1","","RUSH CREEK","CA","41.2881","-120.8696","5543","co"
"RSPC1","","ROSE PEAK","CA","37.5019","-121.7355","3060","co"
"RTFC1","","FORT ORD #1","CA","36.6289","-121.7575","578","co"
"RTGC1","","FORT ORD #2","CA","36.6269","-121.7863","490","co"
"RTYC1","","REDWOOD CITY","CA","37.51","-122.2115","20","co oc"
"RVDC1","","RAVENDALE","CA","40.7312","-120.3165","5450","co"
"RVYC1","","RICE VALLEY","CA","34.0607","-114.7322","831","co"
"RWBC1","","BARON","CA","38.8544","-120.0242","6336","co"
"SAUC1","","SAUGUS","CA","34.435","-118.5131","1450","co"
"SBIC1","","SANTA BARBARA","CA","33.4874","-119.0303","360","co oc"
"SBVC1","","SB BOTANIC GARDEN","CA","34.4559","-119.7056","753","co oc"
"SCJC1","","OP3 (SAN CLEMENTE IS","CA","32.8338","-118.4222","605","co oc"
"SDLC1","","SADDLEBACK BUTTE","CA","34.6686","-117.8218","2590","co"
"SDRC1","","SOLDIER MTN","CA","40.9268","-121.5843","3704","co"
"SETC1","","SECRET TOWN","CA","39.1838","-120.8844","2757","co"
"SEWC1","","SMITH PEAK (STF)","CA","37.8005","-120.1008","3871","co"
"SHQC1","","SHADEQUARTER","CA","36.5671","-118.9578","4340","co"
"SHUC1","","SCHOOLHOUSE","CA","41.1382","-123.9063","2653","co"
"SHVC1","","SHAVER","CA","37.1368","-119.2616","5632","co"
"SHXC1","","SHIP MTN","CA","41.729","-123.7934","5151","co"
"SIXC1","","HOEPPEL","CA","32.9265","-118.5316","535","co oc"
"SIZC1","","NURSERY (SAN CLEMENT","CA","32.9788","-118.5528","704","co oc"
"SKBC1","","SUGARLOAF (ENF)","CA","38.7846","-120.3105","5653","co"
"SLEC1","","SADDLEBACK","CA","39.6375","-120.8652","6670","co"
"SLFC1","","SUGARLOAF (SHF)","CA","40.916","-122.4348","3259","co"
"SLRC1","","LOS BANOS","CA","37.0548","-121.053","323","co"
"SLWC1","","SAN LUIS NWR","CA","37.1822","-120.7938","65","co"
"SMBC1","","SOMES BAR","CA","41.3901","-123.4926","915","co"
"SMDC1","","STAMPEDE","CA","39.4711","-120.0869","6207","co"
"SMOC1","","HUMBOLDT BAY","CA","40.7669","-124.2194","10","co"
"SMSC1","","SIMS","CA","41.0713","-122.3699","2537","co"
"SNCC1","","SANTA CRUZ ISLAND","CA","33.993","-119.7162","292","co oc"
"SNDP5","","SAND IS- MIDWAY IS","CA","28.2117","-177.36","12","oc"
"SNVC1","","SUSANVILLE 2SW","CA","40.4167","-120.6631","4184","co"
"SOAC1","","SODA CREEK","CA","39.425","-122.9772","1725","co"
"SQSC1","","SQUAW SPRINGS","CA","35.3683","-117.5704","3661","co"
"SRIC1","","SANTA ROSA ISLAND","CA","33.9787","-120.0787","1284","co oc"
"SRTC1","","SANTA RITA","CA","36.3481","-120.6001","5036","co"
"SRUC1","","SANTA ROSA PLATEAU","CA","33.5181","-117.229","1987","co"
"SRXC1","","SAN RAFAEL HILLS","CA","34.1942","-118.2134","1770","co"
"SSYC1","","SURPRISE VALLEY","CA","41.6223","-120.1614","4591","co"
"STFC1","","SANTA FE DAM","CA","34.1261","-117.9471","500","co"
"STUC1","","COTTAGE","CA","38.3459","-120.2295","6064","co"
"SWBC1","","SAWYERS BAR","CA","41.3012","-123.1297","2455","co"
"SWLC1","","SQUAW LAKE","CA","32.9078","-114.474","285","co"
"SWNC1","","SWAIN MOUNTAIN","CA","40.4453","-121.1041","6099","co"
"SXWC1","","SEDGWICK","CA","34.6806","-120.0474","1402","co"
"SYWC1","","STONYFORD","CA","39.3673","-122.5728","1263","co"
"TABC1","","LAS TABLAS","CA","35.6564","-120.9241","967","co"
"TADC1","","TAHOE DONNER","CA","39.3382","-120.2733","7399","co"
"TANC1","","TANBARK","CA","34.2069","-117.7605","2600","co"
"TBRC1","","TIMBER MOUNTAIN","CA","41.6279","-121.2983","5053","co"
"TCAC1","","TRINITY CAMP","CA","40.7864","-122.8044","3308","co"
"TCKC1","","THOMES CREEK","CA","39.8542","-122.6099","1029","co"
"TCLC1","","TEMESCAL (LPF)","CA","34.4739","-118.7615","1124","co"
"TEOC1","","MATEO RIDGE","CA","33.4157","-117.5245","810","co"
"THDC1","","THOUSAND OAKS","CA","34.21","-118.87","795","co oc"
"TLGC1","","TALEGA RIDGE","CA","33.4776","-117.4864","1215","co"
"TMEC1","","TUOLUMNE","CA","37.8683","-119.3191","9200","co"
"TMNC1","","KRN02","CA","35.0714","-118.4811","5672","co"
"TNRC1","","TONNER CANYON","CA","33.9475","-117.8221","1340","co"
"TNSC1","","MOUNTAIN SPRINGS GRA","CA","32.6748","-116.0944","2044","co"
"TOGC1","","SARATOGA SPRING","CA","35.6805","-116.4222","198","co"
"TPGC1","","TOPANGA","CA","34.1362","-118.606","1600","co oc"
"TPHC1","","KRN01","CA","35.1171","-118.3789","3969","co"
"TRMC1","","TRIMMER","CA","36.9111","-119.3065","1487","co"
"TSCC1","","TEMESCAL 2 (CNF)","CA","33.7547","-117.5001","1748","co"
"TSHC1","","ASH MOUNTAIN","CA","36.4914","-118.8252","1730","co"
"TSQC1","","TEPUSQUET","CA","34.9199","-120.181","3200","co"
"TTEC1","","SLATE CREEK","CA","41.3418","-123.6599","4178","co"
"TWMC1","","TWISSELMAN","CA","35.3625","-119.8233","3232","co"
"UCCC1","","YUCCA VALLEY","CA","34.1241","-116.4088","3246","co"
"UDWC1","","UNDERWOOD","CA","40.7215","-123.4962","2625","co"
"UHLC1","","UHL","CA","35.8867","-118.6483","3768","co"
"ULBC1","","BLUE MTN LOOKOUT","CA","38.3423","-120.3646","6043","co"
"UNDC1","","LUNDY","CA","38.0384","-119.1693","7032","co"
"UPBC1","","UPRRB  MARTINEZ","CA","38.038","-122.121","328","co"
"VABC1","","VAN BREMMER","CA","41.643","-121.7948","5303","co"
"VAQC1","","LOS VAQUEROS","CA","37.7883","-121.7347","1100","co"
"VDBC1","","VANDENBERG","CA","34.7587","-120.4858","1017","co oc"
"VGRC1","","VISTA GRANDE","CA","33.8361","-116.8112","4906","co"
"VIOC1","","MANZANITA LAKE","CA","40.5415","-121.5801","5732","co"
"VLCC1","","VALLEY CENTER","CA","33.237","-117.0085","1483","co"
"VLYC1","","VALYERMO","CA","34.4455","-117.8511","3780","co"
"WALC1","","WALKER","CA","38.5653","-119.4591","5440","co"
"WAPC1","","WALKER PASS EAST","CA","35.6626","-118.0254","5217","co"
"WCNW1","","PRAWS 2 (BURNEY BSN#","CA","40.905","-121.645","3122","co"
"WCYC1","","WILSON CANYON","CA","33.976","-115.995","3375","co"
"WDAC1","","WOODACRE","CA","37.9905","-122.6447","1400","co oc"
"WEDC1","","WESTSIDE","CA","41.2231","-124.0538","1287","co"
"WEEC1","","WEED AIRPORT","CA","41.4789","-122.4546","2929","co"
"WEFC1","","FIVE CENT","CA","40.7536","-122.9321","2602","co"
"WFHC1","","WOFFORD HEIGHTS","CA","35.7217","-118.4988","3935","co"
"WICRK","","WILLOW CREEK","CA","40.9396","-123.6314","610","co"
"WIRC1","","WIRE MOUNTAIN","CA","33.2356","-117.3679","245","co"
"WISC1","","COUNTY LINE","CA","39.0188","-122.4116","2085","co"
"WITC1","","WHITMORE","CA","40.6195","-121.8996","2499","co"
"WKPC1","","WHITAKER PEAK 2","CA","34.5686","-118.7403","4121","co"
"WLYC1","","WILEY RIDGE","CA","34.3717","-118.8408","1645","co"
"WMSC1","","WARM SPRINGS","CA","34.5958","-118.5786","4930","co"
"WOCC1","","WOODY","CA","35.7061","-118.8325","1591","co"
"WPCC1","","PIERCE COLLEGE","CA","34.182","-118.5745","791","co"
"WTHC1","","WHITTIER HILLS","CA","33.984","-118.0094","950","co"
"WTPC1","","WHITAKER PEAK","CA","34.5694","-118.7401","4120","co"
"WVTC1","","WOLVERTON","CA","36.445","-118.7033","5240","co"
"WWAC1","","WHITEWATER","CA","33.9492","-116.6572","2546","co"
"WWDC1","","WESTWOOD","CA","40.3059","-120.9033","6155","co"
"WWNC1","","WAWONA","CA","37.5345","-119.6449","4309","co"
"WWRC1","","WWOLF","CA","37.8594","-119.6516","8038","co"
"YOBC1","","YOLLA BOLLA","CA","40.3374","-123.0656","4481","co"
"42057","","WESTERN CARIBBEAN","CI","16.83","-81.5","16","oc"
"MWCB","","GERRARD_SMITH_INTL/C","CI","19.68","-79.89","10","oc"
"MWCG","MKCG","GRAND CAYMEN/CAY.","CI","19.3","-81.3667","20","oc"
"MWCR","","OWEN_ROBERTS_INTL","CI","19.28","-81.35","10","oc"
"NCPY","","PENRHYN ISLAND","CK","-9.0167","-158.0667","7","oc"
"NCRG","","AVARUA/RAROTONGA","CK","-21.2","-159.82","23","oc"
"NIUE","","NIUE ISLAND/ALOFI","CK","-19.07","-169.92","72","oc"
"MCBQ","","BARRANQUILL/ERNES","CL","10.8833","-74.7667","95","oc"
"MCCG","","CARTAGENA/CRESPO","CL","10.45","-75.5167","7","oc"
"MCSP","","SAN ANDRES ISLAND","CL","12.5833","-81.7","13","oc"
"AENC2","","ARSENAL","CO","39.8242","-104.8557","5257","co"
"AROC2","","ARROW","CO","39.9167","-105.75","9680","co"
"BAWC2","","BAILEY","CO","39.3794","-105.3383","7982","co"
"BBRC2","","BIG BEAR PARK","CO","37.4961","-107.7294","10341","co"
"BEKC2","","BEAR CREEK","CO","38.4425","-105.9607","9000","co"
"BEYC2","","BUCKEYE","CO","40.8115","-105.0367","5591","co"
"BHRC2","","BIG HORN","CO","37.0208","-106.2011","8651","co"
"BLKC2","","BEAR LAKE","CO","40.3","-105.6333","9500","co"
"BLPC2","","BLUE PARK","CO","37.7931","-106.7786","10430","co"
"BLSC2","","BISON LAKE","CO","39.765","-107.3569","10880","co"
"BMOC2","","BLACK MOUNTAIN","CO","37.8615","-105.284","8930","co"
"BPRC2","","BROWNS PARK REFUGE","CO","40.8008","-108.9172","5354","co"
"BRTC2","","BEARTOWN","CO","37.7142","-107.5122","11600","co"
"BTAC2","","SUGARLOAF","CO","40.0181","-105.3613","6733","co"
"BTSC2","","BERTHOUD SUMMIT","CO","39.8","-105.7667","11320","co"
"BURC2","","BURRO MOUNTAIN","CO","39.875","-107.5986","9400","co"
"CBNC2","","COLLBRAN","CO","39.2425","-107.9631","5980","co"
"CBUC2","51959","CRESTED BUTTE","CO","38.9089","-106.9533","8860","co"
"CCDC2","","CCDBLMFTS1","CO","38.6695","-105.5093","7920","co"
"CCEC2","","PINION CANYON","CO","37.5425","-104.0319","5422","co"
"CCYC2","","COLORADO CITY","CO","37.9478","-104.8691","6190","co"
"CEKC2","","CORRAL CREEK","CO","39.64","-105.4647","8081","co"
"CGRC2","","COPPER GULCH","CO","38.3457","-105.4519","7410","co"
"CHAC2","","CHAPIN","CO","37.1994","-108.4891","7126","co"
"CHRC2","","CHEESMAN","CO","39.1814","-105.2672","7546","co"
"CLXC2","","CLIMAX","CO","39.3672","-106.1897","11294","co"
"CMBC2","","COLUMBUS BASIN","CO","37.4414","-108.0244","10785","co"
"CMEC2","","COTTONWOOD BASIN","CO","38.5731","-108.2777","7220","co"
"CO55","","CHRISTMAN FIELD","CO","40.5972","-105.1436","5160","co"
"COLC2","","COLUMBINE","CO","40.4","-106.6167","9165","co"
"COPC2","","COPELAND LAKE","CO","40.2","-105.5667","8550","co"
"CPCC2","","3NNW CRIPPLE CREEK","CO","38.7956","-105.2003","9235","co"
"CPMC2","","COPPER MOUNTAIN","CO","39.4833","-106.1667","10500","co"
"CPTC2","","CARPENTER RIDGE","CO","38.4594","-109.0469","8088","co"
"CRAC2","","CRAIG","CO","40.4928","-107.5242","6185","co"
"CRBC2","CRBC","TAYLOR PARK","CO","38.8167","-106.6167","9206","co"
"CRSC2","","CROSHO","CO","40.1675","-107.0575","9100","co"
"CRWC2","","THE CROWN","CO","39.3524","-107.0948","8382","co"
"CTPC2","","CARPENTER PEAK","CO","39.4191","-105.084","7067","co"
"CUHC2","","BOSQUE","CO","37.0919","-104.9194","8174","co"
"CWTC2","","CREEDE","CO","37.8255","-106.931","8624","co"
"CYNC2","","PSF3 CANON CITY","CO","38.0167","-105.118","11530","co"
"DDMC2","","DEADMAN HILL","CO","40.8","-105.75","10220","co"
"DHOC2","","DEAD HORSE","CO","40.0784","-107.368","8685","co"
"DJTC2","","DOWD JUNCTION","CO","39.6276","-106.4521","9068","co"
"DLLC2","DLLC","DILLON","CO","39.6261","-106.0353","9065","co"
"DMMC2","","DEMAREE","CO","39.46","-108.8803","7448","co"
"DMTC2","","DUMONT","CO","39.765","-105.5969","7973","co"
"DRAC2","","DRAGON ROAD","CO","39.9152","-108.8876","6290","co"
"DRYC2","","DRY LAKE","CO","40.5347","-106.7808","8416","co"
"DUFC2","","SJF1 DURANGO","CO","37.4943","-108.3268","7452","co"
"DYGC2","","DRY GULCH","CO","39.927","-106.5451","7693","co"
"DYKC2","","DEVIL MTN.","CO","37.2269","-107.3052","7460","co"
"EADC2","","EADS","CO","38.4764","-102.7769","4215","co"
"EGRC2","","ERNIE GULCH","CO","40.0467","-108.1958","7000","co"
"ELKC2","","ELK RIVER","CO","40.8478","-106.9686","8700","co"
"ESPC2","","ESTES PARK","CO","40.3664","-105.5627","7892","co"
"FCRC2","","FT. CARSON","CO","38.6076","-104.8866","6450","co"
"FFBC2","","FLORISSANT FOSSIL BE","CO","38.9133","-105.2853","8440","co"
"FKTC2","","FRANKTOWN","CO","39.3922","-104.7508","6158","co"
"FMTC2","","FREMONT PASS","CO","39.3667","-106.2","11400","co"
"GDRC2","","GREAT DIVIDE","CO","40.7576","-107.8535","7240","co"
"GLKC2","","GRAND LAKE","CO","40.2669","-105.8322","8720","co"
"GLWC2","53359","GLENWOOD SPGS #2","CO","39.5397","-107.3233","5750","co"
"GPRC2","","GYPSUM","CO","39.6944","-106.9733","7412","co"
"GSPC2","","GUNSIGHT","CO","40.2111","-106.3295","8420","co"
"HACC2","","MANCHESTER","CO","39.1053","-105.138","8489","co"
"HCKC2","","HUNTER CREEK","CO","39.7714","-108.3291","7320","co"
"HLYC2","","HOLLY","CO","38.05","-102.116","3390","co"
"HMEC2","","HUNTSMAN MESA","CO","38.3319","-107.0888","9400","co"
"HOOC2","","HOOSIER PASS","CO","39.3667","-106.0667","11400","co"
"HRBC2","","HARBISON MEADOW","CO","40.2703","-105.8375","8500","co"
"I25MH","","MONUMENT HILL","CO","39.13","-104.8638","7305","co"
"I25RP","","RATON PASS","CO","36.9938","-104.4806","7836","co"
"IDPC2","","INDEPENDENCE PASS","CO","39.0667","-106.6","10600","co"
"IMRC2","","INDEPENDENCE MOUNTAI","CO","40.897","-106.431","8991","co"
"JAYC2","","JAY","CO","38.8456","-107.7385","6267","co"
"JCRC2","","JACKS CANYON","CO","38.7532","-108.5796","7840","co"
"JNSC2","","JONES HILL","CO","39.0414","-106.0036","9515","co"
"K04V","","SAGUACHE_MUNI_ARPT","CO","38.0972","-106.1686","7826","co"
"K05V","05V","BLANCA","CO","37.4111","-105.5517","7720","co"
"K07V","07V","CUCHARA VALLEY AT LA","CO","37.5238","-105.0093","7153","co"
"K0CO","","BERTHOUD PASS","CO","39.7944","-105.7631","12490","co"
"K17V","17V","HAXTUN MUNI","CO","40.6244","-102.608","4035","co"
"K1JW","","PEETZ","CO","40.9667","-103.2","4528","co"
"K1LW","","GROVER","CO","40.92","-103.7","4984","co"
"K1MW","","HAXTUN","CO","40.7","-103.4833","4383","co"
"K1NW","","GROVER","CO","46.63","-103.83","4787","co"
"K1OW","","GROVER","CO","40.8833","-104","5410","co"
"K1V5B","1V5B","BOULDER","CO","40.0167","-105.25","5361","co"
"K1V6","","FREMONT COUNTY AIRPO","CO","38.428","-105.1058","5439","co"
"K1V8","1V8","LEACH","CO","37.7849","-106.0469","7598","co"
"K20V","","KREMMLING/MCELROY","CO","40.0536","-106.3689","7411","co"
"K2V5","","WRAY MUNI ARPT","CO","40.1003","-102.241","3668","co"
"K2V6","2V6","YUMA MUNICIPAL","CO","40.1057","-102.7144","4138","co"
"K33V","","WALDEN JACKSON ARPT","CO","40.7504","-106.2715","8153","co"
"K3MW","","MOUNT WERNER","CO","40.4561","-106.7403","10633","co"
"K3V9","3V9","ASPEN SAWRS","CO","39.2833","-106.8667","7448","co"
"K4BM","","WILKERSON PASS","CO","39.0495","-105.5128","11280","co"
"K4V0","","RANGELY","CO","40.094","-108.763","5278","co"
"K4V1","","WALSENBURG","CO","37.6941","-104.7881","6047","co"
"K5SM","","SUNLIGHT","CO","39.4256","-107.3792","10604","co"
"K7BM","","COTTONWOOD PASS","CO","38.7815","-106.2198","9826","co"
"K7V2","7V2","NORTH FORK VALLEY","CO","38.8313","-107.6459","5798","co"
"K7V5","7V5","BRUSH MUNI","CO","40.2644","-103.5756","4280","co"
"K7V8","7V8","JULESBURG MUNI","CO","40.9703","-102.3153","3495","co"
"K7V9","7V9","CITY OF LAS ANIMAS -","CO","38.054","-103.2385","3915","co"
"K8V7","8V7","SPRINGFIELD MUNI","CO","37.4587","-102.618","4390","co"
"K9V7","9V7","EADS MUNI","CO","38.4751","-102.8109","4245","co"
"KABH","","BULLSEYE_AIRFIELD","CO","38.7578","-104.3083","6037","co"
"KAEJ","","CENTRAL COLORADO RGN","CO","38.8142","-106.1207","7946","co"
"KAFF","AFF","USAF ACADEMY","CO","38.9667","-104.8167","6562","co"
"KAIB","","NUCLA","CO","38.2388","-108.5632","5940","co"
"KAJZ","","DELTA","CO","38.7864","-108.0636","5193","co"
"KAKO","AKO","AKRON          ASOS","CO","40.1667","-103.2167","4695","co"
"KALS","ALS","ALAMOSA        ASOS","CO","37.45","-105.8667","7541","co"
"KANK","","HARRIET-ALEXANDER FL","CO","38.5383","-106.0486","7523","co"
"KAPA","APA","ENGLEWOOD/DENVER","CO","39.5639","-104.8483","5828","co"
"KASE","ASE","ASPEN","CO","39.2167","-106.8667","7822","co"
"KBDU","","BOULDER MUNI ARPT","CO","40.0378","-105.2274","5289","co"
"KBJC","BJC","BROOMFIELD","CO","39.9","-105.1167","5642","co"
"KBKF","BKF","BUCKLEY ANGB APRT","CO","39.7","-104.75","5663","co"
"KBOU","","DENVER  WFO","CO","39.996","-105.2619","5413","co"
"KC07","","WALTON PEAK","CO","40.3544","-106.6992","10642","co"
"KC08","","SILVER WEST","CO","38.0133","-105.3743","8290","co"
"KC24","","MINERAL COUNTY MEMOR","CO","37.8222","-106.9299","8680","co"
"KC96","C96","WINTER PARK","CO","39.8833","-105.7667","9090","co"
"KCAG","CAG 14V 2V0","CRAIG          ASOS","CO","40.5","-107.5333","6191","co"
"KCCU","","COPPER MTN/RED CLIFF","CO","39.47","-106.15","12073","co"
"KCEZ","CEZ","CORTEZ","CO","37.3","-108.6333","5916","co"
"KCOS","COS","COLO. SPRNGS ASOS","CO","38.8167","-104.7167","6170","co"
"KCPW","","PAGOSA SPRINGS/WOLF","CO","37.45","-106.8","11759","co"
"KCRV","","NEDERLAND MTN/CORONA","CO","40.05","-105.58","11608","co"
"KCWN","","CHEYENNE MTN","CO","38.75","-104.85","6693","co"
"KDEN","DEN DVX","DENVER INTL  ASOS","CO","39.8466","-104.6562","5431","co"
"KDRO","DRO 4V5","DURANGO        ASOS","CO","37.15","-107.75","6683","co"
"KEEO","","MEEKER_(ASOS)","CO","40.05","-107.88","6332","co"
"KEGE","EGE","EAGLE","CO","39.65","-106.9167","6513","co"
"KEIK","","ERIE MUNI","CO","40.0102","-105.048","5130","co"
"KFCS","FCS","FORT CARSON","CO","38.6833","-104.7667","5837","co"
"KFLY","","COLORADO SPRINGS MEA","CO","38.9457","-104.5699","6873","co"
"KFMM","","FORT MORGAN","CO","40.3314","-103.807","4570","co"
"KFNL","FNL FCL","FT COLLINS/L AWOS","CO","40.45","-105.0167","5012","co"
"KFSR","FSR","FRASER","CO","39.95","-105.8333","8560","co"
"KFTG","","FRONT_RANGE_ARPT","CO","39.7852","-104.5431","5497","co"
"KGJT","GJT","GRAND JUNCTION","CO","39.1167","-108.5333","4839","co"
"KGNB","","GRANBY-GRAND","CO","40.0904","-105.9113","8203","co"
"KGUC","GUC 2V9","GUNNISON  (AWOS)","CO","38.5339","-106.933","7674","co"
"KGWS","","GLENWOOD SPRINGS MUN","CO","39.506","-107.3091","5916","co"
"KGXY","GXY","GREELEY  (AWOS)","CO","40.43","-104.6333","4628","co"
"KHDN","HDN","HAYDEN    (AWOS)","CO","40.4812","-107.2177","6601","co"
"KHEQ","","HOLYOKE","CO","40.5694","-102.2727","3730","co"
"KIMC2","","15 NNE KIM","CO","37.4536","-103.3219","5150","co"
"KITR","","BURLINGTON","CO","39.25","-102.28","4196","co"
"KK08","K08","HOLLY","CO","38.0351","-102.1167","3399","co"
"KLAA","4LJ LAA","LAMAR        ASOS","CO","38.0667","-102.6833","3704","co"
"KLHX","LHX","LA JUNTA","CO","38.05","-103.5167","4216","co"
"KLIC","LIC","LIMON","CO","39.2748","-103.6659","5364","co"
"KLMO","","VANCE BRAND MUNI ARP","CO","40.1637","-105.1623","5056","co"
"KLXV","LXV","LEADVILLE","CO","39.2281","-106.3161","9928","co"
"KMC2","MC2","FT CARSON AFR","CO","38.5","-104.8333","5869","co"
"KMNH","","ELBERT MTN/MONUMENT","CO","39.22","-104.63","7060","co"
"KMTJ","MTJ 6V8","MONTROSE  AO2","CO","38.5","-107.8833","5758","co"
"KMVI","","MONTE VISTA MUNI","CO","37.5287","-106.0459","7611","co"
"KMYP","","SALIDA MOUNTAIN/MONA","CO","38.48","-106.32","12031","co"
"KPEF","","PETERSON AFB","CO","38.7833","-104.716","6155","co"
"KPSO","PSO","PAGOSA SPRINGS","CO","37.2863","-107.056","7664","co"
"KPUB","PUB","PUEBLO       ASOS","CO","38.2833","-104.5167","4720","co"
"KRCV","","DEL NORTE","CO","37.7138","-106.352","7953","co"
"KRIL","1V1 K1V1","RIFLE/GARFIELD RGNL","CO","39.53","-107.72","5548","co"
"KS29","S29 0V2","SALIDA","CO","38.5167","-106.0167","7171","co"
"KSBS","SBS","STEAMBOAT SPRINGS","CO","40.5167","-106.8667","6879","co"
"KSEC2","","KEYSER RIDGE","CO","39.8905","-106.0366","10201","co"
"KSHC2","","KENOSHA PASS","CO","39.4108","-105.7497","10200","co"
"KSHM","","SCHRIEVER AFB","CO","38.8","-104.5167","6234","co"
"KSPD","","SPRINGFIELD","CO","37.2833","-102.6139","4380","co"
"KSTK","","STERLING MUNI","CO","40.6153","-103.2648","4039","co"
"KTAD","TAD","TRINIDAD","CO","37.2667","-104.3333","5745","co"
"KTEX","","TELLURIDE REGIONAL","CO","37.95","-107.9","9085","co"
"KVTP","","LA VETA MOUNTAIN/LA","CO","37.5","-105.17","10217","co"
"LDRC2","","LITTLE DOLORES","CO","38.9685","-108.9443","6796","co"
"LELC2","","LAKE ELDORA","CO","39.9333","-105.5833","9700","co"
"LKGC2","","LAKE GEORGE","CO","38.9786","-105.3544","8094","co"
"LKIC2","","LAKE IRENE","CO","40.4144","-105.8197","10700","co"
"LNCC2","","LONE CONE","CO","37.8919","-108.1956","9600","co"
"LNMC2","","LAS ANIMAS","CO","38.0636","-103.2153","3890","co"
"LODC2","","LADORE","CO","40.7385","-108.8365","5940","co"
"LOOC2","","LOOKOUT MOUNTAIN","CO","39.7242","-105.2502","7504","co"
"LPFC2","","LODGE POLE FLATS","CO","39.1536","-106.3497","9640","co"
"LPRC2","","BLACK CANYON","CO","38.5425","-107.6859","8446","co"
"LSTC2","","LOST PARK","CO","39.3069","-105.5427","10656","co"
"LUJC2","","LUJAN","CO","38.2547","-106.5677","11078","co"
"LYNC2","","LYNX PASS","CO","40.0781","-106.6703","8880","co"
"MDHC2","55507","MEREDITH","CO","39.3619","-106.7422","7825","co"
"MINC2","","MINERAL CREEK","CO","37.8475","-107.7267","10040","co"
"MITC2","","DEEP CREEK","CO","39.7735","-107.647","9404","co"
"MMRC2","","MESA MTN","CO","37.0564","-107.7087","7380","co"
"MOKC2","","MOCKINGBIRD","CO","37.4728","-108.8844","6420","co"
"MPRC2","","MCCLURE PASS","CO","39.1267","-107.2841","9058","co"
"MRFC2","","MOREFIELD","CO","37.2972","-108.4127","7820","co"
"NCKC2","","NEEDLE CREEK","CO","38.3892","-106.5308","8993","co"
"NIWC2","","NIWWOT","CO","40.05","-105.55","9850","co"
"NLSC2","","NORTH LOST TRAIL","CO","39.0781","-107.1439","9200","co"
"NUCC2","","NUCLA","CO","38.2333","-108.5616","5860","co"
"ORDC2","","ORDWAY","CO","38.2217","-103.724","4315","co"
"OURC2","OURC","OURAY","CO","38.0167","-107.6667","7840","co"
"OVRC2","","OVERLAND RES","CO","39.0906","-107.6347","9840","co"
"PCPC2","","PORCUPINE CR.","CO","40.0981","-106.6805","8941","co"
"PGSC2","","PIEDRA GUARD STATION","CO","37.4333","-107.1833","7670","co"
"PHTC2","","PHANTOM VALLEY","CO","40.3994","-105.8475","9030","co"
"PIKES","","PIKES PEAK","CO","38.8409","-105.0423","14114","co"
"PIRC2","","PINTO","CO","40.0209","-108.3981","6672","co"
"PKLC2","","PICKLE GULCH","CO","39.8444","-105.5172","9380","co"
"PNRC2","","PINE RIDGE","CO","39.2381","-108.3831","6710","co"
"POLC2","","POLHEMUS","CO","39.2547","-105.1319","8683","co"
"PONC2","OLN","PAONIA","CO","38.8522","-107.6236","5580","co"
"PRPC2","","PORPHYRY CREEK","CO","38.4889","-106.3397","10760","co"
"RDDC2","","RED CREEK","CO","38.2072","-104.9977","5883","co"
"RDKC2","","RED DEER","CO","38.8272","-106.2116","8727","co"
"RESC2","","RABBIT EARS","CO","40.3667","-106.7333","9400","co"
"RFEC2","","RIFLE","CO","39.5124","-107.7489","6120","co"
"RFRC2","","REDFEATHER","CO","40.7981","-105.5722","8214","co"
"RMPC2","","RED MOUNTAIN PASS","CO","37.8917","-107.7133","11200","co"
"RNGC2","","RANGELY","CO","40.0894","-108.7717","5290","co"
"ROAC2","","ROACH","CO","40.7667","-106.1333","9850","co"
"RRAC2","","RAMPART RANGE","CO","38.9586","-104.9527","9207","co"
"RSOC2","","REDSTONE","CO","40.5708","-105.2269","6160","co"
"RYEC2","","RYE","CO","37.9136","-104.9483","7141","co"
"SAWC2","","SALTER","CO","37.6511","-108.5369","8201","co"
"SCSC2","","STILLWATER CREEK","CO","40.2167","-105.9167","8720","co"
"SDNC2","","SAND DUNES","CO","37.7267","-105.5107","8279","co"
"SDVC2","","SANDOVAL MESA","CO","37.0998","-107.3027","8491","co"
"SGTC2","57460","SARGENTS","CO","38.4039","-106.4236","8460","co"
"SIDC2","","PSF2 SALIDA","CO","38.5857","-106.1901","9383","co"
"SLMC2","","SLUMGULLION","CO","37.9908","-107.2033","11440","co"
"SMKC2","","SMOKE USFS R2-69","CO","38.9792","-105.353","8077","co"
"SODC2","","SODA CREEK","CO","39.56","-105.9855","9578","co"
"SPKC2","","SANBORN PARK","CO","38.1922","-108.2168","7895","co"
"SPSC2","","SPUD MOUNTAIN","CO","37.6986","-107.7772","10660","co"
"SRAC2","","PSF1 SOUTH PLATTE","CO","39.511","-105.5374","2760","co"
"SSPC2","","STEAMBOAT SPRINGS","CO","40.4833","-106.85","6700","co"
"STHC2","","HANGMAN","CO","39.9181","-106.9161","7834","co"
"STOC2","","STORM KING MOUNTAIN","CO","39.5869","-107.4044","8793","co"
"SUMC2","","SUMMIT RANCH","CO","39.7167","-106.15","9400","co"
"SURC2","","DINOSAUR NM SUCCESS","CO","40.5106","-108.9341","5960","co"
"TAPC2","","TAYLOR PARK","CO","38.9085","-106.6027","10420","co"
"TELC2","","TELLURIDE","CO","37.9492","-107.8733","8672","co"
"TLSC2","","TRAPPER LAKE","CO","39.9989","-107.2361","9700","co"
"UCNC2","","UTE CANYON","CO","37.0608","-102.6302","4372","co"
"USJC2","","UPPER SAN JUAN","CO","37.4858","-106.8353","10200","co"
"UVCC2","","UNIVERSITY CAMP","CO","40.0333","-105.5833","10300","co"
"VLMC2","","VAIL MOUNTAIN","CO","39.6167","-106.38","10300","co"
"VLRC2","","VALLECITO DAM","CO","37.3667","-107.5833","7650","co"
"WICC2","","WILLOW CREEK","CO","40.3517","-106.2152","9750","co"
"WLCC2","","WILLIS CREEK","CO","38.0029","-105.056","9053","co"
"WLLC2","","WILLOW CREEK PASS","CO","40.3469","-106.0944","9540","co"
"WPRC2","","WILLOW PARK","CO","40.4333","-105.7333","10700","co"
"WSTC2","","WESTCLIFFE","CO","38.1311","-105.466","7860","co"
"YRSC2","","YAMPA RANGER STATION","CO","40.15","-106.9167","7880","co"
"MRCH","","CHACARITA","CR","9.98","-84.78","7","oc"
"MRLB","","LIBERIA/TOMAS_GUARD","CR","10.6","-85.55","305","oc"
"MRLM","","PUERTO LIMON","CR","10","-83.05","16","oc"
"MRNC","","NICOYA","CR","10.15","-85.45","394","oc"
"MRPT","","PUNTARENAS","CR","9.9667","-84.8333","16","oc"
"K18N","18N","NEW LONDON LEDGE","CT","41.3","-72.0833","99999","oc"
"K4B8","4B8","ROBERTSON FIELD","CT","41.6893","-72.8647","202","co"
"KBDL","BDL","HARTFORD       ASOS","CT","41.9333","-72.6833","179","co"
"KBDR","BDR","BRIDGEPORT     ASOS","CT","41.1667","-73.1333","17","co oc"
"KDXR","DXR","DANBURY","CT","41.3667","-73.4833","456","co"
"KGON","GON","GROTON","CT","41.33","-72.045","20","co oc"
"KHFD","HFD","HARTFORD-BRAINARD","CT","41.7333","-72.65","36","co"
"KHVN","HVN","NEW HAVEN","CT","41.2647","-72.885","3","co oc"
"KIJD","IJD","WILLIMANTIC  ASOS","CT","41.75","-72.1833","250","co"
"KLZD","","DANIELSON","CT","41.8198","-71.901","238","co"
"KMMK","","MERIDEN MARKHAM MUN","CT","41.5097","-72.8278","102","co"
"KOXC","OXC","OXFORD    AWOS","CT","41.4833","-73.1333","731","co"
"KSNC","SNC","CHESTER ARPT","CT","41.3839","-72.5059","417","co oc"
"LDLC3","","NEW LONDON LEDGE LT","CT","41.3059","-72.0774","66","co oc"
"NWHC3","","NEW HAVEN","CT","41.2833","-72.9078","14","co oc"
"MUCA","","CIEGO_AVILA/VENEZUE","CU","21.78","-78.78","85","co"
"MUCC","","CAYO COCO/JARDINES D","CU","22.4611","-78.3283","13","co oc"
"MUCF","","CIENFUEGOS(CIV/MIL)","CU","22.15","-80.4","128","co"
"MUCL","","CAYO_LARGO_DEL_SUR","CU","21.62","-81.55","7","oc"
"MUHA","","HAVANA/JOSE MART.","CU","22.9833","-82.4","246","co"
"MUSC","","ABEL SANTAMARIA","CU","22.492","-79.95","338","co"
"MUVR","","VARADERO/KAWAMA C","CU","23.1333","-81.2833","10","co"
"NCAI","","AMURI/AITUTAKI I","CW","-18.8167","-159.7667","20","oc"
"PLCH","","CHRISTMAS/CASSIDY","CX","1.98","-157.48","10","oc"
"KDCA","DCA","WASHINGTON","DC","38.85","-77.0333","65","co"
"WASD2","","WASHINGTON; DC NOS","DC","38.87","-77.02","0","co"
"44009","4009","DELAWARE BAY","DE","38.4636","-74.7019","16","co oc"
"BLKD1","","BLACKBIRD","DE","39.3258","-75.7308","70","co"
"BRND1","","BRANDYWINE SHOAL LGT","DE","38.99","-75.11","20","co oc"
"DELD1","","DELAWARE CITY","DE","39.58","-75.59","23","co"
"K33N","33N","DELAWARE AIRPARK","DE","39.2187","-75.6005","55","co"
"K61N","61N","INDIAN RIVER","DE","38.6167","-75.0667","99999","oc"
"KDOV","DOV","DOVER AFB","DE","39.1333","-75.4667","30","co"
"KGED","","GEORGETOWN/SUSSEX","DE","38.69","-75.3625","51","co oc"
"KILG","ILG","WILMINGTON   ASOS","DE","39.6667","-75.6","80","co"
"LWSD1","","LEWES","DE","38.7822","-75.1195","26","co oc"
"REDD1","","REDDEN","DE","38.7417","-75.4153","50","co oc"
"TDCF","MKPB","CANEFIELD_AIRPORT","DM","15.53","-61.4","16","oc"
"TDPD","MKPD","MELVILLE HALL/DOMINI","DM","15.5333","-61.3","79","oc"
"MDBH","","BARAHONA","DO","18.22","-71.1","10","oc"
"MDLR","","LA ROMANA INTL ARPT","DO","18.42","-68.95","26","oc"
"MDPC","","PUNTA_CANA","DO","18.57","-68.37","39","oc"
"MDPP","","PUERTO_PLATA_INTL","DO","19.75","-70.55","49","oc"
"MDSD","","SANTO DOMINGO","DO","18.4667","-69.67","46","oc"
"NFFN","","NANDI/NADI INTL ARPT","FJ","-17.75","177.45","59","oc"
"NFNA","","NAUSORI","FJ","-18.05","178.57","16","oc"
"NGTA","","TARAWA KIRIBATI","FJ","1.3667","173.1333","7","oc"
"NGTT","","TARAWA KIRIBATI","FJ","1.3817","173.1469","7","oc"
"41009","1009","CANAVERAL","FL","28.519","-80.166","16","co oc"
"41010","","CANAVERAL EAST","FL","28.91","-78.47","16","co oc"
"41012","","ST AUGUSTINE","FL","30.0439","-80.5503","16","co oc"
"41112","","OFFSHORE FERNANDINA","FL","30.709","-81.08","0","co oc"
"41114","","FORT PIERCE","FL","27.55","-80.217","0","co oc"
"41117","","ST. AUGUSTINE","FL","30","-81.08","0","co oc"
"42003","2003","EAST GULF","FL","26.0664","-85.9442","16","co oc"
"42013","","NAVY-2/SARASOTA","FL","27.1683","-82.9273","9","co oc"
"42014","","DRY TORTUGAS SEA COO","FL","25.2452","-82.2148","9","co oc"
"42021","","PASCO COUNTY","FL","28.306","-83.2985","9","co oc"
"42022","","WEST FLORIDA CENTRAL","FL","27.4953","-83.7244","10","co oc"
"42023","","WEST FLORIDA SOUTH","FL","26.0579","-83.08","10","co oc"
"42036","","W TAMPA","FL","28.5","-84.5167","16","co oc"
"42039","","PENSACOLA","FL","28.7939","-86.006","16","co oc"
"86092","","NETTLES IS","FL","27.285","-80.2269","10","co oc"
"ANCF1","","ANCLOTE GULF PARK","FL","28.1929","-82.7886","40","co oc"
"APRF1","","AVON PARK AF RANGE 1","FL","27.6319","-81.2642","126","co"
"ARPF1","","ARIPEKA","FL","28.4331","-82.6667","22","co oc"
"BFSF1","","BLOXHAM","FL","30.3583","-84.6114","125","co"
"BKBF1","","I-295 BRIDGE ST JOHN","FL","30.192","-81.692","32","co"
"BLIF1","","BLOUNT ISLAND COMM","FL","30.393","-81.523","28","co"
"CDRF1","","CEDAR KEY","FL","29.1361","-83.0292","10","co oc"
"CHKF1","","CHEKIKA","FL","25.625","-80.5797","5","co oc"
"CRAF1","","CENTRAL","FL","29.1064","-81.6294","74","co"
"CWBF1","","CLEARWATER BEACH","FL","27.9775","-82.8317","22","co oc"
"EDTF1","","EDDY TOWER","FL","30.5419","-82.3433","131","co"
"EGKF1","","EGMONT KEY","FL","27.6014","-82.7594","33","co oc"
"ENPF1","","TENRAW","FL","25.6097","-80.8503","5","co"
"FMRF1","","FORT MYERS WLON","FL","26.6467","-81.8717","23","co"
"FRDF1","","FERNANDINA BEACH","FL","30.6753","-81.4649","21","co oc"
"FWYF1","","FOWEY ROCKS","FL","25.5903","-80.0967","96","co oc"
"GCVF1","","RED BAY POINT","FL","29.982","-81.632","32","co"
"GHTF1","","BRIGHTON","FL","27.1196","-81.0827","15","co oc"
"HMRF1","","HONEYMOON RAWS","FL","26.1947","-81.0668","14","co"
"K01J","01J","HILLIARD AIRPARK","FL","30.686","-81.9063","59","co"
"K1J0","","TRI COUNTY ARPT","FL","30.8458","-85.6014","85","co"
"K1J3","1J3","PONCE DE LEON INL","FL","29.0667","-80.9167","10","co oc"
"K24J","","LIVE OAK/SUWANNE","FL","30.3001","-83.0247","105","co"
"K28J","","PALATKA MUNI","FL","29.6586","-81.6889","49","co"
"K2IS","2IS","AIRGLADES","FL","26.7352","-81.0511","20","co oc"
"K2J0","2J0","WAKULLA COUNTY","FL","29.9895","-84.3954","11","co oc"
"K2J8","2J8","PIERSON MUNI","FL","29.25","-81.4593","63","co oc"
"K2J9","","QUNICY","FL","30.5979","-84.5574","226","co"
"K2R4","2R4","PETER PRINCE FIELD","FL","30.6376","-86.9937","82","co"
"K40J","","PERRY-FOLEY_AIRPORT","FL","30.0719","-83.5736","45","co"
"K42J","","KEYSTONE HEIGHTS","FL","29.8448","-82.0475","197","co"
"K54J","","DE FUNIAK SPRNGS","FL","30.7311","-86.1538","289","co"
"KAAF","KAQQ AQQ","APALACHICOLA","FL","29.7333","-85.0167","20","co oc"
"KAGR","AGR","AVON PARK GNRY RNG","FL","27.65","-81.3333","66","co"
"KAPF","APF","NAPLES","FL","26.15","-81.7667","8","co oc"
"KAVO","","AVON PARK EXECUTIVE","FL","27.5913","-81.529","160","co"
"KBCT","","BOCA RATON AP","FL","26.3785","-80.1077","13","co oc"
"KBKV","BKV","BROOKESVILLE ASOS","FL","28.4667","-82.45","77","co"
"KBOW","BOW","BARTOW","FL","27.95","-81.7833","131","co"
"KCDK","","GEORGE T LEWIS","FL","29.1342","-83.0505","11","co oc"
"KCEW","CEW","CRESTVIEW","FL","30.7833","-86.5167","184","co"
"KCGC","CGC","CRYSTAL RIVER ARPT","FL","28.8673","-82.5713","10","co oc"
"KCHN","","WAUCHULA MUNI","FL","27.5149","-81.8805","108","co"
"KCLW","","CLEARWATER","FL","27.9742","-82.7563","72","co oc"
"KCOF","COF","PATRICK AFB","FL","28.2333","-80.6","10","co oc"
"KCOI","","MERRITT ISLAND","FL","28.3416","-80.6855","6","co"
"KCRG","CRG","CRAIG MUNI ARPT","FL","30.3333","-81.5167","39","co"
"KCTY","CTY","CROSS CITY (AMOS)","FL","29.6167","-83.1","43","co"
"KDAB","DAB","DAYTONA BEACH AO2","FL","29.1833","-81.05","41","co oc"
"KDED","","DELAND","FL","29.067","-81.2837","79","co oc"
"KDP1","DP1","EGLIN 52 AFR","FL","30.5","-86.3333","157","co"
"KDTS","","DESTIN_(ASOS)","FL","30.4","-86.47","20","co oc"
"KECP","","PANAMA CITY","FL","30.3583","-85.7956","69","co"
"KEGI","","DUKE_FLD/EGLIN_AUX","FL","30.65","-86.52","194","co"
"KEVB","","NEW_SMYRNA_BEACH_MUN","FL","29.0558","-80.9484","10","co oc"
"KEYW","EYW","KEY WEST       ASOS","FL","24.55","-81.75","21","co oc"
"KF45","F45","NORTH PALM BEACH COU","FL","26.8459","-80.2223","22","co oc"
"KF95","F95","CALHOUN COUNTY","FL","30.4872","-85.1138","122","co"
"KFHB","","FERNANDINA BEACH","FL","30.6118","-81.4612","16","co oc"
"KFIN","","FLAGLER CNTY","FL","29.4657","-81.2087","33","co oc"
"KFLL","FLL","FORT LAUDERDALE","FL","26.0667","-80.15","10","co oc"
"KFMY","FMY","FORT MYERS","FL","26.5842","-81.8625","18","co"
"KFPR","FPR","FORT PIERCE","FL","27.495","-80.3683","23","co oc"
"KFXE","FXE","FORT LAUDERDALE","FL","26.2","-80.1833","14","co oc"
"KGIF","GIF","WINTER HAVEN ASOS","FL","28.0667","-81.75","144","co"
"KGNV","GNV","GAINESVILLE","FL","29.6833","-82.2667","164","co"
"KHEG","","JACKSONVILLE HERLONG","FL","30.2778","-81.8059","87","co"
"KHRT","HRT","HURLBURT FLD","FL","30.4167","-86.6833","89","co oc"
"KHST","HST","HOMESTEAD AFB","FL","25.4833","-80.3833","7","co oc"
"KHWO","","NORTH_PERRY_ARPT_ASO","FL","26.0014","-80.2406","7","co oc"
"KIMM","","IMMOKALEE","FL","26.4337","-81.4005","37","co"
"KINF","","INVERNESS","FL","28.8086","-82.3165","49","co"
"KISM","","KISSIMMEE","FL","28.29","-81.44","82","co"
"KJAX","JAX","JACKSONVILLE","FL","30.5","-81.7","31","co"
"KLAL","LAL","LAKELAND APT","FL","27.9889","-82.0186","141","co"
"KLCQ","","LAKE CITY MUNI ARPT","FL","30.1838","-82.5684","201","co"
"KLEE","","LEESBURG_MUNICIPAL_A","FL","28.82","-81.81","79","co"
"KLNA","","PALM BEACH COUNTY PA","FL","26.5931","-80.0851","14","co oc"
"KMAI","","MARIANNA","FL","30.8367","-85.1836","113","co"
"KMCF","MCF","MAC DILL AFB","FL","27.85","-82.5","13","co"
"KMCO","MCO","ORLANDO INTL","FL","28.4333","-81.3167","105","co"
"KMFL","","MIAMI  WFO","FL","25.7542","-80.3839","16","co oc"
"KMIA","MIA","MIAMI","FL","25.8167","-80.2833","12","co oc"
"KMKY","","MARCO ISLAND","FL","25.995","-81.6725","5","co oc"
"KMLB","MLB","MELBOURNE","FL","28.1003","-80.6356","25","co"
"KMTH","MTH","MARATHON KEY ARPT","FL","24.7262","-81.0514","7","co oc"
"KNDZ","","MILTON/WHITING_FIELD","FL","30.7044","-87.023","177","co"
"KNIP","NIP","JACKSONVILLE NAS","FL","30.2358","-81.6805","22","co"
"KNPA","NPA","PENSACOLA NAS","FL","30.3527","-87.3167","30","co oc"
"KNQX","NQX","KEY WEST NAS","FL","24.5757","-81.6888","6","co oc"
"KNRB","NRB","MAYPORT NAS","FL","30.3919","-81.4237","20","co oc"
"KNSE","NSE","MILTON NAS","FL","30.7167","-87.0167","200","co"
"KOBE","","OKEECHOBEE_CNTY_ARPT","FL","27.2628","-80.8498","34","co oc"
"KOCF","","OCALA_MUNI_(AWOS)","FL","29.17","-82.22","89","co"
"KOMN","","ORMOND_BEACH_MUNI_AR","FL","29.3006","-81.1136","29","co oc"
"KOPF","OPF","OPA LOCKA ARPT","FL","25.9","-80.2833","9","co oc"
"KORL","ORL","ORLANDO","FL","28.5464","-81.3358","112","co"
"KP73","P73","DRY TORTUG(RAMOS)","FL","24.6333","-82.9167","3","co oc"
"KPAM","PAM","TYNDALL AFB","FL","30.0667","-85.5833","16","co"
"KPBI","PBI","W PALM BEACH ASOS","FL","26.6833","-80.1167","21","co oc"
"KPCM","","PLANT_CITY_MUNI_ARPT","FL","28.0002","-82.1642","154","co"
"KPFN","PFN","PANAMA CITY","FL","30.2","-85.6833","20","co oc"
"KPGD","","PUNTA GORDA","FL","26.9185","-81.9939","26","co"
"KPHK","","PALM BEACH CO GLADES","FL","26.785","-80.6934","16","co oc"
"KPIE","PIE","ST PETERSBURG","FL","27.9167","-82.6833","10","co oc"
"KPMP","","POMPANO_BEACH","FL","26.2456","-80.1114","20","co oc"
"KPNS","PNS","PENSACOLA","FL","30.4667","-87.2","118","co"
"KRSW","RSW","FT MYERS SW APT","FL","26.5333","-81.75","31","co"
"KSEF","","SEBRING RGNL","FL","27.4564","-81.3424","62","co"
"KSFB","SFB","SANFORD","FL","28.7833","-81.25","7","co"
"KSGJ","","ST_AUGUSTINE","FL","29.97","-81.33","10","co oc"
"KSPG","","SAINT_PETERSBURG","FL","27.7678","-82.6261","5","co oc"
"KSRQ","SRQ","SARASOTA-BRADENTO","FL","27.3953","-82.5542","23","co oc"
"KSUA","","STUART/WITHAM FIELD","FL","27.1816","-80.2211","18","co oc"
"KTAE","","TALLAHASSEE  WFO","FL","30.3939","-84.3444","81","co"
"KTBW","","RUSKIN  WFO","FL","27.705","-82.4019","43","co"
"KTDR","","TYNDALL DRONE","FL","30.0333","-85.5333","16","co"
"KTIX","TIX","TITUSVILLE","FL","28.5167","-80.8","36","co"
"KTLH","TLH","TALLAHASSEE","FL","30.3833","-84.3667","68","co"
"KTMB","TMB","TAMIAMI ARPT","FL","25.6419","-80.4347","10","co oc"
"KTNF1","","KEATON BEACH","FL","29.8178","-83.5927","10","co oc"
"KTNT","","DADE-COLLIER TRAININ","FL","25.8618","-80.897","13","co"
"KTPA","TPA","TAMPA","FL","27.9667","-82.5333","11","co oc"
"KTPF","","PETER_O_KNIGHT_ARPT","FL","27.9156","-82.4493","6","co"
"KTTS","X68 TTS","NASA SHTTLE FCLTY","FL","28.6167","-80.7","10","co oc"
"KVDF","","TAMPA/VANDENBURG APT","FL","28.01","-82.35","23","co"
"KVNC","","VENICE","FL","27.0716","-82.4403","20","co oc"
"KVPS","VPS","EGLIN AFB","FL","30.4833","-86.5167","85","co"
"KVQQ","KNZC NZC","CECIL FIELD MUNIC","FL","30.2167","-81.8833","80","co"
"KVRB","VRB","VERO BEACH","FL","27.655","-80.4142","19","co oc"
"KVVG","","THE VILLAGES","FL","28.96","-81.97","89","co"
"KX01","X01","EVERGLADES AIRPARK","FL","25.8489","-81.3903","5","co"
"KX06","X06","ARCADIA MUNI","FL","27.1953","-81.8382","63","co"
"KX07","X07","LAKE WALES MUNI","FL","27.8939","-81.6204","127","co"
"KX10","X10","BELLE GLADE STATE MU","FL","26.6982","-80.6602","14","co oc"
"KX13","X13","CARRABELLE-THOMPSON","FL","29.842","-84.7011","20","co"
"KX14","X14","LA BELLE MUNI","FL","26.7406","-81.4283","20","co oc"
"KX21","X21","ARTHUR DUNN AIR PARK","FL","28.6226","-80.8354","30","co oc"
"KX23","X23","UMATILLA MUNI","FL","28.9242","-81.6518","107","co"
"KX26","X26","SEBASTIAN MUNI","FL","27.8133","-80.4956","22","co"
"KX35","X35","MARION COUNTY","FL","29.0618","-82.3766","65","co"
"KX36","X36","BUCHAN","FL","26.9901","-82.374","15","co oc"
"KX40","X40","INVERNESS ARPT","FL","28.8063","-82.3179","49","co"
"KX51","X51","MIAMI HOMESTEAD GENE","FL","25.4992","-80.5542","7","co oc"
"KX53","X53","CLEWISTON","FL","26.75","-80.95","20","co oc"
"KX59","X59","VALKARIA","FL","27.9609","-80.5583","26","co"
"KX60","X60","WILLISTON MUNI","FL","29.3554","-82.4719","76","co"
"KX82","X82","FT PIERCE","FL","27.4667","-80.3","3","co oc"
"KX84","X84","ISLAMORADA","FL","24.95","-80.5833","3","co oc"
"KX89","X89","FT MYERS BEACH","FL","26.45","-81.95","3","co"
"KXFL","XFL","PALM COAST","FL","29.4674","-81.2063","33","co oc"
"KXMR","XMR","CAPE KENNEDY AFS","FL","28.4667","-80.55","20","co oc"
"KYWF1","","KEY WEST WLON","FL","24.5534","-81.8073","21","co oc"
"KZPH","","ZEPHYRHILLS","FL","28.2281","-82.1559","85","co"
"LGRF1","","LAKE GEORGE","FL","29.3986","-81.8055","129","co"
"LKWF1","LKWF","LAKE WORTH","FL","26.6126","-80.0338","20","co oc"
"LOHF1","","LOXAHATCHEE","FL","26.4881","-80.4269","17","co oc"
"LONF1","","LONG KEY","FL","24.8433","-80.8617","19","co oc"
"LPIF1","","CACHE","FL","25.3903","-80.6803","5","co oc"
"LTJF1","","LITTLE JETTIES","FL","30.379","-81.446","30","co oc"
"LWEF1","","LAKE WALES","FL","27.4364","-81.3897","141","co"
"LWQF1","","LAKE WOODRUFF","FL","29.0982","-81.3665","16","co oc"
"MLRF1","KMLRF","MOLASSES REEF","FL","25.01","-80.38","37","co oc"
"MRFF1","","MERRITT ISLAND","FL","28.6408","-80.7308","30","co oc"
"MTBF1","","MIDDLE TAMPA BAY","FL","27.662","-82.6","16","co oc"
"MYPF1","","MAYPORT/BAR PILOTS","FL","30.3968","-81.4294","19","co oc"
"NFBF1","","NW FLORIDA BAY","FL","25.0844","-81.0958","11","co oc"
"NFDF1","","NAVY FUEL DEPOT","FL","30.4","-81.627","28","co"
"NPSF1","","NAPLES WLON","FL","26.1315","-81.8067","13","co oc"
"OASF1","","OASIS","FL","25.8604","-81.033","8","co"
"OCOF1","","OCHOPEE RAWS","FL","25.8987","-81.3198","7","co"
"OLSF1","","OLUSTEE","FL","30.2514","-82.4208","175","co"
"OPTF1","","OLD PORT TAMPA","FL","27.858","-82.553","22","co oc"
"PACF1","","PANAMA CITY","FL","30.152","-85.667","15","co"
"PCBF1","","PANAMA CITY BEACH","FL","30.2123","-85.8797","28","co oc"
"PHWF1","","PANTHER WEST","FL","26.1717","-81.4789","15","co"
"PLSF1","","PULASKI SHOAL LGT","FL","24.6933","-82.7733","52","co oc"
"PMAF1","","PORT MANATEE","FL","27.637","-82.563","30","co oc"
"PRWF1","","ST. MARKS (WEST)","FL","30.0105","-84.4244","50","co oc"
"PSTF1","","PANTHER EAST","FL","26.1686","-81.3644","15","co"
"PVGF1","","PORT EVERGLADES CH","FL","26.092","-80.109","10","co oc"
"RACF1","","RACCOON POINT RAWS","FL","25.978","-80.9041","7","co"
"RKIF1","","MILES CITY RAWS","FL","26.2483","-81.2953","15","co"
"SAMF1","","ST. MARKS (EAST)","FL","30.1392","-84.1364","15","co oc"
"SANF1","","SAND KEY","FL","24.4569","-81.8783","20","co oc"
"SAPF1","NP026","ST PETERSBURG WLON","FL","27.7606","-82.6269","16","co oc"
"SAUF1","SAUF KSAUF","ST AUGUSTINE","FL","29.8572","-81.2639","29","co oc"
"SGOF1","","TYNDALL AFB TOWER C","FL","29.4067","-84.8633","65","co oc"
"SHPF1","","SHELL POINT","FL","30.06","-84.2906","26","co oc"
"SIPF1","","SEBASTIAN INLET SP","FL","27.862","-80.455","26","co"
"SMKF1","SMKF","SOMBRERO KEY","FL","24.6279","-81.1109","120","co oc"
"SNDF1","","SANBORN","FL","30.0703","-84.5922","35","co"
"SURF1","","SUMATRA","FL","30.0206","-84.9861","27","co"
"SWNF1","","LOWER SUWANNEE","FL","29.3728","-83.0447","15","co oc"
"TPAF1","","TPA CRUISE TERM 2","FL","27.933","-82.433","75","co"
"TRDF1","","TRIDENT PIER","FL","28.4156","-80.5932","22","co oc"
"TSHF1","","EAST BAY CAUSEWAY","FL","27.928","-82.425","37","co"
"VAKF1","","VIRGINIA KEY","FL","25.7314","-80.1619","31","co oc"
"VCAF1","","VACA KEY","FL","24.7119","-81.105","21","co oc"
"VENF1","VENF","VENICE","FL","27.07","-82.45","16","co oc"
"WHSF1","","WILMA","FL","30.1828","-84.9403","65","co"
"41008","1008","GRAYS REEF","GA","31.4022","-80.869","16","co oc"
"AELG1","","ADEL","GA","31.1097","-83.4269","232","co"
"AFRG1","","WATKINSVILLE","GA","33.8889","-83.4183","785","co"
"BOLG1","","BRENDER","GA","33.0506","-83.7164","440","co"
"BRSG1","","BRASSTOWN","GA","34.8057","-83.7126","4297","co"
"BXYG1","","BAXLEY","GA","31.7136","-82.3878","195","co"
"BYRG1","","BYROMVILLE","GA","32.1681","-83.9747","322","co"
"CHGG1","","CHATTOOGA","GA","34.6403","-83.5219","1500","co"
"CMLG1","","CAMILLA","GA","31.2142","-84.2361","160","co"
"COHG1","","COHUTTA","GA","34.9225","-84.6594","1724","co"
"CPMG1","","CAMP MERRILL","GA","34.6086","-84.1308","2021","co"
"DLSG1","","DALLAS","GA","33.8333","-84.74","951","co"
"DPGG1","","DYAR PASTURE","GA","33.6473","-83.2946","481","co"
"DSVG1","","DAWSONVILLE","GA","34.3764","-84.06","1270","co"
"EJAG1","","CHATSWORTH","GA","34.7664","-84.7589","765","co"
"FBGG1","","FORT BENNING","GA","32.3967","-84.87","467","co"
"FPKG1","","FORT PULASKI","GA","32.034","-80.9017","21","co oc"
"FSGG1","","GLISSON'S POND","GA","32.0746","-81.8199","155","co"
"FSLG1","","LAWSON","GA","31.9043","-81.5947","91","co"
"FSPG1","","PEMBROKE","GA","32.1019","-81.6263","71","co"
"FSRG1","","RICHMOND HILL","GA","31.9775","-81.3822","20","co"
"FSTG1","","TAYLOR'S CREEK","GA","31.9434","-81.7544","96","co"
"GA45","","TOWNSEND","GA","31.5333","-81.5333","26","co"
"GNTG1","","GANNETT LAKE","GA","30.6625","-82.2467","5","co"
"HRDG1","","MILLEDGEVILLE","GA","33.0103","-83.2072","395","co"
"JONG1","","JONES ISLAND","GA","30.8289","-82.36","114","co"
"K09J","09J","JEKYLL ISLAND","GA","31.0745","-81.4278","11","co oc"
"K15J","15J","COOK COUNTY","GA","31.1371","-83.4538","236","co"
"K16J","16J","DAWSON MUNI","GA","31.7433","-84.4193","332","co"
"K17J","17J","DONALSONVILLE MUNI","GA","31.007","-84.8776","148","co"
"K18A","18A","FRANKLIN COUNTY","GA","34.3404","-83.1308","890","co"
"K19A","","JEFFERSON","GA","34.1833","-83.5667","951","co"
"K1J1","1J1","ST SIMON ISLAND","GA","31.1333","-81.3667","3","co oc"
"K25J","25J","LOWER CHATTAHOOCHEE","GA","31.7019","-84.827","457","co"
"K27A","","ELBERTON/ELBERT CO","GA","34.095","-82.8158","604","co"
"K2J3","2J3","LOUISVILLE MUNI","GA","32.9859","-82.3848","328","co"
"K2J5","2J5","MILLEN","GA","32.893","-81.9652","240","co"
"K3J6","3J6","DAVIS FIELD","GA","30.7964","-82.0282","68","co"
"K3J7","","GREENSBORO/GREENE CO","GA","33.5977","-83.139","676","co"
"K47A","","CHEROKEE CNTY ARPT","GA","34.3106","-84.4239","1220","co"
"K48A","48A","COCHRAN","GA","32.4007","-83.2784","377","co"
"K49A","49A","GILMER COUNTY","GA","34.6282","-84.5266","1486","co"
"K4A4","4A4","POLK COUNTY AIRPORT-","GA","34.0187","-85.1465","974","co"
"K4J1","4J1","BRANTLEY COUNTY","GA","31.2061","-81.906","85","co"
"K4J2","4J2","BERRIEN CO","GA","31.2125","-83.2253","240","co"
"K4J5","4J5","QUITMAN BROOKS COUNT","GA","30.8052","-83.5891","185","co"
"K4J8","4J8","TREUTLEN COUNTY","GA","32.3874","-82.5634","345","co"
"K51A","51A","HAWKINSVILLE-PULASKI","GA","32.2837","-83.438","270","co"
"K52A","52A","MADISON MUNI","GA","33.6121","-83.4604","694","co"
"K53A","53A","DR C P SAVAGE SR.","GA","32.302","-84.0075","337","co"
"K5A9","5A9","ROOSEVELT MEMORIAL","GA","32.9385","-84.6964","882","co"
"K65J","65J","WRENS MEMORIAL","GA","33.2228","-82.3845","450","co"
"K6A1","","BUTLER MUNI ARPT","GA","32.567","-84.251","667","co"
"K6A2","","GRIFFIN-SPALDING","GA","33.227","-84.2749","958","co"
"K70J","70J","CAIRO-GRADY COUNTY","GA","30.888","-84.1547","264","co"
"K75J","75J","TURNER COUNTY","GA","31.6876","-83.6329","389","co"
"K7A7","","DALONEGA","GA","34.5167","-83.9833","1748","co"
"K7A9","7A9","PLAINS","GA","32.0833","-84.3667","525","co"
"K82A","82A","MARION COUNTY","GA","32.2828","-84.5037","682","co"
"K9A0","9A0","LUMPKIN COUNTY-WIMPY","GA","34.5831","-84.02","1311","co"
"K9A1","","COVINGTON MUNI ARPT","GA","33.6325","-83.8496","794","co"
"K9A5","9A5","BARWICK LAFAYETTE","GA","34.6885","-85.2903","776","co"
"KABY","ABY","ALBANY","GA","31.5367","-84.1939","190","co"
"KACJ","","AMERICUS SOUTHER FLD","GA","32.1108","-84.1889","469","co"
"KAGS","AGS K91M K10M K243M","AUGUSTA        ASOS","GA","33.3667","-81.9667","148","co"
"KAHN","AHN","ATHENS         ASOS","GA","33.95","-83.3167","803","co"
"KAJR","","HABERSHAM COUNTY","GA","34.4998","-83.5567","1448","co"
"KAMG","AMG","ALMA","GA","31.5397","-82.5075","206","co"
"KATL","ATL","ATLANTA      ASOS","GA","33.65","-84.4333","1034","co"
"KAYS","AYS OKEG1","WAYCROSS","GA","31.25","-82.4","143","co"
"KAZE","","HAZELHURST","GA","31.8847","-82.6474","256","co"
"KBGE","","BAINBRIDGE/DECATUR","GA","30.9715","-84.6374","141","co"
"KBHC","","BAXLEY MUNI ARPT","GA","31.7138","-82.3938","201","co"
"KBIJ","K11J K11J","EARLY_CNTY_ARPT","GA","31.3975","-84.8948","213","co"
"KBQK","BQK","BRUNSWICK JETPORT","GA","31.25","-81.4667","26","co oc"
"KCCO","","NEWNAN_COWETA_ARPT","GA","33.31","-84.77","971","co"
"KCKF","","CORDELE","GA","31.9888","-83.7739","299","co"
"KCNI","","CHEROKEE CNTY ARPT","GA","34.3122","-84.4222","1220","co"
"KCSG","CSG","COLUMBUS     ASOS","GA","32.5167","-84.9333","394","co"
"KCTJ","CTJ","CARROLLTON","GA","33.6317","-85.1523","1161","co"
"KCVC","","COVINGTON MUNI","GA","33.632","-83.85","810","co"
"KCWV","","CLAXTON-EVANS CNTY A","GA","32.1951","-81.8696","112","co"
"KCXU","","CAMILLA-MITCHELL COU","GA","31.2132","-84.2352","176","co"
"KCZL","","TOM B DAVID FLD","GA","34.4554","-84.9392","656","co"
"KD73","D73","MONROE-WALTON COUNTY","GA","33.7825","-83.6928","875","co"
"KDBN","","DUBLIN/BUD BARRON AP","GA","32.5645","-82.9853","310","co"
"KDNL","DNL","AUGUSTA","GA","33.4667","-82.0333","423","co"
"KDNN","","DALTON_MUNI_AIRPORT","GA","34.72","-84.87","709","co"
"KDQH","","DOUGLAS MUNI ARPT","GA","31.4767","-82.8603","256","co"
"KDZJ","","BLAIRSVILLE","GA","34.8544","-83.9973","1909","co"
"KEBA","","ELBERT COUNTY-PATZ F","GA","34.0954","-82.8175","603","co"
"KEZM","","EASTMAN","GA","32.2141","-83.1277","305","co"
"KFFC","FFC","PEACHTREE      ASOS","GA","33.35","-84.5667","971","co"
"KFTY","FTY","FULTON CO.APRT","GA","33.7833","-84.5167","840","co"
"KFZG","","FITZGERALD MUNI ARPT","GA","31.6839","-83.2709","365","co"
"KGVL","GVL","GAINESVILLE    ASOS","GA","34.2667","-83.8333","1276","co"
"KHMP","","HENRY COUNTY AIRPORT","GA","33.3899","-84.331","882","co"
"KHOE","","HOMERVILLE_ARPT","GA","31.0559","-82.7741","187","co"
"KHQU","","THOMSON/MCDUFFIE CO","GA","33.5294","-82.5164","499","co"
"KIIY","","WASHINGTON-WILKES AP","GA","33.7794","-82.8158","646","co"
"KJCA","","JACKSON COUNTY","GA","34.1761","-83.5617","951","co"
"KJES","","JESUP-WAYNE CTY AP","GA","31.554","-81.8825","108","co"
"KJYL","","SYLVANIA/PLANTATION","GA","32.6453","-81.5964","187","co"
"KJZP","","PICKENS COUNTY","GA","34.4535","-84.4572","1535","co"
"KLGC","","LA GRANGE","GA","33.0167","-85.0667","682","co"
"KLHW","LHW","FORT STEWART","GA","31.8833","-81.5667","46","co"
"KLIY","LIY","HINESVILLE","GA","31.8667","-81.6333","92","co"
"KLSF","LSF","LAWSON AFB","GA","32.3239","-84.9826","233","co"
"KLZU","","LAWRENCEVILLE/GWINNE","GA","33.9781","-83.9624","1060","co"
"KMAC","","MACON DOWNTOWN","GA","32.8218","-83.5619","437","co"
"KMCN","MCN","MACON        ASOS","GA","32.7","-83.65","362","co"
"KMGE","MGE","DOBBINS AFB","GA","33.9167","-84.5167","1070","co"
"KMGR","MGR","MOULTRIE","GA","31.0833","-83.8","289","co"
"KMHP","","METTER MUNI","GA","32.374","-82.0814","197","co"
"KMLJ","","MILLEDGEVILLE/BALDWI","GA","33.14","-83.24","384","co"
"KMQW","","TELFAIR-WHEELER","GA","32.097","-82.8794","203","co"
"KMUL","","SPENCE","GA","31.1377","-83.7041","292","co"
"KOKZ","","SANDERSVILLE","GA","32.9667","-82.8382","440","co"
"KOPN","","THOMASTON","GA","32.95","-84.27","797","co"
"KPDK","PDK","DEKALB-PCHTREE AP","GA","33.8833","-84.3","1001","co"
"KPIM","","HARRIS COUNTY","GA","32.8407","-84.8824","902","co"
"KPUJ","","PAULDING COUNTY AIRP","GA","33.912","-84.9406","1289","co"
"KPXE","","PERRY HOUSTON CN","GA","32.5106","-83.7673","417","co"
"KRMG","RMG","ROME (RAMOS)","GA","34.35","-85.1667","643","co"
"KRVJ","","SWINTON SMITH FLD AT","GA","32.0595","-82.1536","195","co"
"KRYY","","MARIETTA/COBB CO","GA","34.0132","-84.5986","1040","co"
"KSAV","SAV","SAVANNAH","GA","32.1333","-81.2","51","co oc"
"KSBO","","SWAINSBORO","GA","32.6091","-82.3699","328","co"
"KSSI","SSI","BRUNSWICK","GA","31.1522","-81.3908","16","co oc"
"KSVN","SVN","HUNTER AFB","GA","32.0167","-81.1333","42","co oc"
"KSYV","","SYLVESTER","GA","31.5572","-83.894","403","co"
"KTBR","","STATESBORO","GA","32.48","-81.74","187","co"
"KTMA","","HENRY TIFT MYERS AIR","GA","31.429","-83.4885","355","co"
"KTOC","","TOCCOA","GA","34.5928","-83.2964","997","co"
"KTVI","","THOMASVILLE RGNL","GA","30.9018","-83.8811","262","co"
"KVAD","VAD","MOODY AFB","GA","30.9667","-83.2","233","co"
"KVDI","","VIDALIA_MUNI_APRT","GA","32.19","-82.37","276","co"
"KVLD","VLD","VALDOSTA","GA","30.7833","-83.2833","200","co"
"KVPC","","CARTERSVILLE","GA","34.1283","-84.8472","763","co"
"KWDR","","WINDER","GA","33.98","-83.67","925","co"
"KWRB","WRB","ROBINS AFB","GA","32.6333","-83.6","295","co"
"LOUG1","","LOUISVILLE","GA","32.9861","-82.3822","311","co"
"MDWG1","","MIDWAY","GA","31.7842","-81.4386","15","co oc"
"MRAG1","","MCRAE","GA","32.0942","-82.8819","201","co"
"MTFG1","","METTER","GA","32.3914","-82.0372","198","co"
"NAOG1","","ARMUCHEE","GA","34.6953","-85.1736","1152","co"
"NCIG1","","STAFFORD","GA","30.9172","-81.4294","25","co oc"
"NNAG1","","NEWNAN","GA","33.3653","-84.8597","873","co"
"ONFG1","","OCONEE","GA","33.2083","-83.7136","476","co"
"PLAG1","","AMERICUS/PLAINS","GA","32.1106","-84.1842","456","co"
"STRG1","","STERLING","GA","31.2569","-81.6106","13","co"
"SVNS1","","SAVANNAH NWR","GA","32.1","-81.0833","10","co oc"
"TCCG1","","TOCCOA","GA","34.765","-84.0744","2415","co"
"TULG1","","TALLULAH","GA","34.9058","-83.3344","2728","co"
"WSNG1","","WASHINGTON","GA","33.7797","-82.8136","616","co"
"MKPE","","PEARLS APRT/GRAN.","GD","12.15","-61.6167","20","oc"
"TGPY","","POINT SALINES","GD","12","-61.7833","7","oc"
"APRP7","","APRA HAROBR  GUAM","GM","13.4419","144.6528","28","gu oc"
"PGBP7","","PAGO BAY GUAM","GM","13.428","144.797","34","gu oc"
"TFFR","MFFR","LE RAIZET/GUADELOUPE","GP","16.2667","-61.5333","23","oc"
"PGUA","","ANDERSEN AFB/GUAM","GU","13.5667","144.9167","532","gu oc"
"PGUM","","AGANA/BREWER NAS","GU","13.4836","144.7961","269","gu oc"
"MLGT","","GEORGRTOWN","GY","6.8","-58.15","3","oc"
"51000","","NORTHERN HAWAII","HI","23.464","-154","16","hi oc"
"51001","","NORTHWEST HAWAII","HI","23.4319","-162.2077","16","hi oc"
"51002","","SOUTHWEST HAWAII","HI","17.19","-157.785","16","hi oc"
"51003","","WEST HAWAII","HI","19.018","-160.5819","16","hi oc"
"51004","","SOUTHEAST HAWAII","HI","17.5225","-152.4807","16","hi oc"
"51100","","NORTHERN HAWAII","HI","23.558","-153.9","16","hi oc"
"514830","","KUALOA RCH HQ 886","HI","21.5214","-157.8375","20","hi oc"
"AHMH1","","AHUMOA","HI","19.8371","-155.6128","6568","hi oc"
"DLGH1","","DILLINGHAM","HI","21.5719","-158.1986","102","hi oc"
"HFPH1","","HILO DOFAW PORTABLE","HI","19.5092","-154.9578","666","hi oc"
"HKAH1","","HONOKANAI'A","HI","20.5089","-156.6816","70","hi oc"
"HKIH1","","HAKIOAWA","HI","20.5803","-156.5711","1150","hi oc"
"HKUH1","","HAKALAU","HI","19.8209","-155.333","6549","hi oc"
"HOFH1","","HONOULIULI PHB","HI","21.3567","-158.0205","5","hi oc"
"KAOH1","","KANELOA","HI","20.5222","-156.5658","815","hi oc"
"KFWH1","","KII","HI","21.6883","-157.9525","5","hi oc"
"KHOH1","","KALOKO-HONOKOHAU","HI","19.6728","-156.0202","25","hi oc"
"KHRH1","","KOHALA RANCH","HI","20.0899","-155.8262","1326","hi oc"
"KKRH1","","KUAOKALA","HI","21.5704","-158.2599","947","hi oc"
"KKUH1","","MAUNA LOA","HI","19.4736","-155.3588","5520","hi oc"
"KLFH1","","KULA 1","HI","20.6963","-156.3118","6620","hi oc"
"KLLH1","","KEALIALALO","HI","20.5436","-156.6408","825","hi oc"
"KMOH1","","KEALAKOMO #2","HI","19.2928","-155.1075","97","hi oc"
"KPDH1","","KEALIA POND NWR","HI","20.7949","-156.4668","12","hi oc"
"KPGH1","","KAUPO","HI","20.6808","-156.1491","4010","hi oc"
"KPLH1","","KAUPULEHU LAVA FLOW","HI","19.8034","-155.9181","1221","hi oc"
"KPRH1","","KAPAPALA RANCH","HI","19.2581","-155.4417","1733","hi oc"
"KRCH1","","KAHUKU","HI","19.2322","-155.78","5894","hi oc"
"KSRH1","","NPS #5 PRESIDENTS DA","HI","19.4183","-155.2903","4132","hi oc"
"KTAH1","","KAHUKU TRAINING AREA","HI","21.6792","-157.9894","596","hi oc"
"KWHH1","","KAWAIHAE","HI","20.037","-155.829","37","hi oc"
"KWLH1","","KAWAILOA TRAINING AR","HI","21.5872","-158.013","1274","hi oc"
"LKHH1","","LOWER KAHUKU CS","HI","19.1008","-155.6696","3129","hi oc"
"LMKH1","","LUA MAKIKA","HI","20.5625","-156.563","1100","hi oc"
"LNIH1","","LANAI 1","HI","20.8733","-157.0063","1270","hi oc"
"MAPH1","","MAKUA VALLEY","HI","21.5261","-158.2041","520","hi oc"
"MKAH1","","MAKAHA RIDGE","HI","22.1298","-159.7223","1800","hi oc"
"MKGH1","","MAKUA RIDGE","HI","21.5428","-158.1988","1750","hi oc"
"MKPH1","","MAKAPULAPAI","HI","21.2033","-156.9661","75","hi oc"
"MKRH1","","MAKUA RANGE","HI","21.5286","-158.2261","20","hi oc"
"MLDH1","","MOLOAA DAIRY","HI","22.1833","-159.3375","338","hi oc"
"MLKH1","","MOLOKAI 1","HI","21.115","-156.9475","2733","hi oc"
"MNRH1","","MANA","HI","22.0294","-159.7623","86","hi oc"
"MOKH1","","MOKUOLOE","HI","21.4319","-157.79","33","hi oc"
"NENH1","","NENE CABIN CS","HI","19.2564","-155.6144","6581","hi oc"
"OFRH1","","OAHU FOREST NWR","HI","21.4775","-157.9369","1666","hi oc"
"PAFH1","","PUU ALII","HI","21.1408","-156.9023","3805","hi oc"
"PERH1","","PUHE CS","HI","20.025","-155.8212","113","hi oc"
"PHBK","","BARKING SANDS NAS","HI","22.0228","-159.7851","13","hi oc"
"PHFO","BKH","HONOLULU  WFO","HI","21.3028","-157.8194","73","hi oc"
"PHHI","","WHEELER AAF","HI","21.4776","-158.0443","837","hi oc"
"PHHN","HHI","HANA/MAUI","HI","20.8","-156.02","85","hi oc"
"PHIK","","HICKHAM AFB","HI","21.3167","-157.9166","13","hi oc"
"PHJH","","LAHAINA/WEST MAUI","HI","20.9631","-156.6747","256","hi oc"
"PHJR","NAX","KALAELOA ARPT/OAHU","HI","21.3167","-158.0667","54","hi oc"
"PHKO","PHNA","KONA/KEAHOLE","HI","19.7388","-156.0456","43","hi oc"
"PHKP","","KAANAPALI","HI","20.9333","-156.7","10","hi oc"
"PHLI","515580 LIH","LIHUE WSO AP 1020.1","HI","21.9792","-159.3414","103","hi oc"
"PHMK","LIH","MOLOKAI","HI","21.15","-157.1","449","hi oc"
"PHMU","MKK","WAIMEA KOHALA","HI","20","-155.6667","2681","hi oc"
"PHNG","MUE","KANEOHE BAY MCAS","HI","21.4333","-157.7666","10","hi oc"
"PHNL","HNL","HONOLULU","HI","21.324","-157.9395","16","hi oc"
"PHNM","HNL","HANA/MAUI","HI","20.8","-156.0333","75","hi oc"
"PHNY","HNM","LANAI/LANI CITY","HI","20.7856","-156.9514","1309","hi oc"
"PHOG","512572 OGG","KAHULUI WSO AP 398","HI","20.8997","-156.4286","51","hi oc"
"PHRH1","","PUHO CS","HI","19.4219","-155.9074","97","hi oc"
"PHSF","BSF","BRADSHAW_AAF/HAWAII","HI","19.78","-155.55","6191","hi oc"
"PHTO","","HILO/GEN.LYMAN FLD","HI","19.7167","-155.0667","36","hi oc"
"PKAH1","","PTA KIPUKA ALALA","HI","19.6669","-155.7077","5385","hi oc"
"PKMH1","","PTA KEAMUKU","HI","19.9022","-155.6786","3366","hi oc"
"PKOA","PKMJ","KAILUA-KONA","HI","19.75","-156.05","43","hi oc"
"PKPH1","","PUAKO PORTABLE","HI","19.4787","-154.8873","770","hi oc"
"PKWH1","","PTA WEST","HI","19.7717","-155.7022","4290","hi oc"
"PLHH1","","PALEHUA","HI","21.3849","-158.1042","2400","hi oc"
"PLIH1","","PALI2","HI","19.3175","-155.2922","2808","hi oc"
"PLRH1","","PUU LUA","HI","22.0892","-159.679","3274","hi oc"
"PMLH1","","PUU MALI","HI","19.9166","-155.4208","6658","hi oc"
"POPH1","","PUU OPAE","HI","22.0408","-159.6958","2068","hi oc"
"PTAH1","","PTA EAST","HI","19.6828","-155.5452","6430","hi oc"
"PTRH1","","PTA RANGE 17","HI","19.7458","-155.6261","5690","hi oc"
"PTWH1","511918","HONOLULU OBSERV 702.","HI","21.315","-157.9992","5","hi oc"
"PULH1","","PUUANAHULU","HI","19.8327","-155.7697","2725","hi oc"
"PWWH1","","PUU WAAWAA","HI","19.7951","-155.8454","2222","hi oc"
"SCBH1","","SCHOFIELD BARRACKS","HI","21.495","-158.0819","980","hi oc"
"SCEH1","","SCHOFIELD EAST","HI","21.4994","-157.9933","1250","hi oc"
"SCSH1","","SCHOFIELDSOUTHRANGE","HI","21.48","-158.1072","1489","hi oc"
"SFBH1","","SCHOFIELD FIREBREAK","HI","21.5097","-158.0827","1138","hi oc"
"WHGH1","","WAIMEA HTS","HI","21.9665","-159.6637","524","hi oc"
"WKVH1","","WAIKOLOA","HI","19.9242","-155.7936","977","hi oc"
"WMEH1","519629","WAIMEA 947","HI","21.9572","-159.6725","20","hi oc"
"WNVH1","","WAIANAE VALLEY","HI","21.4807","-158.1548","866","hi oc"
"WWFH1","","WAIAWA PHB","HI","21.3869","-157.9811","5","hi oc"
"MHLC","","LA CEIBA/GOLSON","HN","15.7333","-86.8667","56","oc"
"MHNJ","","GUANAJA","HN","16.4667","-85.9167","7","oc"
"MHNO","","GUANAJA","HN","16.47","-86.07","7","oc"
"MHTE","","TELA","HN","15.7167","-87.4833","10","oc"
"MHTR","","TRUJILLO","HN","15.93","-85.93","10","oc"
"42058","","CENTRAL CARIBBEAN","HT","15.09","-75.06","16","oc"
"42059","","EASTERN CARIBBEAN","HT","15.0056","-67.4956","16","oc"
"42060","","EASTERN CARIBBEAN","HT","16.5","-63.5","16","oc"
"MTCH","","CAP-HAITIEN_INTL","HT","19.75","-72.18","10","oc"
"MTPP","","PORT-AU-PRINCE_HA","HT","18.5667","-72.3","52","oc"
"BKTI4","","LOESS HILLS TNC BROK","IA","42.6973","-96.5758","1170","co"
"DEOI4","","DESOTO","IA","41.5333","-96.0833","1000","co"
"FRMI4","","SHIMEK STATE FOREST","IA","40.6475","-91.7244","651","co"
"HITI4","","LOESS HILLS HITCHCOC","IA","41.4217","-95.8536","1260","co"
"K0F3","0F3","SPIRIT LAKE MUNI","IA","43.3874","-95.1395","1434","co"
"K0K7","0K7","HUMBOLDT MUNI","IA","42.7349","-94.2455","1098","co"
"K0Y6","0Y6","LAKE MILLS MUNI","IA","43.4137","-93.5118","1260","co"
"K1Y3","1Y3","JUDGE LEWIS FLD MT A","IA","40.7064","-94.2203","1265","co"
"K1Y5","1Y5","NEW HAMPTON MUNI","IA","43.0872","-92.3432","1173","co"
"K1Y9","1Y9","PAULLINA MUNI","IA","42.9879","-95.6645","1385","co"
"K2Y0","2Y0","PRIMGHAR","IA","43.0785","-95.6144","1481","co"
"K2Y4","2Y4","ROCKWELL CITY MUNI","IA","42.3878","-94.6189","1216","co"
"K3Y2","3Y2","GEORGE L SCOTT MUNI","IA","42.9852","-91.7906","1232","co"
"K3Y3","3Y3","WINTERSET MUNI","IA","41.3628","-94.0212","1116","co"
"K3Y4","3Y4","WOODBINE MUNI","IA","41.7361","-95.6836","1068","co"
"K4C8","4C8","ALBIA MUNI","IA","40.9963","-92.7657","964","co"
"K4D8","4D8","FULLER","IA","43.3332","-95.1591","1439","co"
"K4K6","4K6","BLOOMFIELD MUNI","IA","40.7321","-92.4283","888","co"
"K5D2","5D2","NORTHWOOD MUNI","IA","43.4488","-93.2017","1226","co"
"K6K7","6K7","GRUNDY CENTER MUNI","IA","42.3508","-92.8435","1075","co"
"K6K9","6K9","KEOSAUQUA MUNI","IA","40.7348","-91.9488","580","co"
"K7C3","7C3","MONONA MUNI","IA","43.033","-91.3465","1147","co"
"K8C2","8C2","SULLY MUNI","IA","41.5741","-92.8466","922","co"
"K8C4","8C4","MATHEWS MEMORIAL","IA","41.7634","-91.1529","840","co"
"K8C5","8C5","TOLEDO MUNI","IA","41.9882","-92.548","960","co"
"K8C6","8C6","TRAER MUNI","IA","42.2008","-92.4566","892","co"
"KADU","","AUDUBON","IA","41.7015","-94.9204","1288","co"
"KAIO","","ATLANTIC","IA","41.4","-95.05","1181","co"
"KALO","ALO","WATERLOO       ASOS","IA","42.55","-92.4","878","co"
"KAMW","","AMES MUNICIPAL ARPT","IA","41.9906","-93.6189","945","co"
"KAWG","","WASHINGTON","IA","41.28","-91.67","755","co"
"KAXA","","ALGONA","IA","43.08","-94.27","1220","co"
"KBNW","","BOONE_MUNI","IA","42.05","-93.85","1161","co"
"KBRL","BRL","BURLINGTON","IA","40.7833","-91.1167","702","co"
"KC17","C17","MARION","IA","42.0298","-91.5316","862","co"
"KC25","C25","WAVERLY MUNI","IA","42.742","-92.5079","992","co"
"KC27","C27","MANCHESTER MUNI","IA","42.4905","-91.4979","987","co"
"KCAV","","CLARION","IA","42.75","-93.77","1161","co"
"KCBF","","COUNCIL_BLUFFS","IA","41.27","-95.77","1253","co"
"KCCY","","CHARLES_CITY","IA","43.07","-92.62","1125","co"
"KCID","CID","CEDAR RAPIDS","IA","41.8833","-91.7","869","co"
"KCIN","","CARROLL","IA","42.05","-94.78","1230","co"
"KCJJ","","ELLEN CHURCH FIELD","IA","43.3653","-92.1331","1279","co"
"KCKP","","CHEROKEE MUN AP","IA","42.7317","-95.556","1226","co"
"KCNC","","CHARITON","IA","41.03","-93.37","1050","co"
"KCRZ","","CORNING MUNI","IA","40.9941","-94.755","1274","co"
"KCSQ","","CRESTON","IA","41.02","-94.37","1293","co"
"KCWI","CWI","CLINTON   (AWOS)","IA","41.8333","-90.3333","708","co"
"KD02","D02","OSAGE MUNI","IA","43.2923","-92.7956","1168","co"
"KDBQ","DBQ","DUBUQUE      ASOS","IA","42.4","-90.7","1080","co"
"KDEH","","DECORAH","IA","43.28","-91.73","1158","co"
"KDMX","","JOHNSTON  WFO","IA","41.7361","-93.7233","984","co"
"KDNS","","DENISON","IA","41.98","-95.38","1273","co"
"KDSM","DSM","DES MOINES     ASOS","IA","41.5333","-93.65","963","co"
"KDVN","DVN","DAVENPORT      ASOS","IA","41.6167","-90.5833","850","co"
"KEAG","","EAGLE GROVE MUNI","IA","42.7099","-93.9161","1132","co"
"KEBS","","WEBSTER_CITY","IA","42.43","-93.87","1122","co"
"KEFW","","JEFFERSON MUNI","IA","42.0106","-94.3424","1044","co"
"KEGQ","","EMMETSBURG MUNI","IA","43.1021","-94.7045","1206","co"
"KEOK","","KEOKUK_MUNI","IA","40.47","-91.43","673","co"
"KEST","EST","ESTHERVILLE","IA","43.4","-94.75","1326","co"
"KFFL","","FAIR_FIELD","IA","41.05","-91.98","801","co"
"KFOD","FOD","FT DODGE (AWOS)","IA","42.55","-94.1833","1165","co"
"KFSW","","FORT_MADISON","IA","40.67","-91.33","725","co"
"KFXY","","FOREST CITY MUNI","IA","43.2348","-93.6241","1230","co"
"KGCT","","GUTHRIE COUNTY RGNL","IA","41.687","-94.4351","1221","co"
"KGFZ","","GREENFIELD MUNI","IA","41.3272","-94.4452","1364","co"
"KGGI","","GRINNELL_RGNL_ARPT","IA","41.7092","-92.7349","1007","co"
"KHNR","","HARLAN","IA","41.59","-95.34","1230","co"
"KHPT","","HAMPTON","IA","42.7237","-93.2263","1176","co"
"KI75","","OSCEOLA MUNI","IA","41.0522","-93.6897","1110","co"
"KICL","","CLARINDA","IA","40.72","-95.03","994","co"
"KIDG","","IDA GROVE MUNI","IA","42.3326","-95.4449","1245","co"
"KIFA","","IOWA_FALLS_MUNI_ARPT","IA","42.4708","-93.27","347","co"
"KIIB","","INDEPENDENCE MUNI AP","IA","42.4536","-91.9476","978","co"
"KIKV","","ANKENY","IA","41.69","-93.5658","909","co"
"KIOW","IOW","IOWA CITY    ASOS","IA","41.6333","-91.55","668","co"
"KISB","","SIBLEY MUNI","IA","43.3694","-95.7596","1538","co"
"KK98","K98","ALLISON MUNI","IA","42.7639","-92.8044","1053","co"
"KLRJ","","LE_MARS","IA","42.78","-96.2","1198","co"
"KLWD","3OI K0Y7 K3OI","LAMONI","IA","40.6306","-93.9008","1135","co"
"KMCW","MCW","MASON CITY","IA","43.1544","-93.3269","1194","co"
"KMEY","","JAMES G WHITING MEMO","IA","42.1783","-95.7936","1116","co"
"KMIW","","MARSHALLTOWN ARPT","IA","42.11","-92.92","971","co"
"KMPZ","","MOUNT PLEASANT MUNI","IA","40.9467","-91.5111","735","co"
"KMUT","","MUSCATINE","IA","41.37","-91.15","548","co"
"KMXO","","MONTICELLO_MUNI","IA","42.23","-91.17","850","co"
"KOLZ","","OELWEN","IA","42.68","-91.97","1076","co"
"KOOA","","OSKALOOSA MUNI AP","IA","41.2261","-92.4939","840","co"
"KOQW","","MAQUOKETA MUNI","IA","42.0501","-90.7388","769","co"
"KORC","","ORANGE CITY","IA","42.98","-96.07","1414","co"
"KOTM","OTM","OTTUMWA","IA","41.1008","-92.4444","842","co"
"KOXV","","KNOXVILLE","IA","41.3","-93.12","928","co"
"KPEA","","PELLA MUNI AP","IA","41.4","-92.9459","886","co"
"KPOH","","POCAHONTAS MUNI","IA","42.7429","-94.6474","1226","co"
"KPRO","PRO","PERRY MUNICIPAL ARPT","IA","41.828","-94.1598","1014","co"
"KRDK","","RED_OAK","IA","41.02","-95.27","1043","co"
"KRRQ","","ROCK RAPIDS MUNI","IA","43.4522","-96.1798","1363","co"
"KSDA","","SHENANDOAH_MUNI","IA","40.75","-95.42","971","co"
"KSHL","","SHELDON","IA","43.22","-95.83","1417","co"
"KSKI","","SAC CITY MUNI","IA","42.3791","-94.9796","1250","co"
"KSLB","","STORM_LAKE","IA","42.6","-95.23","1490","co"
"KSOY","","SIOUX CENTER MUNI","IA","43.1344","-96.1875","1448","co"
"KSPW","3SE K3SE","SPENCER","IA","43.1655","-95.2028","1339","co"
"KSUX","SUX","SIOUX CITY   ASOS","IA","42.4","-96.3833","1103","co"
"KSXK","","SIOUX COUNTY RGNL","IA","42.9858","-96.1614","1409","co"
"KTNU","","NEWTON_MUNI","IA","41.68","-93.02","951","co"
"KTVK","TVK","CENTERVILLE MUNI","IA","40.6839","-92.901","1027","co"
"KTZT","","BELLE PLAINE MUNI","IA","41.8788","-92.2845","771","co"
"KVTI","","VINTON VETERANS MEM","IA","42.2186","-92.0258","846","co"
"KY01","Y01","WAUKON MUNI","IA","43.2805","-91.4695","1281","co"
"KY43","Y43","ANITA MUNI-KEVIN BUR","IA","41.4399","-94.7701","1251","co"
"KY46","Y46","BEDFORD MUNI","IA","40.6378","-94.7294","1201","co"
"KY48","Y48","BELMOND MUNI","IA","42.8527","-93.5947","1201","co"
"LSHI4","","LOESS HILLS STATE FO","IA","41.8322","-95.928","1070","co"
"NSWI4","","NEAL SMITH","IA","41.5667","-93.2583","898","co"
"SSFI4","","STEPHENS STATE FORES","IA","40.995","-93.4764","960","co"
"YSPI4","","YELLOW RIVER STATE F","IA","43.1739","-91.2442","652","co"
"ACRI1","","ARCO","ID","43.6217","-113.3889","5418","co"
"BAEI1","","RED ROCK PEAK","ID","44.9878","-114.4183","7910","co"
"BCFI1","","BEARSKIN CREEK","ID","44.3856","-115.5505","7137","co"
"BFRI1","","BRACE FLAT","ID","42.3517","-116.6919","4920","co"
"BFYI1","","BONNERS FERRY","ID","48.7263","-116.2919","2320","co"
"BLDI1","","BALD MOUNTAIN","ID","43.6613","-114.4031","9022","co"
"BNRI1","","BANNER SUMMIT","ID","44.3033","-115.2333","7100","co"
"BOGI1","","BOGUS BASIN","ID","43.7638","-116.0969","6340","co"
"BONI1","101079","BONNERS FERRY","ID","48.6958","-116.3222","1770","co"
"BULI1","","BULL SPRING","ID","42.0795","-114.486","5700","co"
"CABI1","101363","CABINET GORGE","ID","48.0856","-116.0583","2260","co"
"CBFI1","","COPPER BASIN","ID","43.8099","-113.8457","7853","co"
"CBPN5","QEDA3 SIGN5","FIRE RAWS #1","ID","43.6","-116.21","2861","co"
"CHRI1","","CHALLIS","ID","44.5045","-114.2224","5226","co"
"COWI1","","COEUR D'ALENE","ID","47.6789","-116.8017","2133","co"
"CPPC2","BDYC2","CCDBLMFTS2","ID","43.5653","-116.2086","2865","co"
"CRKI1","","CORRAL CREEK","ID","46.0334","-116.8976","2690","co"
"CRNI1","","CRANE CREEK","ID","43.67","-116.13","4400","co"
"CURI1","","CURLEW CREEK","ID","43.64","-116.13","3799","co"
"CYFI1","","CRYSTAL","ID","42.9858","-113.1771","5055","co"
"DEAI1","","CATFISH","ID","44.3261","-117.1694","3570","co"
"DEHI1","","DEER HAVEN","ID","43.1739","-115.1518","5535","co"
"DMNI1","","DIAMOND FLAT","ID","42.8668","-111.2188","7582","co"
"DNFI1","","DENT","ID","46.6217","-116.2183","1700","co"
"DPKI1","","BULL CANYON","ID","42.367","-112.7063","6418","co"
"DWRI1","","DWORSHAK DAM","ID","46.5028","-116.3233","995","co"
"ELKI1","","ELK CITY","ID","45.8358","-115.4581","4058","co"
"EZRI1","","EZRA CREEK","ID","44.8488","-114.0263","6405","co"
"FAFI","","FAIRFIELD","ID","43.3083","-114.825","5039","co"
"FBNI1","","FRANKLIN BASIN","ID","42.0506","-111.6011","8140","co"
"FERI1","","FENN","ID","46.1017","-115.547","1520","co"
"FHFI1","","FISH HOOK","ID","47.1352","-115.8766","4270","co"
"FLEI1","","FLECK SUMMIT","ID","43.6197","-114.9003","6482","co"
"FLFI1","","FLINT CREEK","ID","42.0688","-112.1905","5200","co"
"GALI1","","GALENA","ID","43.8833","-114.6667","7470","co"
"GASI1","","GAS CAVES","ID","44.1686","-111.7816","5775","co"
"GDVI","","GRANDVIEW","ID","42.9125","-116.0561","2579","co"
"GIVI1","","GIVEOUT","ID","42.4133","-111.1664","6930","co"
"GRAI1","","GRACE","ID","42.5407","-111.8553","6252","co"
"GRCI1","103732","GRACE","ID","42.5864","-111.7447","5550","co"
"GSKI1","","GOOSE CREEK","ID","42.0959","-113.899","5660","co"
"GSTI1","","GALENA SUMMIT","ID","43.8667","-114.7167","8780","co"
"HBFI1","","HORSE BUTTE","ID","42.4172","-115.2277","5000","co"
"HHAI1","","HELLS HALF","ID","45.6455","-114.6279","8100","co"
"HOOI1","","HOODOO","ID","48.0533","-116.7933","2270","co"
"HPFI1","","HORTON PEAK","ID","43.9522","-114.7573","8800","co"
"HPRC1","","BOISE TEST","ID","43.5652","-116.2087","2855","co"
"HQSI1","","HEADQUARTERS","ID","46.6311","-115.8097","3165","co"
"INDI1","","INDIANOLA","ID","45.4007","-114.1633","3529","co"
"IPDI1","IP9 ISLI1","ISLAND PARK","ID","44.4167","-111.4","6300","co"
"IPFI1","","ISLAND PARK","ID","44.4205","-111.3674","6337","co"
"ITD06","","BLACK CANYON","ID","43.8688","-116.7783","2471","co"
"ITD22","","JACKPOT","ID","42.0201","-114.6738","5656","co"
"ITD53","","GWYNN RANCH HILL","ID","43.1244","-114.6603","4834","co"
"ITD65","","MIDVALE HILL","ID","44.445","-116.8006","3148","co"
"ITD78","","HORSESHOE BEND HILL","ID","43.8363","-116.2456","4253","co"
"ITDA3","","SMOKEY BOULDER","ID","45.1164","-116.3039","3829","co"
"ITDC8","","ION SUMMIT","ID","43.2945","-116.9861","4305","co"
"K0S5","0S5","NEZ PERCE MUNI","ID","46.2385","-116.2386","3201","co"
"K0U0","0U0","LANDMARK USFS","ID","44.6421","-115.5334","6662","co"
"K0U1","0U1","WARM SPRINGS CREEK","ID","44.1422","-115.3141","4831","co"
"K0U2","0U2","COPPER BASIN","ID","43.802","-113.8315","7920","co"
"K0U3","0U3","MAHONEY CREEK USFS","ID","44.7446","-114.9214","4618","co"
"K0U7","0U7","HOLLOW TOP","ID","43.3238","-113.5905","5359","co"
"K0U8","0U8","MAY","ID","44.6103","-113.8949","5324","co"
"K0U9","0U9","LEE WILLIAMS MEMORIA","ID","44.4613","-116.758","2617","co"
"K1S1","1S1","ECKHART INTL","ID","48.9905","-116.5021","1758","co"
"K1S6","1S6","PRIEST RIVER MUNI","ID","48.1907","-116.9098","2187","co"
"K1S7","1S7","SLATE CREEK","ID","45.6718","-116.3057","1660","co"
"K1U0","1U0","BEAR TRAP","ID","42.9753","-113.3508","4716","co"
"K1U1","1U1","MOOSE CREEK /USFS/","ID","46.1208","-114.9273","2454","co"
"K1U2","1U2","MUD LAKE/WEST JEFFER","ID","43.8509","-112.5014","4794","co"
"K1U3","1U3","MURPHY","ID","43.2159","-116.5484","2855","co"
"K1U4","1U4","NEW MEADOWS","ID","44.978","-116.2839","3908","co"
"K1U6","1U6","OAKLEY MUNI","ID","42.2339","-113.8776","4664","co"
"K1U7","","BEAR LAKE CTY ARPT","ID","42.2497","-111.3416","5928","co"
"K1U9","1U9","PINE","ID","43.4663","-115.31","4232","co"
"K24K","24K","KRASSEL USFS","ID","44.9742","-115.7298","3982","co"
"K27U","27U","SALMON","ID","45.1833","-113.9","4016","co"
"K2U0","2U0","SMITH PRAIRIE","ID","43.4984","-115.547","4958","co"
"K2U4","2U4","ROCKFORD MUNI","ID","43.1895","-112.5318","4465","co"
"K2U5","2U5","SHEARER /USFS/","ID","45.9895","-114.8413","2634","co"
"K2U7","2U7","STANLEY","ID","44.2086","-114.9345","6403","co"
"K2U8","2U8","THOMAS CREEK","ID","44.7233","-115.004","4415","co"
"K3U0","3U0","MURPHY HOT SPRINGS","ID","42.0236","-115.3354","5829","co"
"K3U1","3U1","WARREN /USFS/","ID","45.2681","-115.6836","5902","co"
"K3U2","3U2","JOHNSON CREEK","ID","44.9117","-115.4855","4960","co"
"K4SV","4SV","STREVELL","ID","42.0167","-113.25","5290","co"
"K50S","50S","PARMA","ID","43.7788","-116.9385","2228","co"
"K52U","52U","WEATHERBY USFS","ID","43.8251","-115.3314","4503","co"
"K55H","55H","ATLANTA","ID","43.8135","-115.1351","5500","co"
"K65S","","BONNERS FERRY","ID","48.726","-116.2952","2337","co"
"K66S","66S","CAVANAUGH BAY","ID","48.5187","-116.8222","2484","co"
"K67S","67S","PRIEST LAKE USFS","ID","48.574","-116.9586","2611","co"
"K75C","75C","OROGRANDE","ID","45.7294","-115.5278","4419","co"
"K77M","105567 77M","MALTA AVIATION","ID","42.3019","-113.335","4540","co"
"K85U","85U","SOLDIER BAR USFS","ID","45.0999","-114.8009","4190","co"
"KA05","A05","DIXIE USFS","ID","45.5207","-115.5176","5148","co"
"KAOC","","ARCO-BUTTE COUNTY","ID","43.6035","-113.3343","5335","co"
"KBN9","BN9","BONNERS FERRY","ID","48.6833","-116.3167","1860","co"
"KBOI","BOI","BOISE","ID","43.5667","-116.2167","2868","co"
"KBYI","BYI","BURLEY","ID","42.5417","-113.7661","4156","co"
"KC48","C48","WILSON BAR USFS","ID","45.3967","-115.4833","2275","co"
"KC53","C53","LOWER LOON CREEK","ID","44.8087","-114.8087","4200","co"
"KC64","C64","CAYUSE CREEK USFS","ID","46.6666","-115.0732","3505","co"
"KCG9","CG9","CABINET GORGE","ID","48.0833","-116.0667","2257","co"
"KCOE","COE","COEUR DALENE AWOS","ID","47.7667","-116.8167","2158","co"
"KDD9","DD9","DEADWOOD DAM","ID","44.3167","-115.6333","5375","co"
"KDI9","DI9","DIXIE","ID","45.55","-115.4667","5610","co"
"KDIJ","KU59","DRIGGS-REED_MEMORIAL","ID","43.7424","-111.0978","6227","co"
"KELI1","","KELLY","ID","46.7181","-115.2608","2739","co"
"KELK","","ELK CITY","ID","35.4308","-99.3943","2013","co"
"KETI1","","KETCHUM","ID","43.671","-114.3677","5773","co"
"KEUL","","CALDWELL","ID","43.63","-116.63","2428","co"
"KFN9","FN9","FENN PASS","ID","46.1","-115.55","1585","co"
"KGIC","","GRANGEVILLE","ID","45.9411","-116.1326","3287","co"
"KGNG","GNG","GOODING","ID","42.9167","-114.7667","3694","co"
"KHD9","HD9","HEADQUARTERS","ID","46.6333","-115.8","3138","co"
"KI08","","CABIN CREEK USFS","ID","45.1435","-114.929","4289","co"
"KI92","","REED RANCH","ID","44.8917","-115.7131","4157","co"
"KIDA","IDA","IDAHO FALLS","ID","43.5167","-112.0667","4744","co"
"KJER","U73","JEROME","ID","42.7275","-114.4531","4047","co"
"KKLG","KLG","KELLOGG","ID","47.5333","-116.1333","2290","co"
"KLGI1","","KELLOGG","ID","47.55","-116.15","2398","co"
"KLLJ","U15 KU15","CHALLIS       ASOS","ID","44.5167","-114.2167","5072","co"
"KLWS","LWS","LEWISTON     ASOS","ID","46.3833","-117.0167","1437","co"
"KLYI1","","KELLY CANYON","ID","43.6375","-111.6251","6651","co"
"KMAN","","NAMPA MUNI","ID","43.5813","-116.5231","2536","co"
"KMI1","MI1","SAYLOR CREEK AFR","ID","42.5","-115.5","3635","co"
"KMLD","MLD","MALAD CITY","ID","42.1667","-112.3167","4505","co"
"KMLP","","MULLAN_PASS_VOR","ID","47.4542","-115.6697","6000","co"
"KMUO","MUO","MOUNTAIN HOME AFB","ID","43.05","-115.8667","2995","co"
"KMYL","MYL","MCCALL (RAMOS)","ID","44.8833","-116.1","5025","co"
"KNS9","NS9","NO. STAR RANCH","ID","45.9167","-114.8333","2800","co"
"KOOI1","103143","FENN RANGER STATION","ID","46.1033","-115.5486","1590","co"
"KP69","P69","LOWELL","ID","46.1442","-115.5964","1480","co"
"KPIH","PIH","POCATELLO","ID","42.9167","-112.6","4478","co"
"KPL9","PL9","PALISADES DAM","ID","43.35","-111.2167","5385","co"
"KPW9","PW9","POWELL","ID","46.5167","-114.5167","3632","co"
"KRCI1","","KRILEY CREEK","ID","45.3559","-113.895","5200","co"
"KRXE","KU11","REXBURG","ID","43.8317","-111.8061","4858","co"
"KS06","S06","MULLAN AWRS","ID","47.4667","-115.8","3317","co"
"KS14","","SPENCER","ID","44.35","-112.1833","5883","co"
"KS66","S66","HOMEDALE MUNI","ID","43.6146","-116.9214","2220","co"
"KS68","S68","OROFINO","ID","46.4833","-116.25","1027","co"
"KS72","S72","ST.MARIES","ID","47.3167","-116.5667","2220","co"
"KS73","S73","KAMIAH MUNI","ID","46.2198","-116.0138","1206","co"
"KS75","S75","PAYETTE MUNI","ID","44.0945","-116.9036","2228","co"
"KS77","S77","MAGEE","ID","47.8374","-116.2635","3002","co"
"KS78","S78","EMMETT MUNI","ID","43.8527","-116.5391","2354","co"
"KS80","S80","GRANGEVILLE","ID","45.9426","-116.1234","3310","co"
"KS81","S81","INDIAN CREEK USFS","ID","44.7611","-115.1074","4718","co"
"KS82","S82","KOOSKIA MUNI","ID","46.1327","-115.9788","1263","co"
"KS83","S83","SHOSHONE COUNTY","ID","47.5473","-116.1891","2227","co"
"KS84","S84","COTTONWOOD MUNI","ID","46.0388","-116.3315","3474","co"
"KS87","S87","WEISER MUNI","ID","44.2047","-116.9605","2120","co"
"KS89","S89","CRAIGMONT MUNI","ID","46.2477","-116.4794","3805","co"
"KS90","S90","ELK CITY","ID","45.8227","-115.4398","4097","co"
"KS91","S91","ELK RIVER","ID","46.7667","-116.1833","2918","co"
"KS92","S92","FISH LAKE /USFS/","ID","46.3302","-115.0632","5646","co"
"KSMN","SMN","SALMON","ID","45.1167","-113.8833","3970","co"
"KSNT","","STANLEY_RANGER_STN","ID","44.17","-114.93","6496","co"
"KSS9","SS9","SHOSHONE","ID","42.9667","-114.4333","3950","co"
"KSUN","SUN","HAILEY","ID","43.5","-114.3","5315","co"
"KSZT","","SANDPOINT AP","ID","48.2994","-116.56","2129","co"
"KTWF","TWF","TWIN FALLS","ID","42.4833","-114.4833","4150","co"
"KU00","U00","LEADORE","ID","44.6731","-113.3524","6029","co"
"KU01","U01","AMERICAN FALLS","ID","42.7973","-112.8252","4419","co"
"KU02","U02","MCCARLEY FLD","ID","43.2093","-112.3496","4492","co"
"KU03","U03","BUHL MUNI","ID","42.5974","-114.8006","3663","co"
"KU10","U10","PRESTON","ID","42.1069","-111.9125","4728","co"
"KU12","U12","STANFORD FIELD","ID","43.9502","-111.6847","4966","co"
"KU36","U36","ABERDEEN MUNI","ID","42.9211","-112.8809","4474","co"
"KU37","U37","MIDWAY","ID","43.4536","-112.8073","5017","co"
"KU41","U41","DUBOIS MUNI","ID","44.1624","-112.2207","5123","co"
"KU45","U45","GRAHAM USFS","ID","43.9552","-115.2726","5726","co"
"KU46","U46","BIG SOUTHERN BUTTE","ID","43.4326","-113.0554","5073","co"
"KU48","U48","COXS WELL","ID","43.2178","-113.2276","5048","co"
"KU51","U51","BANCROFT MUNI","ID","42.7208","-111.8675","5435","co"
"KU53","U53","HENRY'S LAKE","ID","44.6348","-111.3427","6596","co"
"KU54","U54","BERNARD USFS","ID","44.9796","-114.7348","3626","co"
"KU56","U56","RIGBY","ID","43.6427","-111.9292","4845","co"
"KU58","U58","DOWNEY/HYDE MEMORIAL","ID","42.4242","-112.1096","4919","co"
"KU60","U60","BIG CREEK","ID","45.1332","-115.3218","5743","co"
"KU61","U61","TWIN BRIDGES","ID","43.9437","-114.1103","6900","co"
"KU62","U62","MACKAY","ID","43.91","-113.6024","5892","co"
"KU63","U63","BRUCE MEADOWS","ID","44.4155","-115.3168","6370","co"
"KU65","U65","CAREY","ID","43.3088","-113.936","4789","co"
"KU70","U70","CASCADE","ID","44.4923","-116.0148","4742","co"
"KU72","U72","UPPER LOON CREEK USF","ID","44.5916","-114.8231","5500","co"
"KU76","U76","MOUNTAIN HOME MUNI","ID","43.1316","-115.7306","3167","co"
"KU78","U78","SODA SPRINGS","ID","42.65","-111.5833","5844","co"
"KU79","U79","CHAMBERLAIN USFS","ID","45.3791","-115.1968","5765","co"
"KU81","U81","COLD MEADOWS USFS","ID","45.2935","-114.9453","7030","co"
"KU82","U82","COUNCIL MUNI","ID","44.7503","-116.4451","2963","co"
"KU84","U84","DONALD D COSKI MEMOR","ID","44.7291","-116.0926","4860","co"
"KU86","U86","CAMAS COUNTY","ID","43.3419","-114.7983","5058","co"
"KU87","U87","SMILEY CREEK","ID","43.9121","-114.7961","7206","co"
"KU88","U88","GARDEN VALLEY","ID","44.0669","-115.9313","3177","co"
"KU89","U89","GLENNS FERRY MUNI","ID","42.9437","-115.3301","2536","co"
"KU91","U91","GRASMERE","ID","42.3733","-115.8794","5144","co"
"KU92","U92","ANTELOPE VALLEY","ID","43.6771","-113.6027","6193","co"
"KU93","U93","MAGIC RESERVOIR","ID","43.2807","-114.3964","4844","co"
"KU94","U94","HAZELTON MUNI","ID","42.5762","-114.136","4172","co"
"KU97","U97","HOWE","ID","43.8391","-113.0467","4930","co"
"KU98","U98","IDAHO CITY USFS","ID","43.8207","-115.8509","3920","co"
"KU99","U99","LAIDLAW CORRALS","ID","43.037","-113.7336","4448","co"
"LCKI1","","LINES CREEK","ID","47.1109","-116.2251","5140","co"
"LDOI1","","LEADORE CREEK","ID","44.7019","-113.3469","6150","co"
"LLBI1","","NWS IWOS 1(JAY'S CAB","ID","44.5417","-116.0575","5017","co"
"LLFI1","","NRAWS 18 (PILOT PEAK","ID","43.9601","-115.687","8142","co"
"LLGI1","","NRAWS 9 (LOWMAN IDT)","ID","44.0806","-115.6145","3852","co"
"LPFI1","","LODGEPOLE","ID","45.3784","-115.1882","5814","co"
"LTAI1","","LITTLE ANDERSON","ID","44.0911","-115.8805","4560","co"
"LUFI1","","LUCKY PEAK","ID","43.5875","-115.9925","3170","co"
"LWDI1","","LOST WOOD DIVIDE","ID","43.8167","-114.2667","7900","co"
"MAEI1","","MAGEE PEAK","ID","47.8837","-116.2989","4720","co"
"MCLI1","","TEA POT","ID","44.9043","-115.7385","5175","co"
"MISI1","","MISSION CREEK","ID","46.2882","-116.6877","3411","co"
"MKBI1","","MULKEY BAR","ID","44.1601","-113.3808","6480","co"
"MOFI1","","MOBURG CANYON","ID","42.0431","-113.1536","6571","co"
"MOOI1","KMOO","MOOSE CREEK","ID","46.1281","-114.9166","2460","co"
"MTHI1","","MOUNTAIN HOME","ID","43.0284","-115.8712","3023","co"
"MYFI1","","MOODY","ID","43.6506","-111.5318","6838","co"
"NFFI1","","NORTH FORK","ID","43.7904","-114.422","6300","co"
"NMPI","","NAMPA AG","ID","43.4417","-116.6369","2635","co"
"NPTI1","","NEZ PERCE TRIBE-SPAU","ID","46.4478","-116.8253","747","co"
"NUCI1","","NUCKOLS","ID","47.5041","-115.9368","4000","co"
"OHOI1","","OHIO GULCH","ID","43.6005","-114.3168","6248","co"
"OXSI1","","OXFORD SPRINGS","ID","42.2603","-112.1253","6740","co"
"PBLI1","","PEBBLE CREEK","ID","42.7701","-112.1416","9037","co"
"PBUI1","","POTTER BUTTE","ID","43.2257","-113.5748","4930","co"
"PCKI1","","POLE CREEK","ID","42.0694","-115.7861","5660","co"
"PCNI1","","POLE CANYON","ID","42.8989","-111.8332","6854","co"
"PCPI1","","PINE CREEK PASS","ID","43.5667","-111.2167","6720","co"
"PCRI1","","PINE CREEK PASS","ID","43.5399","-111.2018","7332","co"
"PIEI1","","PIERCE","ID","46.4964","-115.7955","3085","co"
"PLFI1","","PITTSBURG LANDING","ID","45.6375","-116.4686","1357","co"
"PLKI1","","PRIEST LAKE","ID","48.5742","-116.9578","2600","co"
"PMLI1","","POMERELLE","ID","42.3066","-113.6153","8640","co"
"PNFI1","","PINE CREEK","ID","44.2503","-116.1986","5400","co"
"POTI1","","POTLATCH","ID","46.9297","-116.9088","2500","co"
"RCKI1","","CITY OF ROCKS","ID","42.091","-113.6312","5325","co"
"RDKI1","","ROAD CREEK","ID","44.1635","-114.0096","8400","co"
"RENI1","","REYNOLDS CREEK","ID","43.2044","-116.7506","4000","co"
"RFTI1","","RAFT RIVER","ID","42.5479","-113.2594","4331","co"
"ROCI1","","ROCK LAKE","ID","42.9724","-114.0625","4279","co"
"RONI1","","ROUNDTOP","ID","46.5336","-114.5916","6560","co"
"RRFI1","","RED RIVER","ID","45.7125","-115.3375","4600","co"
"SADI1","","SADDLE PASS","ID","48.9385","-116.7345","5120","co"
"SAWI1","","SAWTOOTH RANGE","ID","44.123","-114.9554","7775","co"
"SCFI1","","SLATE CREEK","ID","45.6333","-116.2833","1568","co"
"SCTI1","","SCOUT MOUNTAIN","ID","42.6983","-112.3577","5696","co"
"SEPI1","","SEDGWICK PEAK","ID","42.525","-111.9564","7850","co"
"SFFI1","","SKI HILL","ID","44.9429","-116.1881","5297","co"
"SHCI1","","SHOCK","ID","46.9819","-116.6183","3700","co"
"SHOI1","","SHOSHONE","ID","42.9383","-114.4169","3950","co"
"SKFI1","","SKULL GULCH","ID","45.3365","-114.5023","5878","co"
"SLNI1","108080","SALMON KSRA","ID","45.1875","-113.9008","3931","co"
"SMYI1","","SALMON","ID","45.1498","-113.9453","5100","co"
"SOLI1","","SOLDIER MOUNTAIN","ID","43.5023","-114.9253","9498","co"
"SOUI1","","SOUTHFORK","ID","45.8903","-115.9897","4570","co"
"SPAI1","","SHO-PAI","ID","42.0182","-116.2129","5377","co"
"SRFI1","","SNAKE RIVER","ID","45.0997","-116.7378","4376","co"
"STNI1","","STANLEY","ID","44.1691","-114.9258","6523","co"
"SVFI1","","POWELL","ID","46.5118","-114.6858","3666","co"
"SWLI1","","SAWTELL PEAK","ID","44.5622","-111.4447","9894","co"
"TCFI1","","TOWN CREEK","ID","43.9396","-115.9115","4645","co"
"TGFI1","","TRAIL GULCH","ID","42.3081","-114.318","5700","co"
"THFI1","","LITTLE CREEK","ID","44.7228","-114.9963","4575","co"
"THMI1","","3 MILE","ID","44.3958","-112.108","6625","co"
"TRII1","","TRIANGLE","ID","42.8286","-116.5886","5270","co"
"TTSI1","","TITUS PEAK","ID","43.8515","-114.7139","9673","co"
"TWBI1","","TWIN BUTTES","ID","42.6906","-115.1952","3350","co"
"VNAI1","","VIENNA MINE","ID","43.7994","-114.8527","8960","co"
"WAGI1","","WAGONTOWN","ID","43.572","-115.3275","6172","co"
"WEFI1","","WEISER RIVER","ID","44.8473","-116.4276","3804","co"
"WRIW4","TMTC9","CLASS III 20-C","ID","43.5994","-116.2081","2861","co"
"WWPI1","","WALLACE WOODLAND","ID","47.4794","-115.9089","2940","co"
"WYNI1","","DALE BITNER","ID","43.0497","-111.3794","6391","co"
"YFFI1","","BONANZA","ID","44.3721","-114.7291","6426","co"
"45174","","WILMETTE","IL","42.135","-87.655","577","co"
"BNRI2","","BEAN RIDGE","IL","37.2486","-89.3786","700","co"
"CHII2","","CHICAGO C-MAN","IL","42","-87.5","577","co"
"CMTI2","","CALUMET","IL","41.73","-87.538","586","co"
"CNII2","","NORTHERLY ISLAND","IL","41.856","-87.609","591","co"
"COWI2","","CRAB ORCHARD","IL","37.6792","-89.0028","450","co"
"DSFI2","","DIXON SPRINGS","IL","37.4367","-88.6672","540","co"
"FSTI2","","FOSTER AVE CHICAGO","IL","41.976","-87.648","587","co"
"JAKI2","","63RD ST  CHICAGO","IL","41.781","-87.573","587","co"
"K06C","06C","SCHAUMBURG RGNL","IL","41.9893","-88.1012","801","co"
"K1C1","1C1","PAXTON","IL","40.449","-88.1277","779","co"
"K1C5","1C5","BOLINGBROOK'S CLOW I","IL","41.6959","-88.1295","675","co"
"K1H2","","EFFINGHAM CNTY MEM A","IL","39.07","-88.53","587","co"
"K1H8","1H8","CASEY MUNI","IL","39.3025","-88.0041","655","co"
"K2H0","2H0","SHELBY COUNTY","IL","39.4113","-88.8455","619","co"
"K3CK","3CK","LAKE IN THE HILLS","IL","42.2068","-88.323","887","co"
"K3LF","","LITCHFIELD_MUNI_ARPT","IL","39.1625","-89.6746","690","co"
"K3MY","3MY","MOUNT HAWLEY AUXILIA","IL","40.7958","-89.6135","793","co"
"K9I0","9I0","HAVANA RGNL","IL","40.2227","-90.0228","499","co"
"KAAA","","LOGAN CNTY ARPT","IL","40.16","-89.33","597","co"
"KAJG","","MOUNT_CARMEL_MUNI_AR","IL","38.6065","-87.7267","429","co"
"KALN","ALN","ALTON","IL","38.8833","-90.05","545","co"
"KARR","ARR","AURORA","IL","41.7667","-88.4667","756","co"
"KBDF","BDF","BRADFORD","IL","41.2333","-89.6167","810","co"
"KBLV","BLV","SCOTT AFB","IL","38.55","-89.85","453","co"
"KBMI","BMI","BLOOMINGTON","IL","40.4833","-88.9333","876","co"
"KC09","","MORRIS MUNI ARPT","IL","41.42","-88.42","584","co"
"KC15","C15","PEKIN MUNI","IL","40.4882","-89.6759","530","co"
"KC56","C56","BULT FIELD","IL","41.3774","-87.6798","790","co"
"KC66","C66","MONMOUTH MUNI","IL","40.9297","-90.6311","753","co"
"KC73","C73","DIXON MUNI-CHARLES R","IL","41.8337","-89.4462","785","co"
"KC75","","LACON/MARSHALL CNTY","IL","41.02","-89.38","568","co"
"KCGX","CGX","MEIGS APRT","IL","41.8667","-87.6167","594","co"
"KCIR","CIR","CAIRO","IL","37.0639","-89.2232","322","co"
"KCMI","CMI","CHAMPAIGN","IL","40.0333","-88.2833","755","co"
"KCPS","CPS","CAHOKIA/ST. LOUIS","IL","38.5667","-90.15","404","co"
"KCTK","","INGERSOLL","IL","40.5691","-90.0748","684","co"
"KCUL","","CARMI MUNI ARPT","IL","38.0894","-88.1231","387","co"
"KDEC","DEC","DECATUR","IL","39.8306","-88.8553","675","co"
"KDKB","","DE KALB TAYLOR MUNI","IL","41.93","-88.71","915","co"
"KDNV","DNV","DANVILLE","IL","40.1994","-87.5956","696","co"
"KDPA","DPA","WEST CHICAGO","IL","41.9167","-88.25","758","co"
"KENL","","CENTRALIA MUNI AIRPO","IL","38.51","-89.09","535","co"
"KEZI","","KEWANEE MUNI","IL","41.2052","-89.9639","858","co"
"KFEP","","ALBERTUS ARPT","IL","42.25","-89.58","860","co"
"KFOA","","FLORA MUNI AIRPORT","IL","38.66","-88.45","472","co"
"KFWC","","FAIRFIELD MUNI ARPT","IL","38.38","-88.41","436","co"
"KGBG","GBG","GALESBURG","IL","40.9333","-90.4333","804","co"
"KGRE","","GREENVILLE","IL","38.8362","-89.3789","541","co"
"KH96","H96","BENTON MUNI","IL","38.0085","-88.9344","444","co"
"KHSB","","HARRISBURG-RALEIGH","IL","37.81","-88.55","397","co"
"KI63","","MT STERLING MUNI","IL","39.9875","-90.8042","732","co"
"KIGQ","","LANSING MUNICIPAL AP","IL","41.54","-87.53","617","co"
"KIJX","","JACKSONVILLE MUNI AP","IL","39.77","-90.24","623","co"
"KIKK","","KANKAKEE","IL","41.07","-87.83","630","co"
"KILX","","LINCOLN  WFO","IL","40.1517","-89.3383","582","co"
"KJOT","","JOLIET","IL","41.5167","-88.1833","594","co"
"KK06","K06","GREATER BEARDSTOWN","IL","39.9734","-90.4037","465","co"
"KK54","K54","SCHUY-RUSH","IL","40.1175","-90.5904","665","co"
"KLOT","","ROMEOVILLE  WFO","IL","41.6042","-88.0847","660","co"
"KLWV","","LAWRENCEVILLE","IL","38.7606","-87.5989","430","co"
"KM30","","METROPOLIS MUNI ARPT","IL","37.1858","-88.7506","384","co"
"KMDH","MDH","CARBONDALE","IL","37.7833","-89.25","407","co"
"KMDW","MDW","CHICAGO-MDWAYAMOS","IL","41.7833","-87.75","623","co"
"KMLI","MLI","MOLINE       ASOS","IL","41.45","-90.5167","594","co"
"KMMO","MMO","MARSEILLES (AMOS)","IL","41.3667","-88.6833","732","co"
"KMQB","","MACOMB MUNI AIRPORT","IL","40.52","-90.65","709","co"
"KMTO","MTO","MATTOON","IL","39.4833","-88.2833","722","co"
"KMVN","MVN","MT. VERNON","IL","38.3167","-88.8667","483","co"
"KMWA","MWA","MARION","IL","37.75","-89","472","co"
"KOLY","","OLNEY-NOBLE AIRPORT","IL","38.72","-88.18","482","co"
"KORD","ORD","CHICAGO-OHARE","IL","41.9833","-87.9","674","co"
"KPIA","PIA","PEORIA       ASOS","IL","40.6667","-89.6833","662","co"
"KPJY","","PINCKNEYVILLE-DU QUO","IL","37.9779","-89.3604","400","co"
"KPNT","","PONTIAC MUNI AIRPORT","IL","40.92","-88.63","659","co"
"KPPQ","","PITTSFIELD","IL","39.64","-90.78","709","co"
"KPRG","","EDGAR CNTY ARPT","IL","39.7","-87.67","653","co"
"KPWK","NBU PWK","CHICAGO/WHEELING","IL","42.1","-87.9","647","co"
"KRFD","RFD","ROCKFORD     ASOS","IL","42.2","-89.1","734","co"
"KRPJ","","ROCHELLE MUNI ARPT","IL","41.89","-89.08","781","co"
"KRSV","","ROBINSON MUNI ARPT","IL","39.0158","-87.6497","463","co"
"KSAR","","SPARTA","IL","38.15","-89.7","538","co"
"KSFY","","SAVANNA TRI-TOWNSHIP","IL","42.0458","-90.1078","617","co"
"KSLO","","SALEM-LECKRONE ARPT","IL","38.65","-88.9667","570","co"
"KSPI","SPI","SPRINGFIELD","IL","39.8333","-89.6667","613","co"
"KSQI","SQI","STERLING RCK AWOS","IL","41.7333","-89.6833","647","co"
"KTAZ","","TAYLORVILLE MUNI APT","IL","39.53","-89.33","623","co"
"KTIP","","RANTOUL","IL","40.29","-88.14","738","co"
"KUGN","UGN","WAUKEGAN  AWOSIII","IL","42.4222","-87.8678","727","co"
"KUIN","UIN","QUINCY","IL","39.95","-91.2","763","co"
"KVLA","VLA","VANDALIA","IL","38.9833","-89.1667","532","co"
"KVYS","","PERU","IL","41.35","-89.15","653","co"
"OKSI2","","OAK ST  CHICAGO","IL","41.912","-87.624","587","co"
"WHRI2","","WAUKEGAN HARBOR","IL","42.3606","-87.8133","591","co"
"WMGI2","","MIDEWIN TALLGRASS PR","IL","41.3417","-88.1308","489","co"
"45170","","MICHIGAN CITY","IN","41.755","-86.968","581","co oc"
"BHRI3","","BURNS HARBOR","IN","41.6467","-87.1469","591","co"
"BIGI3","","BIG OAKS","IN","38.9253","-85.3625","900","co"
"HDRI3","","HARDIN RIDGE","IN","39.0133","-86.4364","750","co"
"K0I2","0I2","BRAZIL CLAY COUNTY","IN","39.4767","-87.0997","645","co"
"K1I8","1I8","CONVERSE","IN","40.5709","-85.8917","840","co"
"K1I9","1I9","DELPHI MUNI","IN","40.543","-86.6815","671","co"
"K1II","","HIMSEL AAF","IN","39.342","-86.031","709","co"
"K2R2","2R2","HENDRICKS COUNTY-GOR","IN","39.7468","-86.4752","898","co"
"K4I7","","GREENCASTLE","IN","39.6336","-86.8138","843","co"
"K50I","50I","KENTLAND MUNI","IN","40.7587","-87.4291","699","co"
"K5I2","5I2","FLORA MUNI","IN","40.5398","-86.5483","710","co"
"K5I6","5I6","GALVESTON","IN","40.5842","-86.2569","786","co"
"K7I4","7I4","ORLEANS","IN","38.6584","-86.443","655","co"
"KAID","AID","ANDERSON","IN","40.1167","-85.6167","919","co"
"KANQ","","ANGOLA","IN","41.6406","-85.0851","982","co"
"KASW","","WARSAW MUNI ARPT","IN","41.2744","-85.84","850","co"
"KAT2","AT2","ATTERBURY AFR","IN","39.2833","-86.0667","878","co"
"KBAK","BAK","COLUMBUS/MUNI","IN","39.2667","-85.9","656","co"
"KBDFD","BDFD","BEDFORD","IN","38.85","-86.5","650","co"
"KBFR","","VIRGIL I GRISSOM MUN","IN","38.84","-86.4454","727","co"
"KBLFN","BLFN","BLUFFTON","IN","40.4167","-85.1833","865","co"
"KBMG","BMG","BLOOMINGTON","IN","39.1333","-86.6167","846","co"
"KC03","C03","NAPPANEE MUNI","IN","41.4462","-85.936","860","co"
"KC62","C62","KENDALLVILLE MUNI","IN","41.4727","-85.2608","1004","co"
"KC65","C65","PLYMOUTH MUNI","IN","41.3651","-86.3003","800","co"
"KCEV","","CONNERSVILLE METTEL","IN","39.7","-85.13","866","co"
"KCFJ","","CRAWFORDSVILLE RGNL","IN","39.9746","-86.9211","800","co"
"KCLMB","CLMB","COLUMBIA CITY","IN","41.1333","-85.4833","854","co"
"KDCY","","DAVIESS COUNTY","IN","38.7004","-87.1297","472","co"
"KDUBS","DUBS","DUBOIS","IN","38.45","-86.7","690","co"
"KEKM","EKM","ELKHART","IN","41.7167","-85.9833","778","co"
"KENTL","ENTL","KENTLAND","IN","40.7667","-87.45","685","co"
"KEVV","EVV","EVANSVILLE","IN","38.05","-87.5333","388","co"
"KEYE","EYE","INDIANAPOLIS   ASOS","IN","39.8333","-86.3","823","co"
"KFARM","FARM","FARMLAND","IN","40.25","-85.15","965","co"
"KFKR","","FRANKFORT","IN","40.2734","-86.5622","860","co"
"KFRH","","FRENCH LICK","IN","38.5062","-86.6369","792","co"
"KFWA","FWA","FORT WAYNE","IN","41","-85.2","828","co"
"KGEZ","K3SM","SHELBYVILLE","IN","39.5856","-85.8","804","co"
"KGGP","","LOGANSPORT","IN","40.711","-86.373","738","co"
"KGPC","","PUTNAM COUNTY RGNL","IN","39.6335","-86.8138","842","co"
"KGSH","","GOSHEN","IN","41.5261","-85.7867","827","co"
"KGUS","GUS","GRISSOM AFB","IN","40.65","-86.15","814","co"
"KGWB","","AUBURN/DE_KALB_CNTY","IN","41.3072","-85.0644","880","co"
"KGYY","GYY","GARY","IN","41.6167","-87.4167","591","co"
"KHFY","","INDY SOUTH GREENWOOD","IN","39.6276","-86.088","822","co"
"KHHG","","HUNTINGTON","IN","40.8529","-85.4571","807","co"
"KHLB","","BATESVILLE AIRPORT","IN","39.3431","-85.2584","975","co"
"KHNB","","HUNTINGBURG","IN","38.2489","-86.9536","528","co"
"KHUF","HUF","TERRE HAUTE","IN","39.45","-87.3","594","co"
"KI22","I22","RANDOLPH COUNTY","IN","40.1677","-84.9294","1123","co"
"KI34","I34","GREENSBURG MUNICIPAL","IN","39.3269","-85.5225","912","co"
"KI42","I42","PAOLI MUNI","IN","38.5855","-86.4646","816","co"
"KI61","I61","HAGERSTOWN","IN","39.8892","-85.1633","1000","co"
"KI76","I76","PERU MUNI","IN","40.7858","-86.1464","779","co"
"KI83","I83","SALEM MUNI","IN","38.602","-86.14","822","co"
"KI91","I91","BOONVILLE","IN","38.0425","-87.3178","380","co"
"KIMS","","MADISON","IN","38.7599","-85.4647","819","co"
"KIND","IND","INDIANAPOLIS","IN","39.7333","-86.2833","808","co"
"KIWH","","WABASH MUNI","IN","40.762","-85.7988","796","co"
"KIWX","","NORTH WEBSTER  WFO","IN","41.3589","-85.7","960","co"
"KJOHN","JOHN","JOHNSON","IN","38.2667","-87.75","440","co"
"KJVY","","CLARK RGNL","IN","38.3666","-85.7381","476","co"
"KLAF","LAF","LAFAYETTE","IN","40.4167","-86.9333","604","co"
"KLIND","LIND","LINDEN","IN","40.25","-86.9","555","co"
"KMCX","","MONTICELLO/WHITE","IN","40.7088","-86.7668","676","co"
"KMGC","","MICHIGAN CITY","IN","41.7033","-86.8212","656","co"
"KMIE","MIE","MUNCIE","IN","40.2333","-85.3833","938","co"
"KMQJ","","INDIANAPOLIS REG","IN","39.8435","-85.897","863","co"
"KMZZ","MZZ","MARION","IN","40.4833","-85.6833","866","co"
"KOKK","","KOKOMO MUNI AP","IN","40.5282","-86.059","830","co"
"KOKMO","OKMO","KOKOMO","IN","40.4167","-86.05","855","co"
"KOVO","","NORTH VERNON","IN","39.0453","-85.6056","757","co"
"KOXI","","STARKE CNTY ARPT","IN","41.3302","-86.6648","686","co"
"KPLD","","PORTLAND MUNI","IN","40.4516","-84.989","925","co"
"KPPO","","LA PORTE MUNI","IN","41.5725","-86.7345","812","co"
"KPRHI","PRHI","PRAIRIE HEIGHTS","IN","41.6333","-85.2","985","co"
"KRCR","RCR","ROCHESTER","IN","41.0667","-86.1833","791","co"
"KRID","","RICHMOND MUNICIPAL A","IN","39.76","-84.84","1140","co"
"KRWN","","ARENS FIELD","IN","41.0923","-86.6129","708","co"
"KRZL","","RENSSELAER","IN","40.9479","-87.1826","699","co"
"KSBN","SBN","SOUTH BEND","IN","41.7","-86.3167","773","co"
"KSER","","FREEMAN MUNI","IN","38.9254","-85.9087","583","co"
"KSIV","","SULLIVAN COUNTY","IN","39.1147","-87.4483","539","co"
"KSMD","","SMITH FIELD","IN","41.1434","-85.1528","836","co"
"KTEL","","PERRY COUNTY MUNI","IN","38.0189","-86.6924","660","co"
"KTERE","TERE","TERRE HAUTE","IN","39.35","-87.4167","555","co"
"KTIPT","TIPT","TIPTON","IN","40.25","-85.9833","895","co"
"KTYQ","","INDIANAPOLIS EXEC AR","IN","40.0307","-86.2514","922","co"
"KUMP","","INDIANAPOLIS METROPO","IN","39.9354","-86.0451","811","co"
"KUWL","","NEW CASTLE HENRY COU","IN","39.8767","-85.3253","1090","co"
"KVERS","VERS","VERSAILLES","IN","39.0667","-85.25","970","co"
"KVINC","VINC","VINCENNES","IN","38.6833","-87.5333","500","co"
"KVPZ","","VALPARAISO","IN","41.45","-87","771","co"
"KWLAF","WLAF","WEST LAFAYETTE","IN","40.4667","-87","706","co"
"KWLEB","WLEB","WEST LEBANON","IN","40.3167","-87.5","700","co"
"KWMIL","WMIL","WATERFORD MILLS","IN","41.5","-85.75","806","co"
"KWMUK","WMUK","WANATAH MUCK","IN","41.4333","-86.9167","635","co"
"KWSAN","WSAN","WANATAH SAND","IN","41.35","-86.9167","735","co"
"MCYI3","","MICHIGAN CITY","IN","41.729","-86.9118","577","co oc"
"PETIN","","PETERSBURG","IN","38.4916","-87.2771","482","co"
"STCIN","","SANTA CLAUS","IN","38.1162","-86.9295","528","co"
"SULI3","","SULLIVAN RAWS","IN","39.0751","-87.3525","531","co"
"TSWI3","","TIPSAW LAKE","IN","38.1358","-86.6411","718","co"
"MKJS","","MONTEGO BAY/SANG.","JM","18.5","-77.9167","3","oc"
"PTTP","PTPN","POHNPEI WSO","KA","6.97","158.22","120","oc"
"TKPK","","GOLDEN ROCK/ST.KT","KN","17.3","-62.6833","157","oc"
"TKPN","MKPK","CHARLESTOWN/NEWCAST","KN","17.2","-62.58","56","oc"
"CGLK1","","CIMARRON","KS","37.1408","-101.9013","3538","co"
"HOXK1","","HOXIE","KS","39.357","-100.4417","826","co"
"K01K","01K","CALDWELL MUNI","KS","37.0366","-97.5856","1157","co"
"K0H1","0H1","TREGO WAKEENEY","KS","39.0065","-99.8929","2439","co"
"K13K","13K","LT WILLIAM M MILLIKE","KS","37.8516","-96.292","1208","co"
"K19S","19S","SUBLETTE MUNI","KS","37.4969","-100.8329","2911","co"
"K1F5","1F5","HOXIE-SHERIDAN COUNT","KS","39.3651","-100.4381","2733","co"
"K1K1","","BENTON","KS","37.7744","-97.1132","1365","co"
"K1K6","1K6","ELLINWOOD MUNI","KS","38.3728","-98.5986","1797","co"
"K1K7","1K7","FREDONIA","KS","37.5807","-95.8371","882","co"
"K1K9","1K9","SATANTA MUNI","KS","37.4567","-100.9846","2976","co"
"K1KS","1KS","LINN COUNTY","KS","38.1734","-94.6903","860","co"
"K2K6","2K6","ELK COUNTY","KS","37.3809","-96.2711","1063","co"
"K2K7","2K7","NEODESHA MUNI","KS","37.4354","-95.6461","841","co"
"K2K8","2K8","ARGONIA MUNI","KS","37.2754","-97.7588","1279","co"
"K30K","30K","INGALLS MUNI","KS","37.9069","-100.5314","2814","co"
"K33K","33K","KINSLEY MUNI","KS","37.909","-99.4031","2171","co"
"K36K","36K","KEARNY COUNTY","KS","37.9694","-101.2556","3076","co"
"K38K","38K","LUCAS","KS","39.062","-98.5253","1485","co"
"K3AU","","AUGUSTA","KS","37.6716","-97.0779","1329","co"
"K3JC","3JC","FREEMAN FIELD","KS","39.0433","-96.8433","1102","co"
"K3K3","3K3","SYRACUSE","KS","37.9916","-101.7463","3323","co"
"K3K7","3K7","MARK HOARD MEMORIAL","KS","38.458","-101.3505","3304","co"
"K3K8","3K8","COMANCHE COUNTY","KS","37.2229","-99.332","2086","co"
"K3TA","3TA","STAFFORD MUNI","KS","37.9583","-98.6504","1886","co"
"K43K","43K","MARION MUNI","KS","38.3376","-96.9883","1390","co"
"K45K","45K","MINNEAPOLIS CITY COU","KS","39.0943","-97.7211","1246","co"
"K47K","47K","MOUNDRIDGE MUNI","KS","38.2091","-97.5027","1489","co"
"K48K","48K","NESS CITY MUNI","KS","38.4738","-99.9091","2322","co"
"K49K","49K","NORWICH","KS","37.4556","-97.8337","1494","co"
"K52K","52K","CHARLES E GRUTZMACHE","KS","39.498","-96.1751","1183","co"
"K53K","53K","OSAGE CITY MUNI","KS","38.6334","-95.8018","1105","co"
"K55K","55K","OXFORD MUNI","KS","37.2691","-97.0934","1194","co"
"K62K","62K","SENECA MUNI","KS","39.8476","-96.1169","1291","co"
"K69K","69K","WAMEGO MUNI","KS","39.1979","-96.2589","966","co"
"K8K8","8K8","CIMARRON MUNI","KS","37.8329","-100.3482","2750","co"
"K9K7","9K7","ELLSWORTH MUNI","KS","38.7505","-98.2304","1631","co"
"K9K8","9K8","KINGMAN AIRPORT - CL","KS","37.669","-98.1239","1607","co"
"K9KS","9KS","GREENSBURG MUNI","KS","37.6227","-99.2284","2192","co"
"KAAO","K3KM 3KM","WICHITA","KS","37.75","-97.22","1421","co"
"KADT","","ATWOOD-RAWLINS COUNT","KS","39.8403","-101.0425","2991","co"
"KANY","","ANTHONY MUNI","KS","37.1585","-98.0796","1341","co"
"KCBK","","COLBY-SHALTZ FLD ARP","KS","39.4274","-101.0466","3186","co"
"KCFV","","COFFEYVILLE","KS","37.0911","-95.5664","752","co"
"KCNK","CNK","CONCORDIA    ASOS","KS","39.55","-97.65","1484","co"
"KCNU","CNU","CHANUTE","KS","37.6667","-95.4833","997","co"
"KCYW","","CLAY CENTER MUNI","KS","39.3871","-97.1572","1209","co"
"KDDC","DDC","DODGE CITY   ASOS","KS","37.7667","-99.9667","2592","co"
"KEGT","","WELLINGTON MUNI","KS","37.325","-97.3884","1277","co"
"KEHA","EHA 1K5 EKJ","ELKHART (AMOS)","KS","37","-101.8833","3629","co"
"KEMP","EMP","EMPORIA        ASOS","KS","38.3333","-96.2","1204","co"
"KEQA","","ELDORADO","KS","37.7753","-96.8144","1378","co"
"KEWK","","NEWTON_(AWOS)","KS","38.05","-97.28","1532","co"
"KFLV","FLV","FORT LEAVENWORTH","KS","39.3667","-94.9167","771","co"
"KFOE","FOE","FORBES AFB","KS","38.95","-95.6667","1063","co"
"KFRI","FRI","FORT RILEY","KS","39.05","-96.7667","1050","co"
"KFSK","","FORT SCOTT MUNI","KS","37.7984","-94.7694","918","co"
"KGBD","","GREAT_BEND_(AWOS)","KS","38.35","-98.87","1886","co"
"KGCK","GCK","GARDEN CITY","KS","37.9333","-100.7167","2894","co"
"KGLD","GLD","GOODLAND     ASOS","KS","39.3667","-101.7","3688","co"
"KHLC","HLC","HILL CITY","KS","39.3833","-99.8333","2221","co"
"KHQG","","HUGOTON","KS","37.163","-101.3705","3136","co"
"KHRU","","HERINGTON RGNL","KS","38.6947","-96.808","1481","co"
"KHUT","HUT","HUTCHINSON","KS","38.0667","-97.8667","1542","co"
"KHYS","HYS","HAYS   (AWOS)","KS","38.85","-99.2667","1998","co"
"KIAB","IAB","MCCONNELL AFB","KS","37.6167","-97.2667","1371","co"
"KICT","ICT","WICHITA      ASOS","KS","37.65","-97.4167","1340","co"
"KIDP","","INDEPENDENCE MUNICIP","KS","37.1584","-95.7784","823","co"
"KIXD","IXD","OLATHE/INDUSTRIAL","KS","38.8333","-94.9","1132","co"
"KJHN","","JOHNSON CITY","KS","37.5826","-101.7328","3323","co"
"KK17","K17","MONTEZUMA MUNI","KS","37.5857","-100.4701","2780","co"
"KK34","K34","GARDNER MUNI","KS","38.807","-94.9564","1049","co"
"KK38","K38","WASHINGTON COUNTY VE","KS","39.7352","-97.0476","1437","co"
"KK51","K51","MEDICINE LODGE","KS","37.266","-98.5481","1549","co"
"KK58","K58","HAROLDKRIER FLD","KS","37.1667","-99.7751","1951","co"
"KK59","K59","AMELIA EARHART","KS","39.5705","-95.1803","1073","co"
"KK61","","BELOIT","KS","39.4712","-98.1288","1416","co"
"KK63","K63","COUNCIL GROVE MUNI","KS","38.6765","-96.5728","1409","co"
"KK65","K65","DIGHTON","KS","38.4889","-100.4817","2779","co"
"KK67","K67","OSWEGO MUNI","KS","37.1594","-95.0415","832","co"
"KK68","K68","GARNETT MUNI","KS","38.2774","-95.2152","989","co"
"KK71","K71","LINCOLN MUNI","KS","39.0581","-98.167","1412","co"
"KK75","K75","OSBORNE MUNI","KS","39.4333","-98.68","1547","co"
"KK78","K78","ABILENE MUNI","KS","38.9041","-97.2359","1153","co"
"KK79","K79","JETMORE MUNI","KS","37.9844","-99.8943","2467","co"
"KK81","K81","MIAMI COUNTY","KS","38.5402","-94.9201","943","co"
"KK82","","SMITH CENTER","KS","39.7626","-98.7945","1800","co"
"KK83","K83","SABETHA MUNI","KS","39.9042","-95.7794","1330","co"
"KK87","K87","HIAWATHA MUNI","KS","39.8792","-95.5253","1130","co"
"KK88","K88","ALLEN COUNTY","KS","37.8682","-95.3869","1016","co"
"KK90","K90","COTTONWOOD FALLS","KS","38.3586","-96.5545","1273","co"
"KK91","K91","HORTON MUNI","KS","39.6792","-95.5336","1134","co"
"KK94","K94","RUSH COUNTY","KS","38.5468","-99.2898","2076","co"
"KLBL","LBL","LIBERAL   (AWOS)","KS","37.05","-100.9667","2887","co"
"KLQR","","LARNED-PAWNEE COUNTY","KS","38.2086","-99.0859","2012","co"
"KLWC","","LAWRENCE","KS","39.0083","-95.2117","832","co"
"KLYO","","LYONS-RICE COUNTY MU","KS","38.3403","-98.2286","1692","co"
"KM66","M66","ALFRED SCHROEDER FIE","KS","38.3416","-97.2139","1434","co"
"KMEJ","","MEADE MUNI","KS","37.2787","-100.3565","2527","co"
"KMHK","MHK","MANHATTAN","KS","39.15","-96.6667","1056","co"
"KMPR","","MC PHERSON","KS","38.3524","-97.6913","1498","co"
"KMYZ","","MARYSVILLE","KS","39.8553","-96.6306","1047","co"
"KNRN","","NORTON MUNI","KS","39.8505","-99.8947","2384","co"
"KOEL","","OAKLEY MUNI","KS","39.1099","-100.8164","3045","co"
"KOIN","","OBERLIN MUNI","KS","39.8349","-100.5398","2710","co"
"KOJC","OJC","OLATHE","KS","38.85","-94.73","1096","co"
"KOWI","","OTTAWA MUNI","KS","38.5392","-95.2532","966","co"
"KP28","P28","MEDICINE L.(AMOS)","KS","37.3","-98.5833","1536","co"
"KPHG","","PHILLIPSBURG","KS","39.7358","-99.3171","1907","co"
"KPPF","PPF","PARSONS        ASOS","KS","37.3333","-95.5167","899","co"
"KPTS","PTS","PITTSBURG","KS","37.4495","-94.7311","951","co"
"KPTT","","PRATT MUNI ARPT","KS","37.7","-98.75","1952","co"
"KRCP","","STOCKTON","KS","39.3466","-99.3046","1999","co"
"KRNK1","","KIRWIN","KS","39.6652","-99.1954","1747","co"
"KRPB","","BELLEVILLE MUNI","KS","39.8178","-97.6596","1538","co"
"KRSL","RSL","RUSSELL","KS","38.8667","-98.8167","1869","co"
"KSLN","SLN","SALINA","KS","38.8","-97.65","1270","co"
"KSYF","","ST FRANCIS","KS","39.7638","-101.7978","3363","co"
"KTKO","","MANKATO","KS","39.8028","-98.2212","1859","co"
"KTOP","TOP","TOPEKA       ASOS","KS","39.0667","-95.6333","885","co"
"KTQK","","SCOTT CITY MUNI","KS","38.475","-100.8844","2969","co"
"KUKL","","BURLINGTON/COFFEY CO","KS","38.3025","-95.7249","1173","co"
"KULS","","ULYSSES","KS","37.604","-101.3736","3071","co"
"KWLD","WLD","WINFIELD       ASOS","KS","37.1681","-97.0369","1160","co"
"QNRK1","","STAFFORD","KS","38.144","-98.4784","1768","co"
"SHRK1","","SHARON SPRINGS","KS","38.8961","-101.7512","1051","co"
"TGSK1","","TALLGRASS PRAIRIE","KS","38.435","-96.5606","1231","co"
"TRDK1","","STATE LINE","KS","38.2403","-94.6676","797","co"
"BSAK2","","BIG SANDY","KY","37.75","-82.6333","1180","co"
"CDSK2","","HOUCHIN MEADOW","KY","37.1317","-86.148","774","co"
"CHTK2","","PEABODY","KY","37.138","-83.5797","1465","co"
"CHTR","","LEWIS COUNTY MESONET","KY","38.58","-83.42","546","co"
"CRIK2","","CRITTENDEN","KY","38.7692","-84.6019","935","co"
"CRRL","","CARROLL COUNTY MESON","KY","38.69","-85.14","472","co"
"GFSK2","KGREE","GREENVILLE","KY","37.2734","-87.2022","552","co"
"HHTS","","CAMPBELL COUNTY MESO","KY","39.02","-84.47","838","co"
"HICKY","","HICKMAN","KY","36.5666","-89.184","410","co"
"HUEY","","BOONE COUNTY MESONET","KY","38.97","-84.72","896","co"
"JCAK2","","JACKSON CO AP","KY","37.5922","-83.3178","1388","co"
"K0I8","0I8","CYNTHIANA-HARRISON C","KY","38.3662","-84.2833","721","co"
"K18I","18I","MC CREARY COUNTY","KY","36.6954","-84.3915","1370","co"
"K1A6","1A6","MIDDLESBORO/BELL CO","KY","36.6106","-83.7374","1154","co"
"K1M7","1M7","FULTON","KY","36.5256","-88.9178","404","co"
"K1M9","1M9","LAKE BARKLEY STATE P","KY","36.8178","-87.9075","571","co"
"K27K","","GEORGETOWN","KY","38.2344","-84.4347","947","co"
"K2I0","","MADISONVILLE","KY","37.3559","-87.3982","440","co"
"K2I3","2I3","ROUGH RIVER STATE PA","KY","37.6098","-86.5072","577","co"
"K2M0","2M0","PRINCETON-CALDWELL C","KY","37.1151","-87.8571","584","co"
"K4M7","4M7","RUSSELLVILLE-LOGAN C","KY","36.7996","-86.8109","692","co"
"K5I3","5I3","PIKEVILLE (RAMOS)","KY","37.4833","-82.5167","1463","co"
"K5M9","","MARION","KY","37.3363","-88.1097","653","co"
"K62","","FALMOUTH GENE SNYDER","KY","38.7","-84.39","899","co"
"K6I2","","LEBANON/SPRINGFIELD","KY","37.6335","-85.2418","871","co"
"K8M7","8M7","TRADEWATER","KY","37.1859","-87.675","405","co"
"K8M9","8M9","PROVIDENCE-WEBSTER C","KY","37.4241","-87.736","395","co"
"K9I3","9I3","WEST LIBERTY","KY","37.9144","-83.2519","934","co"
"KAAS","","TAYLOR COUNTY","KY","37.3583","-85.3094","921","co"
"KBRY","","BARDSTOWN","KY","37.8143","-85.4996","669","co"
"KBWG","BWG","BOWLING GREEN","KY","36.9667","-86.4333","538","co"
"KBYL","","WILLIAMSBURG-WHITLEY","KY","36.795","-84.1995","1178","co"
"KCEY","","KYLE OAKLEY FLD/M","KY","36.6646","-88.3728","577","co"
"KCPF","","WENDELL H FORD","KY","37.3874","-83.2616","1256","co"
"KCVG","CVG","COVINGTON    ASOS","KY","39.05","-84.6667","877","co"
"KDVK","","STUART_POWELL_FLD","KY","37.5779","-84.7697","1021","co"
"KDWU","","ASHLAND","KY","38.5545","-82.738","545","co"
"KEHR","","HENDERSON_CITY","KY","37.82","-87.68","384","co"
"KEKQ","","MONTICELLO/WAYNE_CN","KY","36.8553","-84.8561","964","co"
"KEKX","","ELIZABETHTOWN","KY","37.7059","-85.8628","776","co"
"KFFT","FFT","FRANKFORT      ASOS","KY","38.1833","-84.9","804","co"
"KFGX","","FLEMINGSBURG-MASON","KY","38.5418","-83.7434","913","co"
"KFTK","FTK","FORT KNOX","KY","37.9","-85.9667","755","co"
"KGLW","","GLASGOW_MUNI_ARPT","KY","37.0318","-85.9537","715","co"
"KHOP","HOP","FT. CAMBELL AAF","KY","36.6667","-87.5","571","co"
"KHVC","","HOPKINSVILLE-CHRISTI","KY","36.857","-87.4551","564","co"
"KI35","","HARLAN","KY","36.8593","-83.3585","1564","co"
"KI39","","MADISON / RICHMOND","KY","37.6308","-84.3323","1002","co"
"KI50","I50","STANTON","KY","37.8498","-83.8458","651","co"
"KI93","I93","BRECKINRIDGE COUNTY","KY","37.7848","-86.4413","732","co"
"KI96","I96","COLUMBIA-ADAIR CO","KY","37.0853","-85.3472","818","co"
"KIOB","","MOUNT STERLING","KY","38.0581","-83.9796","1019","co"
"KJKL","JKL","JACKSON        ASOS","KY","37.6","-83.3167","1358","co"
"KJQD","","OHIO COUNTY","KY","37.4586","-86.8498","537","co"
"KK24","K24","RUSSELL COUNTY","KY","37.0097","-85.1028","1010","co"
"KKY8","","LEWISPORT","KY","37.9532","-86.8572","412","co"
"KLEX","LEX","LEXINGTON","KY","38.0333","-84.6","989","co"
"KLMK","","LOUISVILLE  WFO","KY","38.1147","-85.645","630","co"
"KLOU","LOU","BOWMAN FIELD ARPT","KY","38.2236","-85.6583","540","co"
"KLOZ","LOZ","LONDON","KY","37.0833","-84.0833","1211","co"
"KM20","M20","LEITCHFIELD-GRAYSON","KY","37.3998","-86.2613","782","co"
"KM21","M21","MUHLENBERG COUNTY","KY","37.2262","-87.1564","428","co"
"KM25","M25","MAYFIELD","KY","36.7691","-88.5847","525","co"
"KM34","M34","KENTUCKY DAM STATE P","KY","37.0098","-88.2994","351","co"
"KOMK2","","KOOMER","KY","37.7812","-83.6325","1300","co"
"KOWB","OWB","OWENSBORO","KY","37.7355","-87.1668","407","co"
"KPAH","PAH","PADUCAH      ASOS","KY","37.0667","-88.7667","410","co"
"KPBX","","PIKE CNTY ARPT","KY","37.5587","-82.5674","1473","co"
"KRGA","","CENTRALKENTUCKY RGNL","KY","37.6315","-84.3324","1003","co"
"KSDF","SDF","LOUISVILLE   ASOS","KY","38.1833","-85.7333","488","co"
"KSJS","","BIG SANDY RGN ARPT","KY","37.751","-82.6367","1220","co"
"KSME","","SOMERSET(AWOS)","KY","37.0542","-84.6149","928","co"
"KSYM","","MOREHEAD","KY","38.215","-83.5874","1047","co"
"KTWT","","STURGIS MUNI","KY","37.5418","-87.9544","372","co"
"KTZV","","TOMPKINSVILLE-MONROE","KY","36.729","-85.6524","1036","co"
"KY013","","WATER VALLEY","KY","36.5468","-88.8422","468","co"
"LBLK2","","KYLBL","KY","36.7764","-88.0631","649","co"
"MARKY","","MARION","KY","37.3328","-88.0811","384","co"
"SOMK2","","SOMERSET","KY","37.0527","-84.6137","921","co"
"SWON","","OWEN COUNTY MESONET","KY","38.55","-84.74","870","co"
"TRMK2","","TRIANGLE MTN","KY","38.1756","-83.4064","1360","co"
"WSHT","","MASON COUNTY MESONET","KY","38.62","-83.81","909","co"
"YELK2","","YELLOW CREEK","KY","36.6036","-83.6961","1090","co"
"42001","2001","MID GULF","LA","25.9","-89.6667","16","co oc"
"AMRL1","","AMERADA PASS","LA","29.4497","-91.3381","36","co oc"
"BBNL1","","BIG BRANCH NWR","LA","30.3217","-89.9353","11","co"
"BENL1","","CATAHOULA","LA","31.5022","-92.4617","230","co"
"BURL1","BURL","SOUTHWEST PASS","LA","28.905","-89.4283","100","co oc"
"BYGL1","","BAYOU GAUCHE","LA","29.777","-90.418","30","co"
"CANL1","","CANEY","LA","32.8042","-93.0667","230","co"
"CAPL1","","CALCASIEU PASS","LA","29.7645","-93.343","40","co oc"
"CLCL1","","CAMERON QD","LA","29.9524","-93.066","6","co"
"EINL1","","NORTH OF EUGENE ISLA","LA","29.373","-91.384","13","co oc"
"FREL1","","FRENIER LANDING","LA","30.106","-90.422","33","co"
"FRWL1","","FRESH WTR CNL LOCKS","LA","29.555","-92.305","57","co oc"
"GARL1","","EVANGELINE/GARDNER","LA","31.185","-92.6314","185","co"
"GISL1","","GRAND ISLE WLON","LA","29.2633","-89.9567","21","co oc"
"GUML1","","GUM SPRINGS","LA","31.8988","-92.7829","300","co"
"HAKL1","","SABINE","LA","29.8889","-93.4028","6","co"
"K01R","01R","CLAIRBORNE AF RNG","LA","31.1833","-92.6333","220","co"
"K0M8","0M8","BYERLEY","LA","32.8259","-91.1877","106","co"
"K0M9","0M9","DELHI MUNI","LA","32.4107","-91.4985","91","co"
"K0R4","0R4","CONCORDIA PARISH","LA","31.562","-91.5065","55","co"
"K0R5","0R5","DAVID G JOYCE","LA","31.9637","-92.6603","146","co"
"K0R7","0R7","THE RED RIVER","LA","31.9903","-93.3076","177","co"
"K1L0","","RESERVE","LA","30.087","-90.5827","7","co"
"K1R1","1R1","JENA","LA","31.6688","-92.1576","216","co"
"K1R4","1R4","WOODWORTH","LA","31.1264","-92.5013","140","co"
"K2L0","2L0","PINEVILLE MUNI","LA","31.3422","-92.4436","100","co"
"K2R1","2R1","LE MAIRE MEMORIAL","LA","29.8991","-91.666","14","co"
"K2R6","2R6","BUNKIE MUNI","LA","30.9567","-92.2341","62","co"
"K2R7","2R7","FRANKLINTON","LA","30.8194","-90.1125","175","co"
"K3F3","3F3","C E 'RUSTY' WILLIAMS","LA","32.0728","-93.7656","324","co"
"K3F4","3F4","VIVIAN","LA","32.8613","-94.0102","260","co"
"K3R2","3R2","LE GROS MEMORIAL","LA","30.1618","-92.484","14","co"
"K3R4","3R4","HART","LA","31.5445","-93.486","319","co"
"K3R7","","JENNINGS AIRPORT","LA","30.2427","-92.6735","23","co"
"K4R7","4R7","EUNICE","LA","30.4663","-92.4238","42","co"
"K5F0","5F0","ARCADIA-BIENVILLE PA","LA","32.5321","-92.9528","440","co"
"K5F4","5F4","HOMER MUNI","LA","32.7885","-93.0037","244","co"
"K5R8","5R8","DEQUINCEY IND AR","LA","30.4412","-93.4735","79","co"
"K6R1","6R1","WELSH","LA","30.2419","-92.8307","18","co"
"K7N0","","NEW ORLEANS/SUPERDOM","LA","29.9527","-90.0827","1","co"
"K8R3","8R3","SOUTHWEST PASS","LA","28.9167","-89.4333","3","co oc"
"K9M6","9M6","KELLY-DUMAS","LA","32.8476","-91.4041","112","co"
"KACP","KL42","OAKDALE/PARISH AP","LA","30.7506","-92.6886","107","co"
"KAEX","AEX","ENGLAND AFB","LA","31.3275","-92.5486","89","co"
"KAPS","","PORT OF SOUTH LOUISI","LA","30.0875","-90.5828","7","co"
"KAQV","","PEASON RIDGE/FT POLK","LA","31.395","-93.3","364","co"
"KARA","","NEW_IBERIA/ACADIANA","LA","30.03","-91.88","23","co"
"KASD","K6R0","SLIDELL","LA","30.3431","-89.8219","27","co"
"KATP","","GREEN CANYON 787 OIL","LA","27.195","-90.027","209","co oc"
"KBAD","BAD","BARKSDALE AFB","LA","32.5","-93.6667","167","co"
"KBKB","","FULLERTON STRIP/FT P","LA","31.023","-92.91","275","co"
"KBQP","K2F8","MOREHOUSE_MEM_ARPT","LA","32.7561","-91.8806","167","co"
"KBTR","BTR","BATON ROUGE  ASOS","LA","30.5333","-91.15","76","co"
"KBVE","BVE","BOOTHVILLE","LA","29.3332","-89.4076","1","co oc"
"KBXA","","BOGALUSA CARR","LA","30.8136","-89.8647","115","co"
"KCMB","","EAST CAMERON 47JP OI","LA","29.441","-92.979","89","co oc"
"KCVW","","CAMERON","LA","29.7833","-93.3","3","co oc"
"KCWF","","CHENAULT_AIRPARK","LA","30.22","-93.15","13","co"
"KDNK","","SELF STRIP/FT POLK","LA","31.1106","-93.1533","374","co"
"KDRI","","DE_RIDDER/BEAUREGARD","LA","30.8317","-93.3399","202","co"
"KDTN","","SHREVEPORT DOWNTOWN","LA","32.53","-93.75","180","co"
"KEHC","","EAST CAMERON OIL PLA","LA","28.43","-92.88","100","co oc"
"KEIR","","EUGENE ISLAND","LA","28.634","-91.489","66","co oc"
"KESF","ESF","ALEXANDRIA     ASOS","LA","31.3833","-92.3","118","co"
"KF86","F86","CALDWELL PARISH","LA","32.1222","-92.0545","67","co"
"KF87","F87","UNION PARISH","LA","32.725","-92.3372","121","co"
"KF88","F88","JONESBORO","LA","32.202","-92.7329","256","co"
"KF89","F89","WINNSBORO MUNI","LA","32.153","-91.6986","78","co"
"KGAO","KL49","GALLIANO/SOUTH_LAFOU","LA","29.4448","-90.2611","1","co"
"KGBK","","MAGNOLIA OIL PLATFOR","LA","27.2","-92.2","178","co oc"
"KGHB","","GARDEN BANKS 172 OIL","LA","27.84","-91.988","68","co oc"
"KGRY","","GREEN CANYON 338","LA","27.625","-90.441","190","co oc"
"KHDC","","HAMMOND MUNI ARPT","LA","30.52","-90.42","43","co"
"KHUM","HUM","HOUMA","LA","29.5667","-90.6667","10","co"
"KHZR","","NEW ROADS","LA","30.7183","-91.4787","39","co"
"KIER","","NATCHITOCHES RGNL AP","LA","31.7357","-93.0991","121","co"
"KIPN","","INDEPENDENCE OIL PLA","LA","28.0833","-87.9833","132","co oc"
"KIYA","K0R3","ABBEVILLE CC MEM","LA","29.9757","-92.0842","16","co"
"KL31","L31","ST TAMMANY RGNL","LA","30.4451","-89.9889","39","co"
"KL32","L32","JONESVILLE","LA","31.6203","-91.8343","56","co"
"KL33","L33","TENSAS PARISH","LA","31.9732","-91.2387","74","co"
"KL38","","GONZALES","LA","30.1727","-90.9406","13","co"
"KL39","L39","LEESVILLE","LA","31.1682","-93.3425","282","co"
"KL47","L47","OLLA","LA","31.8961","-92.2179","130","co"
"KL66","L66","POLLOCK MUNI","LA","31.4775","-92.4612","203","co"
"KL83","L83","THIBODAUX MUNI","LA","29.7478","-90.8329","9","co"
"KLA3","LA3","FELICIANA AIRPARK","LA","30.8078","-91.2133","204","co"
"KLCH","LCH","LAKE CHARLES","LA","30.1167","-93.2167","32","co"
"KLFT","LFT","LAFAYETTE","LA","30.2","-92","43","co"
"KLIX","","SLIDELL  WFO","LA","30.3372","-89.8253","24","co"
"KM79","M79","JOHN H HOOKS JR MEMO","LA","32.4854","-91.7711","83","co"
"KM80","M80","SCOTT","LA","32.4163","-91.1489","84","co"
"KMDJ","","MISSISSIPPI CANYON O","LA","28.65","-89.8","65","co oc"
"KMIS","","MAIN PASS 140B OIL","LA","29.296","-88.842","82","co oc"
"KMKV","","MARKSVILLE MUNI","LA","31.0947","-92.0691","79","co"
"KMLU","MLU","MONROE","LA","32.5117","-92.0314","81","co"
"KMNE","","MINDEN","LA","32.646","-93.2981","279","co"
"KMSY","MSY","NEW ORLEANS","LA","29.9833","-90.25","30","co"
"KNBG","NBG","NEW ORLEANS NAS","LA","29.8253","-90.035","2","co"
"KNEW","166667 NEW","NEW ORLEANS LAKEFRON","LA","30.0425","-90.0281","9","co"
"KOPL","","OPELOUSAS","LA","30.5584","-92.0994","75","co"
"KP00","P00","TENECO OIL(RAMOS)","LA","28","-93","49","co oc"
"KP21","P21","GULF MAIN P(AMOS)","LA","29.7","-88.9","66","co oc"
"KP22","P22","GULF VERM. (AMOS)","LA","29.1667","-92.3333","66","co oc"
"KP25","P25","GULF VERM. (AMOS)","LA","28.7","-92.3","66","co oc"
"KP26","P26","GULF S.TIM.(AMOS)","LA","28.8333","-90.1667","66","co oc"
"KP30","P30","GULF W.CAM.(AMOS)","LA","28.5","-93","66","co oc"
"KP92","P92","SALT POINT","LA","29.5622","-91.5256","3","co oc"
"KPOE","POE","FT.POLK AAF","LA","31.05","-93.1833","330","co"
"KPTN","","PATTERSON_MEMORIAL","LA","29.72","-91.33","10","co"
"KREG","","LOUISIANA RGNL","LA","30.1714","-90.9404","14","co"
"KRSN","","RUSTON","LA","32.51","-92.59","312","co"
"KSCF","","SOUTH MARSH OIL PLAT","LA","29.12","-91.87","25","co oc"
"KSHV","SHV","SHREVEPORT   ASOS","LA","32.4667","-93.8167","259","co"
"KSPH","","SPRINGHILL","LA","32.9837","-93.4092","218","co"
"KSPR","","SHIP SHOAL OIL PLATF","LA","28.6","-91.2","84","co oc"
"KSTZ","","SOUTH TIMBAILER 301B","LA","28.16","-90.666","82","co oc"
"KUXL","KL75","SOUTHLAND_FIELD_ARPT","LA","30.1314","-93.3761","11","co"
"KVBS","","SABINE OIL PLATFORM","LA","29.48","-93.63","70","co oc"
"KVKY","","MAIN PASS 289C OIL","LA","29.248","-88.441","32","co oc"
"KVNP","","VERMILLION OIL PLATF","LA","29.47","-92.37","71","co oc"
"KVQT","","VERMILLION 331A OIL","LA","28.27","-92.264","82","co oc"
"KXIH","","HIGH ISLAND 179A OIL","LA","29.18","-94.521","78","co oc"
"KXPY","","PORT FOURCHON","LA","29.123","-90.202","7","co oc"
"LACL1","","LACASSINE","LA","30.0017","-92.8933","5","co"
"LCLL1","","LAKE CHARLES","LA","30.223","-93.222","6","co"
"LEVL1","","VERNON","LA","31.0167","-93.1869","350","co"
"LOPL1","","LA OFFSHORE OIL PORT","LA","28.885","-90.024","128","co oc"
"MPCL1","MPCL","MAIN PASS BLK 133","LA","29.6","-88.5","108","co oc"
"MRSL1","","MARSH ISLAND","LA","29.441","-92.0614","39","co oc"
"NATL1","","NATCHITOCHES","LA","31.4914","-93.1922","200","co"
"NWCL1","","NEW CANAL","LA","30.0269","-90.1131","14","co"
"PILL1","","PILOT TOWN","LA","29.178","-89.258","33","co oc"
"PSTL1","","PILOTS STN E SW PASS","LA","28.9319","-89.4069","67","co oc"
"SHBL1","","SHELL BEACH","LA","29.8681","-89.6731","12","co"
"SPLL1","","S TIMBALIER BLOCK 52","LA","28.8667","-90.4833","10","co oc"
"TESL1","","BERWICK","LA","29.667","-91.237","61","co"
"VRNL1","","DOVE FIELD","LA","31.033","-92.9819","267","co"
"TLPC","MKPC","VIGIE/CASTRIES","LC","14.0167","-61","7","oc"
"TLPL","MKPL","HEWANORRA/VIEUX-F","LC","13.75","-60.95","10","oc"
"TVSV","","ARNOS_VALE/KINGSTON","LC","13.13","-61.2","43","oc"
"44008","4008 NNBN","NANTUCKET","MA","40.5","-69.4314","16","co oc"
"44011","4011","GEORGES BANK","MA","41.105","-66.6","16","co oc"
"44013","4013 29B","BOSTON","MA","42.3539","-70.6914","16","co oc"
"44018","","E CAPE COD","MA","42.151","-69.817","16","co oc"
"44024","","BUOY N/NORTHEAST CH","MA","42.3233","-65.9267","13","co oc"
"44029","","BUOY A/MASS BAY","MA","42.5278","-70.5664","13","co oc"
"BLHM3","BLHM","BLUE HILLS","MA","42.2167","-71.1167","656","co"
"BLTM3","NP022","BORDEN FLATS LT","MA","41.7045","-71.1744","20","co"
"BUZM3","BUZM 33B","BUZZARDS BAY LS","MA","41.397","-71.035","57","co oc"
"CAOM3","","CACO","MA","41.9755","-70.0242","110","co oc"
"FRVM3","NP021","FALL RIVER","MA","41.7044","-71.1645","12","co"
"FRXM3","","FALL RIVER VISIBILIT","MA","41.696","-71.18","8","co"
"K0B5","0B5","TURNERS FALLS","MA","42.5916","-72.523","359","co"
"K1B2","1B2","KATAMA AIRPARK","MA","41.3585","-70.5245","18","co oc"
"K1B9","1B9","MANSFIELD MUNI","MA","42.0009","-71.1982","122","co"
"K2B1","2B1","CAPE COD","MA","41.6853","-70.4023","103","co oc"
"K3B0","3B0","SOUTHBRIDGE MUNI","MA","42.1011","-72.0388","699","co"
"K3B2","","MARSHFIELD","MA","42.0965","-70.677","10","co"
"KACK","ACK","NANTUCKET","MA","41.253","-70.0599","47","co oc"
"KAQW","AQW 2B6","NORTH ADAMS    ASOS","MA","42.7","-73.1667","660","co"
"KAYE","AYE","FORT DEVENS","MA","42.5667","-71.6","268","co"
"KBAF","BAF","WESTFIELD","MA","42.1667","-72.7167","269","co"
"KBED","BED","BEDFORD","MA","42.4667","-71.2833","144","co"
"KBOS","BOS","BOSTON","MA","42.3667","-71.0333","29","co"
"KBOX","","TAUNTON  WFO","MA","41.9556","-71.1347","118","co"
"KBVY","BVY","BEVERLY","MA","42.5833","-70.9167","108","co"
"KCEF","CEF","CHICOPEE FALLS","MA","42.2","-72.5333","246","co"
"KCHH","191386 CHH","CHATHAM WSMO","MA","41.6667","-69.9667","50","co oc"
"KCQX","CQX","CHATHAM      ASOS","MA","41.6833","-70","63","co oc"
"KEWB","EWB","NEW BEDFORD","MA","41.6833","-70.9667","79","co oc"
"KFIT","","FITCHBURG","MA","42.5519","-71.7558","348","co"
"KFMH","FMH","OTIS AFB","MA","41.65","-70.5167","131","co oc"
"KGDM","","GARDNER MUNI","MA","42.5499","-72.016","954","co"
"KGHG","K3B2","MARSHFIELD","MA","42.0983","-70.6722","10","co"
"KHYA","HYA","HYANNIS","MA","41.6667","-70.2833","52","co oc"
"KLWM","LWM","LAWRENCE","MA","42.7167","-71.1167","154","co"
"KMQE","","MILTON_(ASOS)","MA","42.22","-71.12","630","co"
"KMVY","MVY","MARTHAS VINEYARD","MA","41.3934","-70.6139","67","co oc"
"KNZW","NZW","S.WEYMOUTH NAS","MA","42.15","-70.9333","161","co"
"KORE","ORE","ORANGE       ASOS","MA","42.5667","-72.2833","555","co"
"KORH","ORH","WORCESTER    ASOS","MA","42.2667","-71.8667","1011","co"
"KOWD","OWD","NORWOOD","MA","42.1908","-71.1739","50","co"
"KPSF","PSF","PITTSFIELD","MA","42.4276","-73.2908","1188","co"
"KPVC","PVC","PROVINCETOWN AWOS","MA","42.0723","-70.2207","8","co oc"
"KPYM","PYM","PLYMOUTH     ASOS","MA","41.9086","-70.7277","148","co oc"
"KTAN","","TAUNTON","MA","41.8756","-71.0211","43","co"
"OXBM3","","OXBOW","MA","42.5148","-71.6154","240","co"
"CWBJ","WBJ","BISSETT","MB","51.0333","-95.6667","846","co"
"CWBL","","BACHELORS_IL_(AUT)","MB","51.75","-99.9","840","co"
"CWCF","WCF","BERENS_RIVER_CS","MB","52.35","-97.03","728","co"
"CWEA","","PINAWA","MB","50.1833","-96.0667","879","co"
"CWEI","WEI","MELITA (AUTO)4/90","MB","49.2833","-100.9833","1493","co"
"CWEQ","WEQ","SWAN_RIVER_(MARS)","MB","52.12","-101.23","1099","co"
"CWGN","WGN","GRETNA (AUTO)","MB","49.0333","-97.5667","830","co"
"CWGX","","GILLAM_(AUTOB)","MB","56.37","-94.7","476","co"
"CWHH","WHH","HUNTERS POINT MAR","MB","53.03","-100.94","840","co"
"CWII","","VICTORIA_BEACH(AUT)","MB","50.7","-96.57","722","co"
"CWJD","WJD","GRAND RAPIDS","MB","53.1833","-99.2667","725","co"
"CWLO","","SHILO","MB","49.78","-99.63","1224","co"
"CWNK","WNK","CARMAN U OF M","MB","49.5","-98.0333","879","co"
"CWOJ","","OAKPOINT_MARINE","MB","50.4994","-98.0367","819","co"
"CWOO","","WILSON_CREEK_WEIR_CS","MB","50.7119","-99.53","1152","co"
"CWPO","WPO","PILOT MOUND","MB","49.2","-98.9","1558","co"
"CWSU","","SPRAGUE_(AUTO8)","MB","49.0236","-95.5983","1079","co"
"CWSZ","WSZ","FISHER_BRANCH(MARS)","MB","51.08","-97.55","830","co"
"CWUT","","SHOAL_LAKE_APT(AUT)","MB","50.45","-100.6","1840","co"
"CWWP","","WASAGAMING_(AUTO8)","MB","50.65","-99.93","2057","co"
"CWWS","","GEORGE_ISL_(MAPS)","MB","52.8167","-97.6","731","co"
"CWXB","","ROBLIN_MAN","MB","51.1833","-101.3667","1771","co"
"CWZE","","CARBERRY_CS","MB","49.9058","-99.3575","1260","co"
"CXDW","","DEERWOOD RCS","MB","49.4","-98.32","1119","co"
"CXGH","","GIMLI HARBOUR CS","MB","50.63","-96.98","712","co"
"CXMD","","MORDEN CDA CS","MB","49.18","-98.08","978","co"
"CXWN","","WINNIPEG THE FORKS","MB","49.89","-97.13","755","co"
"CYAV","YAV","WINNIPEG/ST.ANDWS","MB","50.05","-97.0333","758","co"
"CYBR","YBR","BRANDON","MB","49.9167","-99.95","1342","co"
"CYBS","YBS","BEAUSEJOUR","MB","50.0667","-96.5167","899","co"
"CYBV","YBV","BERENS RIVER","MB","52.35","-97.0333","728","co"
"CYDN","YDN","DAUPHIN","MB","51.1","-100.05","1001","co"
"CYFO","YFO CWFO CZBR","FLIN FLON","MB","54.6833","-101.6833","997","co"
"CYGM","YGM","GIMLI","MB","50.6167","-96.9833","732","co"
"CYGX","YGX","GILLAM","MB","56.3667","-94.7","476","co"
"CYIV","YIV WGB","ISLAND LAKE(AUTO)","MB","53.8667","-94.6667","781","co"
"CYNE","YNE","NORWAY HOUSE","MB","53.9667","-97.8333","732","co"
"CYPG","YPG CWPG","PORTAGE LA PRAIR.","MB","49.9","-98.2667","886","co"
"CYQD","YQD CZBN","THE PAS","MB","53.9667","-101.1","886","co"
"CYTH","YTH CZBQ","THOMPSON","MB","55.8","-97.8667","705","co"
"CYWG","YWG","WINNIPEG","MB","49.9167","-97.2333","784","co"
"CYYL","YYL","LYNN LAKE","MB","56.8667","-101.0667","1171","co"
"CZBL","ZBL","LYNN LAKE","MB","56.8833","-101.1","1201","co"
"CZBO","ZBO","NELSON HOUSE","MB","55.9167","-98.6167","925","co"
"CZKD","","KELSEY DAM CS","MB","56.04","-96.51","600","co"
"CZUG","","DELTA_MARSH_CS","MB","50.1828","-98.3822","814","co"
"188557","","STEVENSVILLE 2 SW","MD","38.975","-76.3422","10","co"
"44042","","PATOMIC","MD","38.0331","-76.3356","10","co oc"
"44043","","PATAPSCO","MD","39.1519","-76.3911","10","co"
"44057","","SUSQUEHANNA","MD","39.544","-76.075","10","co"
"44061","","UPPER POTOMAC","MD","38.785","-77.036","10","co"
"44062","","GOOSES REEF","MD","38.553","-76.415","10","co"
"44063","","ANNAPOLIS","MD","38.963","-76.448","10","co"
"44067","","POTOMAC RIVER","MD","38.368","-76.996","9","co"
"ANBM2","","ANTIETAM NB","MD","39.4894","-77.7533","450","co"
"APAM2","","ANNAPOLIS","MD","38.983","-76.48","13","co"
"ASTM2","","ASSATEAGUE ISLAND","MD","38.0817","-75.2044","12","co oc"
"BISM2","","8571421-BISHOPS HEAD","MD","38.22","-76.04","23","co oc"
"BLWM2","","BLACKWATER","MD","38.4458","-76.0931","15","co"
"CAMM2","","CAMBRIDGE","MD","38.5733","-76.0683","12","co"
"CHCM2","","CHESAPEAKE CITY","MD","39.5267","-75.81","22","co"
"COVM2","K66W","COVE POINT","MD","38.4319","-76.3869","20","co"
"CPVM2","","CHESAPEAKE BAY","MD","38.995","-76.388","10","co"
"CVLM2","","CEDARVILLE","MD","38.6524","-76.8161","209","co"
"FOXM2","","CATOCTIN MOUNTAIN","MD","39.6514","-77.4933","1485","co"
"FSKM2","","FRANCIS SCOTT KEY BR","MD","39.2192","-76.528","22","co"
"GRDM2","","GREEN RIDGE","MD","39.6874","-78.422","1090","co"
"HNWS","","SILVER SPRING","MD","38.9933","-77.0317","338","co"
"HTHU","","THURMONT","MD","39.6673","-77.4041","1144","co"
"K2G4","","GARRETT_CNTY_AIRPORT","MD","39.5803","-79.3394","2933","co"
"K2W6","","ST_MARYS_CNTY_RGNL_A","MD","38.3154","-76.5501","144","co"
"KADW","ADW","ANDREWS AFB","MD","38.8167","-76.8667","276","co"
"KAPG","APG","ABERDEEN","MD","39.4667","-76.1667","56","co"
"KBWI","BWI BAL","BALTIMORE","MD","39.1833","-76.6667","155","co"
"KCBE","","GREATER_CUMBERLAND_R","MD","39.6154","-78.7609","775","co"
"KCGE","","CAMBRIDGE-DORCHESTER","MD","38.5393","-76.0304","19","co"
"KCGS","","COLLEGE_PARK_AIRPORT","MD","38.9806","-76.9223","49","co"
"KDMH","","BALTIMORE_(ASOS)","MD","39.2811","-76.61","19","co"
"KDMW","","CARROLL_CNTY_ARPT","MD","39.6083","-77.0077","789","co"
"KEDG","EDG","EDGEWOOD","MD","39.3833","-76.3","30","co"
"KESN","","EASTON/NEWMAN FLD","MD","38.8042","-76.069","72","co"
"KFDK","","FREDERICK MUNI AIRPO","MD","39.42","-77.37","308","co"
"KFME","FME","FORT MEADE","MD","39.0854","-76.7594","151","co"
"KGAI","","MONTGOMERY_CNTY_AIRP","MD","39.1683","-77.166","538","co"
"KHGR","HGR","HAGERSTOWN","MD","39.7","-77.7167","702","co"
"KJWX","","FORT_RITCHIE","MD","39.73","-77.43","276","co"
"KMTN","MTN","GLENN MARTIN APRT","MD","39.3333","-76.4167","23","co"
"KNAK","","US NAVAL ACADEMY","MD","38.9914","-76.4833","7","co"
"KNHK","NHK","PATUXENT R.NAS","MD","38.286","-76.4118","39","co"
"KNUI","","ST._INIGOES/WEBSTER_","MD","38.1417","-76.4292","19","co"
"KOXB","","OCEAN_CITY","MD","38.3106","-75.1239","13","co oc"
"KRJD","","RIDGELY_AIRPARK","MD","38.9701","-75.8663","65","co"
"KRSP","KDVD","CAMP DAVID","MD","39.645","-77.468","1841","co"
"KSBY","SBY","SALISBURY","MD","38.3392","-75.5042","48","co oc"
"KW06","W06","CRISFIELD","MD","37.9833","-75.8667","99999","oc"
"KW29","","BAY_BRIDGE_ARPT/STEV","MD","38.9767","-76.33","49","co"
"KW41","W41","CRISFIELD-SOMERSET C","MD","38.0182","-75.8269","4","co oc"
"PPTM2","","PINEY POINT","MD","38.13","-76.53","30","co"
"PREM2","","PATUXENT","MD","39.0549","-76.8238","200","co"
"PWLM2","","POWELLVILLE","MD","38.3578","-75.4309","53","co oc"
"SLIM2","","SOLOMONS ISLAND","MD","38.32","-76.45","0","co"
"SOLM2","188405","SOLOMONS","MD","38.3167","-76.45","12","co"
"SSQM2","","SUSQUEHANNA","MD","39.6074","-76.1598","369","co"
"TCBM2","NP003","TOLCHESTER BEACH","MD","39.2133","-76.245","14","co"
"TPLM2","TPLM K65W","THOMAS POINT","MD","38.899","-76.436","40","co"
"44005","4005","GULF OF MAINE","ME","43.1867","-69.1633","16","co oc"
"44007","4007","PORTLAND","ME","43.5314","-70.1442","16","co oc"
"44027","","JONESPORT","ME","44.2725","-67.3144","16","co oc"
"44030","","BUOY B/WRN MAINE SHF","ME","43.1808","-70.4278","13","co oc"
"44031","","BUOY C/CASCO BAY","ME","43.5694","-70.055","13","co oc"
"44032","","BUOY E/CNTL MAINE SH","ME","43.7131","-69.3556","13","co oc"
"44033","","BUOY F/W PENOBSCOT B","ME","44.0556","-68.9981","13","co oc"
"44034","","BUOY I/ERN MAINE SHF","ME","44.1058","-68.1086","13","co oc"
"44035","","BUOY J/COBSCOOK BAY","ME","44.8911","-67.0172","13","co oc"
"44037","","BUOY M/JORDAN BASIN","ME","43.4908","-67.8797","13","co oc"
"44038","","BUOY L/SCOTIAN SHELF","ME","43.625","-66.5544","13","co oc"
"ANPM1","","MCFARLAND HILL","ME","44.3769","-68.2608","424","co oc"
"ATGM1","","BAR HARBOR","ME","44.392","-68.205","11","co oc"
"BBRM1","","BIG BLACK RIVER","ME","47.4444","-69.1631","775","co"
"CFWM1","","CUTLER FARRIS WHARF","ME","44.657","-67.21","28","co oc"
"DANM1","","DANFORTH","ME","45.6667","-67.8667","380","co"
"DICM1","","ST JOHN RIVER AT DIC","ME","47.1131","-69.0881","609","co"
"ESCM1","","ESTCOURT STATION","ME","46.8939","-69.7522","779","co"
"IAHM1","","ISLE AU HAUT","ME","44.0667","-68.6417","0","co oc"
"K0B1","0B1","BETHEL RGNL","ME","44.4252","-70.8099","674","co"
"K14B","14B","GREAT DUCK ISLAND","ME","44.15","-68.25","99999","oc"
"K1B0","1B0","DEXTER RGNL","ME","45.0045","-69.2374","533","co"
"K2B7","2B7","PITTSFIELD MUNI","ME","44.7685","-69.3744","197","co"
"K3B1","3B1","GREENVILLE MUNI","ME","45.4628","-69.5517","1402","co"
"K40B","40B","CLAYTON L.(RAMOS)","ME","46.6167","-69.5333","1031","co"
"K43B","43B","DEBLOIS FLIGHT STRIP","ME","44.7269","-67.9914","218","co"
"K44B","44B","CHARLES A CHASE JR M","ME","45.1775","-69.2447","520","co"
"K57B","57B","ISLESBORO","ME","44.3025","-68.9106","88","co oc"
"K59B","59B","NEWTON FIELD","ME","45.6328","-70.2488","1178","co"
"K65B","65B","LUBEC MUNI","ME","44.8366","-67.027","85","co oc"
"K6B2","6B2","GREENVILLE (AMOS)","ME","45.4667","-69.5833","1050","co"
"K81B","81B","OXFORD COUNTY RGNL","ME","44.1574","-70.4813","345","co"
"K8B0","","RANGELEY","ME","44.9919","-70.6646","1825","co"
"K8BO","","RANGLEY","ME","44.58","-70.42","1811","co"
"K93B","93B","STONINGTON MUNI","ME","44.1732","-68.6803","32","co oc"
"KAUG","AUG","AUGUSTA","ME","44.3156","-69.7972","350","co"
"KB19","B19","BIDDEFORD MUNI","ME","43.4641","-70.4724","157","co"
"KB21","B21","SUGARLOAF RGNL","ME","45.0854","-70.2164","885","co"
"KBGR","BGR","BANGOR","ME","44.8","-68.8167","192","co"
"KBHB","BHB","BAR HARBOR (AWOS)","ME","44.45","-68.3667","84","co oc"
"KBST","","BELFAST MUNI","ME","44.4094","-69.0118","198","co oc"
"KBXM","","BRUNSWICK EXECUTIVE","ME","43.8924","-69.9388","75","co"
"KCAR","CAR","CARIBOU","ME","46.8667","-68.0167","628","co"
"KEPM","","EASTPORT MUNI","ME","44.9101","-67.0127","45","co oc"
"KFVE","FVE","FRENCHVILLE","ME","47.2833","-68.3167","987","co"
"KGNR","3B1 K3B1","GREENVILLE","ME","45.4622","-69.5953","1002","co"
"KGYX","","GRAY  WFO","ME","43.8925","-70.255","384","co"
"KHUL","HUL","HOULTON","ME","46.1189","-67.7939","476","co"
"KIWI","IWI 9B9","WISCASSET      ASOS","ME","43.9667","-69.7167","66","co"
"KIZG","IZG KB20","FRYEBURG       ASOS","ME","43.9833","-70.95","446","co"
"KKJM1","","KOKADJO","ME","45.6729","-69.4463","1246","co"
"KLEW","LEW","AUBURN/LWSTN AWOS","ME","44.05","-70.2833","271","co"
"KLIZ","LIZ","LORING AFB","ME","46.95","-67.8833","745","co"
"KLRG","","LINCOLN RGNL","ME","45.3622","-68.5347","208","co"
"KMLT","MLT","MILLINOCKET  ASOS","ME","45.65","-68.6833","401","co"
"KMNBT","MNBT","PORTLAND LS","ME","43.5333","-70.1","99999","oc"
"KMVM","","MACHIAS VALLEY","ME","44.7031","-67.4786","96","co oc"
"KNHZ","NHZ","BRUNSWICK NAS","ME","43.8922","-69.9387","75","co"
"KOWK","","CENTRAL MAINE ARPT O","ME","44.7155","-69.8665","270","co"
"KPNN","","PRINCETON MUNI","ME","45.2007","-67.5644","266","co"
"KPQI","PQI","PRESQUE ISLE AWOS","ME","46.7","-68.05","534","co"
"KPWM","PWM","PORTLAND     ASOS","ME","43.65","-70.3167","63","co"
"KRKD","RKD","ROCKLAND","ME","44.0667","-69.1167","59","co oc"
"KSFM","","SANFORD_MUNI_(AWOS)","ME","43.3939","-70.708","243","co"
"KWVL","WVL","WATERVILLE (AWOS)","ME","44.5333","-69.6667","322","co"
"MDRM1","MDRM 21B","MOUNT DESERT ROCK","ME","43.9683","-68.1283","54","co oc"
"MISM1","MISM 19B","MATINICUS ROCK","ME","43.7833","-68.855","55","co oc"
"MWRM1","","MOOSEHORN","ME","45.1143","-67.2806","210","co oc"
"OXBM1","","OXBOW","ME","46.423","-68.553","698","co"
"PATM1","","PATTEN","ME","46.0259","-68.4977","810","co"
"PCLM1","176881","PORT CLYDE","ME","43.9167","-69.2667","30","co oc"
"PNNM1","","PRINCETON","ME","45.192","-67.559","214","co"
"PSBM1","","EASTPORT","ME","44.9033","-66.983","24","co oc"
"RA005","","CHIMNEY POND","ME","45.9203","-68.9056","2808","co"
"RA020","","CADILLAC MOUNTAIN","ME","44.3517","-68.2269","1522","co oc"
"RCWM1","","RACHEL CARSON - FTS","ME","43.279","-70.59","50","co"
"SHZM1","","SUNKHAZE MEADOWS","ME","44.9515","-68.6141","50","co"
"SMBM1","","SMITH BROOK","ME","46.4547","-68.9519","1180","co"
"TNBM1","","TURNER BROOK","ME","46.2972","-69.8469","1280","co"
"WELM1","","WELLS","ME","43.32","-70.563","24","co"
"WFDM1","","WESTFIELD","ME","46.5969","-67.9317","500","co"
"PKMJ","","MAJURO AIRPORT","MH","7.0643","171.2699","10","oc"
"PKMR","","MAJURO ATOLL WSO","MH","7.0864","171.3908","13","oc"
"45001","","MID SUPERIOR","MI","48.0728","-87.7769","600","co oc"
"45002","","N MICHIGAN","MI","45.3286","-86.4167","579","co oc"
"45003","","N HURON","MI","45.3503","-82.84","581","co oc"
"45004","","E SUPERIOR","MI","47.5719","-86.5494","600","co oc"
"45006","","W SUPERIOR","MI","47.3481","-89.825","600","co oc"
"45007","","S MICHIGAN","MI","42.675","-87.025","600","co oc"
"45008","","S HURON","MI","44.2833","-82.4164","581","co oc"
"45022","","LITTLE TRAVERSE BAY","MI","45.403","-85.088","577","co oc"
"45023","","PORTAGE CANAL","MI","42.279","-88.611","10","co"
"45024","","LUDINGTON","MI","43.977","-86.56","577","co oc"
"45025","","SOUTH ENTRANCE KEWEE","MI","46.95","-88.409","600","co oc"
"45026","","ST JOSEPH","MI","41.983","-86.617","577","co"
"45029","","HOLLAND","MI","42.801","-86.264","577","co oc"
"45161","","MUSKEGON","MI","43.179","-86.336","577","co"
"45162","","ALPENA","MI","44.984","-83.269","577","co oc"
"45163","","SAGINAW BAY","MI","43.988","-83.599","577","co oc"
"45165","","MONROE","MI","41.806","-83.271","571","co oc"
"45168","","SOUTH HAVEN","MI","42.396","-86.331","581","co"
"45171","","GRANITE ISLAND BUOY","MI","46.724","-87.411","600","co oc"
"45172","","GRAND MARAIS","MI","46.741","-85.976","600","co oc"
"AGCM4","","ALGONAC","MI","42.621","-82.527","581","co"
"AGRM4","","ALGER","MI","44.1292","-84.1228","783","co"
"APNM4","","ALPENA","MI","45.0464","-83.4455","582","co oc"
"ATAM4","","ATLANTA","MI","45.1496","-84.1857","895","co"
"BCYM4","","BARTON CITY","MI","44.6648","-83.5876","833","co"
"BDLM4","","PLAINWELL","MI","42.6631","-85.647","741","co"
"BDWM4","","BALDWIN","MI","43.8764","-85.8514","820","co"
"BIGM4","","BIG BAY","MI","46.8297","-87.7297","607","co oc"
"BPLM4","","BARAGA PLAINS","MI","46.5976","-88.6257","1269","co oc"
"BSBM4","","BIG SABLE POINT","MI","44.0547","-86.5139","604","co"
"CLSM4","","ST CLAIR SHORES","MI","42.4711","-82.8767","574","co"
"DOEM4","","DOE LAKE","MI","46.2536","-86.7142","815","co"
"DTLM4","","DE TOUR VILLAGE","MI","45.992","-83.8972","586","co oc"
"EVAM4","","EVART","MI","43.9017","-85.2452","1112","co"
"FPTM4","","FAIRPORT","MI","45.6189","-86.6594","604","co"
"FTGM4","","FORT GRATIOT","MI","43.0067","-82.4233","587","co"
"GINM4","","GWINN","MI","46.2894","-87.4742","1225","co"
"GRMM4","","GRAND MARAIS","MI","46.6797","-85.9697","610","co oc"
"GSLM4","","GRAVELLY SHOALS LGT","MI","44.0183","-83.5372","587","co"
"GTLM4","","GRAND TRAVERSE LGT","MI","45.2106","-85.5503","577","co"
"GTRM4","","SUPERIOR GRAND TRAV","MI","47.1789","-88.2417","623","co oc"
"GYGM4","","GRAYLING","MI","44.7189","-84.7092","1120","co"
"HASM4","","HASTINGS","MI","42.6423","-85.2876","831","co"
"HBRM4","","HIGH BRIDGE","MI","46.1258","-86.5806","253","co"
"HLNM4","","HOLLAND","MI","42.768","-86.201","586","co"
"HRAM4","","HOLLY","MI","42.8173","-83.6794","906","co"
"HRBM4","","HARBOR BEACH","MI","43.8462","-82.6433","585","co"
"INDM4","","INDIAN RIVER","MI","45.375","-84.625","700","co"
"K13C","13C","LAKEVIEW-GRIFFITH FI","MI","43.4523","-85.2646","969","co"
"K1D2","1D2","CANTON-PLYMOUTH-METT","MI","42.3478","-83.4563","696","co"
"K24C","24C","LOWELL CITY","MI","42.9547","-85.3456","681","co"
"K27C","27C","MECOSTA MORTON","MI","43.63","-85.2615","1022","co"
"K35D","35D","PADGHAM FIELD","MI","42.5304","-85.8238","706","co"
"K3CM","3CM","JAMES CLEMENTS MUNI","MI","43.5469","-83.8955","585","co"
"K3GM","3GM","GRAND HAVEN MEMORIAL","MI","43.0341","-86.1982","604","co"
"K3RC","3RC","ROSCOMMON CONSERVATI","MI","44.4738","-84.5637","1157","co"
"K3RN","3RN","GRAYLING AFR","MI","44.6833","-84.7333","1270","co"
"K3TR","3TR","JERRY TYLER MEMORIAL","MI","41.8359","-86.2252","750","co"
"K40C","40C","WATERVLIET MUNI","MI","42.2","-86.25","656","co"
"K42C","42C","WHITE CLOUD","MI","43.5598","-85.7742","914","co"
"K48D","48D","CLARE MUNI","MI","43.8344","-84.7402","856","co"
"K4D0","4D0","ABRAMS MUNI","MI","42.7749","-84.7331","841","co"
"K50D","50D","IRON COUNTY","MI","46.0091","-88.274","1340","co"
"K50G","50G","HOWARD NIXON MEMORIA","MI","43.181","-84.1324","643","co"
"K51M","51M","OSCODA COUNTY DENNIS","MI","44.6748","-84.122","1033","co"
"K5D5","5D5","WOOLSEY MEMORIAL","MI","45.1643","-85.5755","628","co"
"K5Y0","5Y0","HARRISVILLE","MI","44.6682","-83.3051","675","co"
"K5Y1","5Y1","ALBERT J LINDBERG","MI","46.0354","-84.4177","760","co oc"
"K5Y2","5Y2","HOUGHTON LAKE STATE","MI","44.3292","-84.7917","1165","co"
"K5Y4","5Y4","LOST CREEK","MI","44.66","-84.2375","1051","co"
"K5Y7","5Y7","HANLEY FIELD","MI","46.3541","-86.621","984","co"
"K61D","61D","PLAINWELL MUNI","MI","42.4678","-85.648","722","co"
"K6D6","6D6","GREENVILLE MUNI","MI","43.1421","-85.2539","855","co"
"K6D9","6D9","IOSCO COUNTY","MI","44.3128","-83.4223","605","co"
"K6Y1","6Y1","BOIS BLANC ISLAND","MI","45.7663","-84.5038","664","co oc"
"K6Y3","6Y3","NORTH FOX ISLAND","MI","45.4821","-85.7808","639","co oc"
"K6Y5","6Y5","TWO HEARTED AIRSTRIP","MI","46.6933","-85.4221","680","co"
"K6Y6","6Y6","ST HELEN","MI","44.368","-84.4022","1198","co"
"K77G","77G","MARLETTE TOWNSHIP","MI","43.3118","-83.0909","895","co"
"K7D3","7D3","BALDWIN MUNI","MI","43.8755","-85.8421","828","co"
"K7Y2","7Y2","THOMPSONVILLE","MI","44.5178","-85.9706","793","co"
"K80D","80D","CLARE COUNTY","MI","44.0523","-84.8131","1142","co"
"K83D","83D","MACKINAC COUNTY","MI","45.8914","-84.7381","624","co oc"
"K8D4","8D4","PAUL C MILLER-SPARTA","MI","43.1274","-85.6791","775","co"
"K98G","98G","SEBEWAING","MI","43.7295","-83.4636","584","co"
"K9C8","9C8","EVART MUNI","MI","43.8949","-85.2848","1020","co"
"K9D9","9D9","HASTINGS","MI","42.6633","-85.3458","800","co"
"K9G2","9G2","PRICES","MI","42.8076","-83.769","919","co"
"KACB","","ANTRIM","MI","44.99","-85.2","623","co"
"KADG","","ADRIAN","MI","41.8678","-84.0794","798","co"
"KAMN","","ALMA","MI","43.32","-84.69","755","co"
"KANJ","Y62 KY62 SSM","SAULT STE MARIE","MI","46.4794","-84.3572","721","co"
"KAPN","APN","ALPENA         ASOS","MI","45.0667","-83.5667","693","co"
"KAPX","","GAYLORD  WFO","MI","44.9075","-84.7189","1464","co"
"KARB","ARB","ANN ARBOR","MI","42.2167","-83.75","840","co"
"KAZO","AZO","KALAMAZOO","MI","42.2333","-85.55","873","co"
"KBAX","76D","BAD AXE","MI","43.78","-82.99","768","co"
"KBEAR","BEAR","ONEKAMA (BEAR LK)","MI","44.3833","-86.1167","910","co"
"KBEH","BEH","BENTON HARBOR","MI","42.1333","-86.4333","643","co"
"KBELD","BELD","BELDING","MI","43.1167","-85.3167","970","co"
"KBIV","HOLL","HOLLAND/TULIP CITY","MI","42.7461","-86.0967","686","co"
"KBTL","BTL","BATTLE CREEK","MI","42.3","-85.2333","942","co"
"KBULA","BULA","ARCADIA (BEULAH)","MI","44.5333","-86.1333","800","co"
"KC04","C04","OCEANA COUNTY","MI","43.6416","-86.3291","916","co"
"KC91","C91","DOWAGIAC MUNI","MI","41.9929","-86.1283","747","co"
"KCAD","","CADILLAC/WEXFORD_CO","MI","44.28","-85.42","1306","co"
"KCFS","K78D","CARO/TUSCOLA_AREA_AR","MI","43.4588","-83.4455","701","co"
"KCIU","CIU INR","CHIPPEWA INTL AP","MI","46.25","-84.4667","801","co oc"
"KCMX","CMX","HANCOCK","MI","47.1656","-88.4806","1074","co oc"
"KCVX","","CHARLEVOIX","MI","45.3","-85.27","669","co oc"
"KD15","D15","LAKE ISABELLA - CAL","MI","43.6445","-84.982","886","co"
"KD90","D90","MANCELONA MUNI","MI","44.925","-85.0667","1133","co"
"KD95","D95","LAPEER","MI","43.0665","-83.2715","837","co"
"KD98","D98","ROMEO STATE","MI","42.7963","-82.9743","739","co"
"KDET","DET","DETROIT CITY APRT","MI","42.4072","-83.0092","626","co"
"KDRM","","DRUMMOND_ISLAND_ARPT","MI","46.0093","-83.7439","669","co oc"
"KDTW","DTW","DETROIT      ASOS","MI","42.2333","-83.3333","664","co"
"KDTX","","WHITE LAKE  WFO","MI","42.6869","-83.4717","1072","co"
"KDUH","","TOLEDO SUBURBAN ARPT","MI","41.74","-83.66","669","co"
"KEDMR","EDMR","EDMORE","MI","43.3667","-85.0667","970","co"
"KEMPR","EMPR","EMPIRE","MI","44.8","-86.05","761","co oc"
"KENTC","ENTC","KENT CITY","MI","43.2","-85.7667","840","co"
"KERY","","NEWBERRY","MI","46.31","-85.46","869","co oc"
"KESC","202626 ESC","ESCANABA","MI","45.75","-87.0333","591","co"
"KFENN","FENN","FENNVILLE","MI","42.6","-86.15","710","co"
"KFFX","","FREMONT MUNI","MI","43.4393","-85.9949","771","co"
"KFKS","","FRANKFORT_DOW_MEM_FI","MI","44.6252","-86.2008","632","co oc"
"KFNT","FNT","FLINT        ASOS","MI","42.9667","-83.7333","766","co"
"KFPK","","FITCH BEACH AIRPORT","MI","42.57","-84.81","892","co"
"KFREM","FREM","FREMONT","MI","43.45","-86.0333","800","co"
"KGDW","","GLADWIN ZETTEL MEMOR","MI","43.9706","-84.475","774","co"
"KGJCT","GJCT","GRAND JUNCTION","MI","42.4","-86.1","685","co"
"KGLEN","GLEN","GLENDORA","MI","41.8667","-86.5","675","co"
"KGLR","","OTSEGO_COUNTY_ARPT","MI","45.01","-84.7","1325","co"
"KGOV","","GRAYLING AAF AIRPORT","MI","44.68","-84.73","1158","co"
"KGRAM","GRAM","GRAHAM","MI","42.9667","-85.7333","758","co"
"KGRAN","GRAN","GRANT","MI","43.3167","-85.75","800","co"
"KGRR","GRR","GRAND RAPIDS ASOS","MI","42.8833","-85.5167","803","co"
"KHAI","","THREE_RIVERS_MUNI_AR","MI","41.9598","-85.5934","823","co"
"KHLM","","PARK TOWNSHIP","MI","42.7959","-86.162","603","co"
"KHTL","203936 HTL","HOUGHTON LAKE WSO AP","MI","44.3678","-84.6908","1151","co"
"KHUDS","HUDS","HUDSONVILLE","MI","42.85","-85.9","625","co"
"KHYX","","SAGINAW/BROWNE","MI","43.43","-83.86","600","co"
"KIKW","K3BS","MIDLAND JACK BARSTOW","MI","43.6629","-84.2613","636","co"
"KIMT","IMT","IRON MOUNTAIN","MI","45.8167","-88.1167","1175","co"
"KIRS","","STURGIS","MI","41.81","-85.44","925","co"
"KISQ","","MANISTIQUE","MI","45.97","-86.17","686","co"
"KIWD","IWD","IRONWOOD","MI","46.5333","-90.1333","1247","co"
"KJXN","JXN","JACKSON","MI","42.2667","-84.4667","998","co"
"KJYM","Y85","HILLSDALE","MI","41.92","-84.59","1181","co"
"KLAN","LAN","LANSING","MI","42.7833","-84.6","874","co"
"KLDM","","LUDINGTON/MASON APRT","MI","43.9667","-86.4","646","co"
"KLELA","LELA","LAKE LEELANAU","MI","45.0167","-85.7167","705","co oc"
"KLKCT","LKCT","LAKE CITY","MI","44.3","-85.2","1230","co"
"KLUDI","LUDI","LUDINGTON","MI","43.8667","-86.4","720","co"
"KLWA","K0D1","SOUTH_HAVEN_AREA_RGN","MI","42.3512","-86.2556","666","co"
"KM99","M99","SHADY LANE","MI","43.0612","-84.5484","680","co"
"KMAPL","MAPL","MAPLETON","MI","44.9167","-85.5167","850","co"
"KMBL","MBL","MANISTEE","MI","44.2667","-86.25","620","co"
"KMBS","MBS","SAGINAW","MI","43.5333","-84.0833","669","co"
"KMCD","","MACKINAC_ISLAND","MI","45.87","-84.63","741","co oc"
"KMEAR","MEAR","MEARS","MI","43.6667","-86.4167","800","co"
"KMGN","","HARBOR SPRINGS ARPT","MI","45.43","-84.91","686","co"
"KMHUN","MHUN","HURON NORTH","MI","45.5","-83","577","co oc"
"KMHUS","MHUS","HURON SOUTH","MI","44","-82.3333","577","co oc"
"KMKG","MKG","MUSKEGON","MI","43.1667","-86.2333","633","co"
"KMMIC","MMIC","MICHIGAN CENTRAL","MI","44","-87","577","co oc"
"KMMIN","MMIN","MICHIGAN NORTH","MI","45.5","-86","577","co oc"
"KMMIS","MMIS","MICHIGAN SOUTH","MI","42.4","-87","577","co oc"
"KMNM","MNM","MENOMINEE","MI","45.1167","-87.6333","627","co"
"KMOP","","MOUNT PLEASANT MUNI","MI","43.62","-84.74","755","co"
"KMQT","MQT","MARQUETTE","MI","46.5333","-87.55","1425","co"
"KMSUC","MSUC","SUPERIOR CENTRAL","MI","47.9","-88","600","co oc"
"KMSUE","MSUE","SUPERIOR EAST","MI","47.1667","-86","600","co oc"
"KMSUH","MSUH","MSU HORT FARM","MI","42.7","-84.4667","888","co"
"KMSUW","MSUW","SUPERIOR WEST","MI","47.25","-90","600","co oc"
"KMTC","MTC","MT.CLEMENS","MI","42.6","-82.8333","577","co"
"KN98","N98","BOYNE CITY MUNI","MI","45.2088","-84.9899","660","co"
"KNUNI","206060","NUNICA","MI","43.0833","-86.15","630","co"
"KOEB","COLD D96","COLDWATER","MI","41.9333","-85.0525","958","co"
"KOGM","","ONTONAGON COUNTY - S","MI","46.8455","-89.3671","665","co oc"
"KONZ","","DETROIT/GROSSE_ILE","MI","42.1","-83.16","591","co oc"
"KOSC","OSC","WURTSMITH AFB","MI","44.45","-83.4","633","co"
"KOZW","","HOWELL","MI","42.63","-83.98","961","co"
"KP53","","MUNISING","MI","46.4119","-86.6508","614","co"
"KP58","P58","PORT HOPE (RAMOS)","MI","44.0219","-82.7931","587","co oc"
"KP59","P59","COPPER HAR(RAMOS)","MI","47.4667","-87.8667","623","co oc"
"KP75","P75","MANISTIQUE","MI","45.9167","-86.23","584","co"
"KPAWP","PAWP","PAW PAW","MI","42.2167","-85.85","790","co"
"KPEAC","PEAC","PEACH RIDGE","MI","43.0333","-85.7667","900","co"
"KPHN","","PORT HURON","MI","42.9111","-82.5289","650","co"
"KPLN","PLN","PELLSTON","MI","45.5644","-84.7928","716","co"
"KPTK","PTK","PONTIAC","MI","42.6667","-83.4167","981","co"
"KPZQ","","ROGERS_CITY/PRESQUE","MI","45.4071","-83.8129","669","co"
"KRMY","5D8","MARSHALL","MI","42.25","-84.96","942","co"
"KRNP","","OWOSSO_COMMUNITY_ARP","MI","42.993","-84.1389","736","co"
"KRQB","","BIG RAPIDS","MI","43.72","-85.5","991","co"
"KSAW","SAW","GWINN","MI","46.35","-87.4","1220","co"
"KSJX","","BEAVER ISLAND ARPT","MI","45.69","-85.57","669","co oc"
"KSLH","KY15","CHEBOYGAN CNTY ARPT","MI","45.65","-84.52","640","co oc"
"KSODU","SODU","SODUS","MI","42.0333","-86.4","600","co"
"KTEW","","MASON","MI","42.57","-84.42","919","co"
"KTNM4","","KENTON","MI","46.6069","-88.9067","1262","co oc"
"KTTF","","MONROE","MI","41.94","-83.44","617","co"
"KTVC","TVC","TRAVERSE CITY","MI","44.7366","-85.57","623","co"
"KVLET","VLET","WATERVLIET","MI","42.1667","-86.2667","675","co"
"KVLL","K7D2","OAKLAND/TROY_ARPT","MI","42.5429","-83.1779","729","co"
"KWADN","WADN","KEWADIN","MI","44.9833","-85.35","700","co"
"KY31","Y31","WEST BRANCH COMMUNIT","MI","44.2448","-84.1798","883","co"
"KY47","Y47","OAKLAND SOUTHWEST","MI","42.5031","-83.6237","926","co"
"KY65","Y65","CALVIN CAMPBELL MUNI","MI","45.4083","-84.6","602","co"
"KY70","Y70","IONIA COUNTY ARPT","MI","42.938","-85.0606","818","co"
"KY73","Y73","STAMBAUGH","MI","46.0788","-88.6355","1618","co"
"KY83","Y83","SANDUSKY CITY","MI","43.4556","-82.8418","777","co"
"KY87","Y87","EMPIRE","MI","44.7905","-86.0028","944","co oc"
"KY88","Y88","GREEN LAKE","MI","44.6057","-85.7568","866","co"
"KY89","Y89","KALKASKA CITY","MI","44.7252","-85.2031","1030","co"
"KY93","Y93","ATLANTA MUNI","MI","44.9969","-84.1272","880","co"
"KY94","Y94","EAST JORDAN CITY","MI","45.1302","-85.1068","642","co oc"
"KY95","Y95","HILLMAN","MI","45.0832","-83.9385","850","co"
"KY96","Y96","LEO E GOETZ COUNTY","MI","45.3708","-84.225","830","co"
"KY98","Y98","GRAND MARAIS","MI","46.6204","-85.9201","838","co oc"
"KYIP","YIP","WILLOW RUN APRT","MI","42.2333","-83.5333","715","co"
"LBRM4","","LA BRANCHE","MI","45.8843","-87.4884","983","co"
"LDTM4","","LUDINGTON","MI","43.9467","-86.4417","585","co"
"LEOM4","","LEOTA","MI","44.1186","-84.9183","1089","co"
"LPNM4","","ALPENA","MI","45.0633","-83.4283","584","co oc"
"LTRM4","","LITTLE RAPIDS","MI","46.485","-84.3","31","co"
"MACM4","","MACKINAW CITY","MI","45.778","-84.719","589","co oc"
"MBRM4","","MOUTH OF THE RIVER","MI","42.975","-82.419","586","co"
"MCGM4","","MARQUETTE CG","MI","46.544","-87.3785","612","co"
"MEEM4","","MANISTEE HARBOR","MI","44.248","-86.346","584","co oc"
"MKGM4","","MUSKEGON","MI","43.2266","-86.3415","588","co"
"MMOM4","","MIO","MI","44.6761","-84.1283","1050","co"
"MNMM4","","MENOMINEE","MI","45.0958","-87.59","586","co"
"NABM4","","NAUBINWAY","MI","46.0869","-85.4431","584","co oc"
"NMIM4","","NORTH MANITOU","MI","45.1227","-85.9782","697","co oc"
"OJIM4","","OJIBWAY","MI","48.1091","-88.6073","1133","co oc"
"PCLM4","","PORTAGE CANAL","MI","47.2756","-88.5278","643","co oc"
"PIEM4","","PELKIE","MI","46.7797","-88.663","760","co oc"
"PILM4","","PASSAGE ISLAND","MI","48.2233","-88.3667","641","co oc"
"PNLM4","","PORT INLAND","MI","45.97","-85.8711","587","co"
"PRKM4","","MUNISING","MI","46.4258","-86.62","742","co"
"PSCM4","","PORT SANILAC","MI","43.4225","-82.5358","623","co"
"PTIM4","","POINT IROQUOIS","MI","46.4843","-84.6317","607","co oc"
"RACM4","","RACO","MI","46.358","-84.8039","750","co oc"
"RANM4","","RANDVILLE","MI","46","-88.06","1255","co"
"RCKM4","","ROCK CUT","MI","46.2646","-84.191","27","co oc"
"REXM4","","REXTON","MI","46.1532","-85.2707","862","co oc"
"ROAM4","","ROCK OF AGES","MI","47.8663","-89.3143","602","co oc"
"RSCM4","","ROSCOMMON","MI","44.4718","-84.5707","1176","co"
"RYDM4","","RUDYARD","MI","46.2408","-84.5111","700","co oc"
"SBDM4","","BEAR","MI","44.7612","-86.0586","617","co oc"
"SBLM4","","SAGINAW BAY LIGHT 1","MI","43.806","-83.719","591","co oc"
"SCKM4","","SILVER CREEK","MI","44.3764","-83.5997","704","co"
"SJOM4","","ST JOSEPH","MI","42.0989","-86.4942","597","co"
"SNYM4","","SENEY","MI","46.2403","-85.9428","900","co"
"SPCM4","","SPINCICH LAKE","MI","46.4578","-85.6272","896","co"
"SRLM4","","SPECTACLE REEF LIGHT","MI","45.773","-84.137","581","co oc"
"STDM4","","STANNARD ROCK","MI","47.1828","-87.226","600","co oc"
"STOM4","","STONINGTON","MI","45.9011","-86.9311","643","co"
"SVNM4","","SOUTH HAVEN","MI","42.4014","-86.288","577","co"
"SWPM4","","SOUTHWEST PIER","MI","46.5012","-84.3733","30","co"
"TBIM4","","THUNDER BAY ISLAND","MI","45.035","-83.194","577","co oc"
"TRLM4","","TROUT LAKE","MI","46.1899","-84.9811","867","co oc"
"WINM4","","WINDIGO","MI","47.9113","-89.1426","962","co oc"
"WKFM4","","WAKEFIELD","MI","46.4403","-89.8267","1200","co"
"WLLM4","","WELLSTON","MI","44.2222","-85.9416","796","co"
"WMTM4","","WATERSMEET","MI","46.2689","-89.17","1605","co"
"WNEM4","","WEST NEEBISH","MI","46.2831","-84.205","39","co oc"
"WSLM4","","WHITE SHOAL LIGHT","MI","45.842","-85.135","581","co oc"
"45027","","NORTH OF DULUTH","MN","46.864","-91.929","600","co"
"AGRM5","","AGASSIZ","MN","48.305","-95.8742","920","co"
"BDRM5","","BADOURA","MN","46.8616","-94.7294","1475","co"
"BIRM5","","BRAINERD","MN","46.3972","-94.1303","1220","co"
"BMJM5","","BEMIDJI","MN","47.5017","-94.9251","1377","co"
"BSTM5","","BIG STONE NWR","MN","45.2611","-96.3417","878","co"
"BTTM5","","BAUDETTE","MN","48.6703","-94.6172","1113","co"
"CASM5","","CASS LAKE","MN","47.3778","-94.615","1300","co"
"CAVM5","","CARLOS AVERY","MN","45.3028","-93.1011","900","co"
"CSCM5","","SHERBURNE","MN","45.5314","-93.7522","1002","co"
"CUTM5","","CUTFOOT","MN","47.5364","-94.0544","1300","co"
"CWZT","","DAUPHIN COASTAL STAT","MN","51.1003","-100.0569","1001","co"
"DMLM5","","DETROIT LAKES","MN","46.8489","-95.8464","1385","co"
"DULM5","","DULUTH","MN","46.775","-92.0933","610","co"
"EFFM5","","EFFIE","MN","47.7794","-93.6461","1340","co"
"ELOM5","","ELY","MN","47.8286","-91.8369","1455","co"
"FRNM5","","FERNBERG","MN","47.9461","-91.495","1609","co"
"GDMM5","","GRAND MARAIS","MN","47.748","-90.3417","608","co"
"GPTM5","","GRAND PORTAGE","MN","47.9503","-89.7799","1200","co"
"HCYM5","","HILL CITY","MN","46.961","-93.5984","1295","co"
"HIBM5","","HIBBING","MN","47.3919","-92.8347","1350","co"
"ISAM5","","ISABELLA","MN","47.6197","-91.3775","1990","co"
"ITCM5","","ITASCA","MN","47.24","-95.19","1480","co"
"JMRM5","","MORA","MN","45.89","-93.2697","1012","co"
"K04W","","HINCKLEY FIELD","MN","46.0229","-92.8952","1020","co"
"K04Y","04Y","HAWLEY MUNI","MN","46.8838","-96.3506","1210","co"
"K05Y","05Y","HENNING MUNI","MN","46.3039","-95.4395","1455","co"
"K06Y","06Y","HERMAN MUNI","MN","45.83","-96.1606","1068","co"
"K07Y","07Y","HILL CITY-QUADNA MOU","MN","46.9559","-93.5974","1289","co"
"K10D","10D","WINSTED MUNI","MN","44.95","-94.0669","1030","co"
"K12D","12D","TOWER MUNI","MN","47.8182","-92.2861","1370","co"
"K12Y","12Y","LE SUEUR MUNI","MN","44.4409","-93.9158","868","co"
"K13Y","13Y","LITTLEFORK MUNI/HANO","MN","48.4083","-93.5794","1145","co"
"K14Y","","LONG_PRAIRIE","MN","45.8986","-94.8739","1332","co"
"K16D","16D","PERHAM MUNI","MN","46.611","-95.6061","1376","co"
"K18Y","18Y","MILACA MUNI","MN","45.7725","-93.6322","1100","co"
"K1D6","1D6","HECTOR MUNI","MN","44.7312","-94.7137","1078","co"
"K21D","","LAKE_ELMO_ARPT","MN","44.9975","-92.8557","932","co"
"K23D","23D","KARLSTAD MUNI","MN","48.5776","-96.5413","1025","co"
"K23Y","23Y","MURDOCK MUNI","MN","45.2222","-95.4011","1082","co"
"K25D","25D","FOREST LAKE","MN","45.2474","-92.9929","930","co"
"K3G2","3G2","GRYGLA MUNI - MEL WI","MN","48.2941","-95.626","1177","co"
"K3N8","K2N8","MAHNOMEN","MN","47.2605","-95.9281","1257","co"
"K43Y","43Y","NORTHOME MUNI","MN","47.8881","-94.2583","1430","co"
"K47Y","47Y","PELICAN RAPIDS MUNI-","MN","46.6413","-96.1041","1389","co"
"K48Y","48Y","PINEY PINECREEK BORD","MN","48.999","-95.9821","1082","co"
"K52Y","52Y","REMER MUNI","MN","47.068","-93.9141","1350","co"
"K55Y","55Y","RUSHFORD MUNI-ROBERT","MN","43.8158","-91.8301","1211","co"
"K63Y","63Y","TYLER MUNI","MN","44.2916","-96.1503","1742","co"
"K68Y","68Y","WELLS MUNI","MN","43.7333","-93.7836","1119","co"
"K6D1","6D1","BROOTEN MUNI/JOHN O","MN","45.497","-95.1042","1305","co"
"K7Y3","7Y3","BACKUS MUNI","MN","46.8269","-94.5072","1355","co"
"K7Y4","7Y4","BAGLEY MUNI","MN","47.524","-95.3637","1500","co"
"K7Y9","7Y9","BIG FALLS MUNI","MN","48.2005","-93.7624","1232","co"
"K8Y5","8Y5","CLARISSA MUNI","MN","46.113","-94.9067","1308","co"
"K9MN","","ST MARY HOSPITAL","MN","44.0198","-92.4831","1165","co"
"K9Y0","9Y0","BOWSTRING","MN","47.5582","-93.87","1372","co"
"K9Y2","9Y2","EAST GULL LAKE","MN","46.3839","-94.3736","1236","co"
"KACQ","","WASECA MUNI AP","MN","44.0735","-93.5529","1125","co"
"KADC","","WADENA","MN","46.45","-95.21","1371","co"
"KAEL","AEL","ALBERT LEA","MN","43.6833","-93.3667","1264","co"
"KAIT","","AITKIN_NDB(AWOS)","MN","46.55","-93.68","1204","co"
"KANE","ANE","ANOKA COUNTY ARPT","MN","45.15","-93.2167","912","co"
"KAQP","","APPLETON_MUNICIPAL_A","MN","45.23","-96","1020","co"
"KAUM","","AUSTIN_MUNI","MN","43.67","-92.93","1230","co"
"KAXN","AXN","ALEXANDRIA     ASOS","MN","45.8667","-95.3833","1424","co"
"KBBB","","BENSON_MUNI","MN","45.32","-95.65","1040","co"
"KBDE","BDE","BAUDETTE     ASOS","MN","48.7167","-94.6","1084","co"
"KBDH","","WILLMAR_MUNI_ARPT","MN","45.1177","-95.1304","810","co"
"KBFW","","SILVER_BAY","MN","47.249","-91.4156","1089","co"
"KBJI","BJI","BEMIDJI","MN","47.5","-94.9333","1378","co"
"KBRD","BRD","BRAINERD     ASOS","MN","46.4","-94.1333","1227","co"
"KCBG","","CAMBRIDGE_MUNI","MN","45.57","-93.27","942","co"
"KCDD","K8Y8 8Y8","CRANE LAKE (AWOS)","MN","48.2667","-92.4833","1119","co"
"KCFE","K8Y2","BUFFALO MUNI ARPT","MN","45.1589","-93.8431","967","co"
"KCHU","","HOUSTON COUNTY","MN","43.5964","-91.5039","1179","co"
"KCKC","","GRAND_MARAIS","MN","47.84","-90.36","1798","co"
"KCKN","","CROOKSTON_MUNI_FLD","MN","47.85","-96.62","896","co"
"KCNB","K27D","MYERS_FLD_ARPT/CANBY","MN","44.7295","-96.266","1191","co"
"KCOQ","","CLOQUET_(AWOS)","MN","46.7","-92.5","1280","co"
"KCQM","","COOK","MN","47.83","-92.68","1325","co"
"KD00","D00","NORMAN COUNTY ADA/TW","MN","47.2605","-96.4003","954","co"
"KD14","D14","FERTILE MUNI","MN","47.5519","-96.2922","1135","co"
"KD32","D32","STARBUCK MUNI","MN","45.5992","-95.5362","1140","co"
"KD37","D37","WARREN MUNI","MN","48.1912","-96.7113","888","co"
"KD39","D39","SAUK CENTRE MUNI","MN","45.7066","-94.9334","1243","co"
"KD41","D41","STEPHEN MUNI","MN","48.4583","-96.8628","830","co"
"KD42","D42","SPRINGFIELD MUNI","MN","44.2311","-94.9989","1073","co"
"KD81","D81","RED LAKE FALLS MUNI","MN","47.8265","-96.2598","1060","co"
"KDLH","DLH","DULUTH","MN","46.8333","-92.1833","1417","co"
"KDNM5","","KELLIHER","MN","47.9411","-94.4642","1352","co"
"KDTL","DTL","DETROIT LAKES","MN","46.8333","-95.8833","1400","co"
"KDVP","K60Y","SLAYTON MUNI AP","MN","43.9868","-95.7826","1623","co"
"KDXX","","MADISON","MN","44.99","-96.18","1083","co"
"KDYT","","DULUTH","MN","46.72","-92.04","610","co"
"KELO","ELO","ELY","MN","47.8167","-91.8333","1457","co"
"KETH","","WHEATON_NDB_(AWOS)","MN","45.7805","-96.5435","1024","co"
"KEVM","","EVELETH_MUNI_(AWOS)","MN","47.4","-92.5","1381","co"
"KFBL","FBL","FARIBAULT/MUNI","MN","44.3333","-93.3167","1060","co"
"KFCM","FCM","MINNEAPOLIS FLYCD","MN","44.8333","-93.45","961","co"
"KFFM","FFM","FERGUS FALLS","MN","46.2833","-96.15","1185","co"
"KFGN","","FLAG_ISLAND","MN","49.32","-94.88","1076","co"
"KFKA","K49Y","PRESTON/FILLMORE CO","MN","43.6768","-92.1797","1276","co"
"KFOZ","K85D","BIGFORK","MN","47.78","-93.65","1348","co"
"KFRM","FRM","FAIRMONT","MN","43.65","-94.4167","1161","co"
"KFSE","","FOSSTON(AWOS)","MN","47.5928","-95.7235","1276","co"
"KGDB","K1G2","GRANITE FALLS MUNI A","MN","44.7531","-95.5558","1047","co"
"KGHW","","GLENWOOD_(ASOS)","MN","45.65","-95.32","1394","co"
"KGNA","","GRAND_MARAIS","MN","47.75","-90.35","607","co"
"KGPZ","GPZ","GRAND RAPIDS","MN","47.2167","-93.5167","1320","co"
"KGYL","KY29","GLENCOE","MN","44.76","-94.08","991","co"
"KHCD","","HUTCHINSON_(AWOS)","MN","44.87","-94.38","1060","co"
"KHCO","","HALLOCK","MN","48.7527","-96.943","820","co"
"KHIB","HIB","HIBBING","MN","47.3806","-92.8322","1347","co"
"KHZX","K17Y","ISEDOR IVERSON ARPT","MN","46.6186","-93.3097","1227","co"
"KILL","ILL","WILLMAR (AWOS)","MN","45.1167","-95.0833","1130","co"
"KINL","INL","INTERNATIONAL FLS","MN","48.5667","-93.3833","1183","co"
"KITM5","","KITTSON","MN","48.5921","-96.4875","1060","co"
"KJKJ","","MOORHEAD","MN","46.84","-96.66","919","co"
"KJMR","","MORA_MUNI_(AWOS)","MN","45.88","-93.27","1014","co"
"KJYG","","ST._JAMES","MN","43.98","-94.55","1066","co"
"KLJF","LJF 43F Y69","LITCHFIELD_MUNI","MN","45.1","-94.5","1138","co"
"KLVN","","AIRLAKE","MN","44.63","-93.23","958","co"
"KLXL","","LITTLE_FALLS_(AWOS)","MN","45.95","-94.35","1122","co"
"KLYV","KD19","LUVERNE/AANENSON_FLD","MN","43.6212","-96.2158","1431","co"
"KMGG","","MAPLE_LAKE","MN","45.24","-93.99","1027","co"
"KMIC","MIC","MINNEAPOLIS CRYS.","MN","45.0667","-93.35","925","co"
"KMJQ","","JACKSON_MUNI_(AWOS)","MN","43.65","-94.98","1447","co"
"KMKT","MKT","MANKATO","MN","44.2167","-93.9167","1020","co"
"KMML","MML","MARSHALL  (AWOS)","MN","44.45","-95.8167","1179","co"
"KMOX","","MORRIS_MUNI_(AWOS)","MN","45.57","-95.97","1129","co"
"KMPX","","CHANHASSEN  WFO","MN","44.8492","-93.5653","946","co"
"KMSP","MSP","MINNEAPOLIS","MN","44.8833","-93.2167","838","co"
"KMVE","","MONTEVIDEO(AWOS)","MN","44.97","-95.72","1033","co"
"KMWM","","WINDOM","MN","43.92","-95.09","1411","co"
"KMZH","","MOOSE LAKE","MN","46.4167","-92.8","1076","co"
"KNMM5","","KABNAM","MN","48.4392","-93.05","1200","co"
"KONA","","WINONA_MUNI_(AWOS)","MN","44.08","-91.7","656","co"
"KORB","","ORR","MN","48.02","-92.87","1302","co"
"KOTG","OTG","WORTHINGTON AWOS","MN","43.65","-95.5833","1574","co"
"KOVL","","OLIVIA RGNL AIRPORT","MN","44.78","-95.03","1076","co"
"KOWA","","OWATONNA_(AWOS)","MN","44.12","-93.25","1148","co"
"KP39","P39","PEQUOT L.(AMOS)","MN","46.5833","-94.3167","1280","co"
"KP61","P61 GRM","TOFTE_(RAMOS)","MN","47.58","-90.83","791","co"
"KPEX","K2P3","PAYNESVILLE MUNI AP","MN","45.3723","-94.7466","1180","co"
"KPKD","PKD","PARK RAPIDS  ASOS","MN","46.9","-95.0667","1443","co"
"KPNM","","PRINCETON","MN","45.55","-93.6","978","co"
"KPQN","","PIPESTONE_(AWOS)","MN","43.98","-96.32","1736","co"
"KPWC","","PINE_RIVER","MN","46.72","-94.38","1296","co"
"KRAD","D45","WARROAD (AMOS)","MN","48.9333","-95.35","1076","co"
"KRGK","","RED_WING","MN","44.58","-92.48","784","co"
"KROS","","RUSH_CITY","MN","45.7","-92.95","922","co"
"KROX","ROX","ROSEAU","MN","48.85","-95.7","1059","co"
"KRRT","","WARROAD","MN","48.95","-95.33","1073","co"
"KRST","RST","ROCHESTER","MN","43.9167","-92.5","1320","co"
"KRWF","RWF","REDWOOD FALLS","MN","44.5447","-95.0806","1025","co"
"KSAZ","","STAPLES","MN","46.39","-94.8","1286","co"
"KSBU","","BLUE EARTH MUNI","MN","43.5954","-94.0929","1107","co"
"KSGS","KD97","SOUTH ST PAUL MUNI","MN","44.8601","-93.032","820","co"
"KSTC","STC","ST CLOUD     ASOS","MN","45.55","-94.0667","1024","co"
"KSTP","STP","ST PAUL","MN","44.9333","-93.0667","761","co"
"KSYN","","STANTON AIRFIELD","MN","44.4755","-93.0163","920","co"
"KTKC","","TRACY_MUNI_ARPT","MN","44.2491","-95.6073","1340","co"
"KTOB","K87D","DODGE_CENTER","MN","44.02","-92.83","1306","co"
"KTVF","TVF","THIEF RIVER FALLS","MN","48.0667","-96.1833","1116","co"
"KTWM","","TWO_HARBORS","MN","47.05","-91.75","1076","co"
"KULM","","NEW_ULM_MUNI_(AWOS)","MN","44.32","-94.5","1010","co"
"KVVV","","ORTONVILLE","MN","45.31","-96.43","1099","co"
"KVWU","","WASKISH_MUNI_APRT","MN","48.15","-94.52","1181","co"
"KXVG","KD33","LONGVILLE","MN","46.99","-94.2","1335","co"
"KY49","","WALKER MUNI","MN","47.1595","-94.6453","1365","co"
"KY58","Y58","SLEEPY EYE MUNI","MN","44.25","-94.7169","1004","co"
"KY63","","ELBOW_LAKE","MN","45.9861","-95.992","1204","co"
"LFSM5","","LITCHFIELD","MN","45.0719","-94.5303","1076","co"
"LITM5","","LITTLEFORK","MN","48.3894","-93.5642","1131","co"
"LXLM5","","LITTLE FALLS","MN","45.9514","-94.3444","1150","co"
"MEAM5","","MEANDER","MN","48.12","-92.1589","1368","co"
"MZHM5","","MOOSE LAKE","MN","46.4203","-92.8008","1070","co"
"ORBM5","","ORR","MN","48.0173","-92.8546","1320","co"
"RLKM5","","RICE LAKE NWR","MN","46.5372","-93.2875","1185","co"
"RNRM5","","ROSEAU","MN","48.85","-95.6992","1047","co"
"RPPM5","","REDSTN","MN","44.0103","-96.3212","1660","co"
"SCXM5","","ST. CROIX","MN","45.9717","-92.6176","920","co"
"SEAM5","","SEAGULL","MN","48.1203","-90.8386","1430","co"
"SKIM5","","SKIBO","MN","47.4886","-91.9878","1590","co"
"SLVM5","","SILVER BAY","MN","47.2689","-91.2517","640","co"
"SNWM5","","SAGINAW","MN","46.8436","-92.4617","1330","co"
"ASLM7","","ASHLAND","MO","38.8119","-92.2569","798","co"
"ATAM7","","ATLANTA MO","MO","39.8694","-92.5206","840","co"
"BEVM7","","AVA","MO","36.6494","-92.8687","1100","co"
"BGSM7","","BIG SPRING","MO","36.9757","-90.9981","653","co"
"CBFM7","","COUNCIL BLUFF","MO","37.7222","-90.9339","1322","co"
"CHOM7","","CHILLICOTHE","MO","39.7769","-93.493","780","co"
"CITM7","","CLINTON","MO","38.3493","-93.7723","760","co"
"CMMM7","KH21","CAMDENTON","MO","37.9744","-92.69","1062","co"
"CRRM7","","CARR CREEK","MO","37.1805","-91.118","1400","co"
"CRWM7","","CASSVILLE","MO","36.6489","-93.7436","1487","co"
"DFSM7","","DONIPHAN","MO","36.6269","-90.8239","635","co"
"FMRM7","","FARMINGTON","MO","37.7617","-90.4283","946","co"
"K03B","03B","MANSFIELD MUNI","MO","37.1268","-92.6216","1520","co"
"K03D","03D","MEMPHIS MEMORIAL","MO","40.4473","-92.2269","813","co"
"K0H7","0H7","KAHOKA MUNI","MO","40.4217","-91.7067","700","co"
"K0R2","0R2","LINCOLN MUNI","MO","38.4023","-93.3323","940","co"
"K1BT","1BT","BONNE TERRE MUNI","MO","37.919","-90.5752","910","co"
"K1H3","1H3","STATE TECHNICAL COLL","MO","38.4716","-91.8172","953","co"
"K1H5","1H5","WILLOW SPRINGS MEMOR","MO","36.9896","-91.9541","1247","co"
"K1MO","1MO","MOUNTAIN GROVE MEMOR","MO","37.1209","-92.3101","1476","co"
"K2H2","2H2","JERRY SUMNERS SR AUR","MO","36.9623","-93.6953","1434","co"
"K2MO","2MO","MOUNT VERNON MUNI","MO","37.0684","-93.8849","1244","co"
"K34M","34M","CAMPBELL MUNI","MO","36.4861","-90.0157","284","co"
"K37M","37M","HORNERSVILLE MEMORIA","MO","36.042","-90.1491","248","co"
"K3EX","3EX","EXCELSIOR SPRINGS ME","MO","39.3373","-94.1974","1000","co"
"K3VS","3VS","ROY OTTEN MEMORIAL A","MO","38.4283","-92.8753","1027","co"
"K42M","42M","THAYER MEMORIAL","MO","36.5223","-91.5725","808","co"
"K63M","63M","HERMANN MUNI","MO","38.7052","-91.4906","508","co"
"K6K2","6K2","SHELBY COUNTY","MO","39.8126","-92.0502","760","co"
"K6M6","6M6","LEWIS COUNTY RGNL","MO","40.1292","-91.6783","675","co"
"K75K","75K","BETHANY MEMORIAL","MO","40.2768","-94.0074","1035","co"
"K87K","87K","EL DORADO SPRINGS ME","MO","37.8571","-93.9976","931","co"
"K8WC","8WC","WASHINGTON COUNTY","MO","37.9292","-90.7315","959","co"
"K94K","94K","CASSVILLE MUNI","MO","36.6974","-93.9005","1483","co"
"KAIZ","","KAISER_MEM_(AWOS)","MO","38.1","-92.55","869","co"
"KAOV","","AVA BILL MARTIN MEMO","MO","36.9719","-92.6819","1311","co"
"KBBG","","BRANSON","MO","36.5321","-93.2005","1302","co"
"KBUM","BUM","BUTLER","MO","38.2898","-94.3401","892","co"
"KCDJ","","CHILLICOTHE","MO","39.8233","-93.5792","769","co"
"KCGI","CGI","CAPE GIRARDEAU","MO","37.2333","-89.5833","341","co"
"KCHQ","","MISSISSIPPI COUNTY","MO","36.8421","-89.3597","313","co"
"KCHT","","CHILLICOTHE MUNI","MO","39.782","-93.4962","783","co"
"KCOU","COU","COLUMBIA     ASOS","MO","38.8167","-92.2167","898","co"
"KDMO","DMO","SEDALIA","MO","38.7074","-93.1759","909","co"
"KDXE","","DEXTER MUNI","MO","36.7754","-89.9413","304","co"
"KEAX","","PLEASANT HILL  WFO","MO","38.81","-94.2639","995","co"
"KEIW","","NEW MADRID","MO","36.5353","-89.5997","338","co"
"KEOS","","NEOSHO HUGH ROBINSON","MO","36.8108","-94.3917","1255","co"
"KEVU","","MARYVILLE","MO","40.3525","-94.915","1145","co"
"KEZZ","","CAMERON MEMORIAL","MO","39.7276","-94.2764","1040","co"
"KFAM","","FARMINGTON_AIRPORT","MO","37.77","-90.43","945","co"
"KFTT","","ELTON HENSLEY MEMORI","MO","38.8381","-92.0026","887","co"
"KFWB","","BRANSON WEST","MO","36.6985","-93.4022","1332","co"
"KFYG","","WASHINGTON","MO","38.5876","-90.9938","489","co"
"KGLY","","CLINTON MEMORIAL AP","MO","38.3566","-93.6842","823","co"
"KGPH","","MOSBY","MO","39.3325","-94.3096","771","co"
"KGVW","GVW","GRANDVIEW","MO","38.85","-94.55","1089","co"
"KH17","H17","BUFFALO MUNI","MO","37.6541","-93.087","1154","co"
"KH19","H19","BOWLING GREEN MUNI","MO","39.3699","-91.2193","886","co"
"KH27","H27","GAINESVILLE MEMORIAL","MO","36.6138","-92.3996","1070","co"
"KH57","H57","BISMARCK MEMORIAL","MO","37.7588","-90.6168","1038","co"
"KH79","H79","ELDON MODEL AIRPARK","MO","38.3616","-92.5713","917","co"
"KH88","H88","A PAUL VANCE FREDERI","MO","37.6056","-90.2875","880","co"
"KHAE","","HANNIBAL","MO","39.7245","-91.4436","768","co"
"KHFJ","","MONETT_MUNICIPAL","MO","36.9062","-94.0128","1315","co"
"KHIG","","HIGGINSVILLE INDUSTR","MO","39.0724","-93.6774","840","co"
"KIRK","IRK","KIRKSVILLE","MO","40.0972","-92.5433","965","co"
"KJEF","JEF","JEFFERSON CITY","MO","38.6","-92.1667","548","co"
"KJLN","JLN","JOPLIN","MO","37.1667","-94.5","981","co"
"KK15","K15","GRAND GLAIZE-OSAGE B","MO","38.1104","-92.6806","876","co"
"KK19","K19","ALBANY MUNI","MO","40.2622","-94.339","891","co"
"KK26","K26","CARROLLTON MEMORIAL","MO","39.3122","-93.5066","670","co"
"KK33","K33","SALEM MEMORIAL","MO","37.6152","-91.6044","1241","co"
"KK43","K43","UNIONVILLE MUNI","MO","40.5402","-93.0255","1045","co"
"KK52","K52","CPT BEN SMITH AIRFIE","MO","39.6344","-91.727","737","co"
"KK57","K57","GOULD PETERSON MUNI","MO","40.4459","-95.3673","913","co"
"KK89","K89","MACON-FOWER MEMORIAL","MO","39.7298","-92.4567","878","co"
"KLBO","","LEBANON","MO","37.6483","-92.6525","1321","co"
"KLLU","","LAMAR MUNI","MO","37.486","-94.312","1010","co"
"KLRY","","HARRISONVILLE","MO","38.611","-94.3421","915","co"
"KLSX","","ST CHARLES  WFO","MO","38.6989","-90.6828","608","co"
"KLXT","","LEES SUMMIT MUNI AP","MO","38.9557","-94.3713","1004","co"
"KM05","M05","CARUTHERSVILLE MEMOR","MO","36.1691","-89.6765","268","co"
"KM12","M12","STEELE MUNI","MO","36.0956","-89.8595","259","co"
"KM17","M17","BOLIVAR MUNI","MO","37.5961","-93.3477","1092","co"
"KM48","M48","HOUSTON MEMORIAL","MO","37.3302","-91.9732","1195","co"
"KM85","M85","GIDEON MEMORIAL","MO","36.4438","-89.9038","269","co"
"KMAW","","MALDEN AIRPORT","MO","36.6005","-89.9922","295","co"
"KMBY","","OMAR N BRADLEY","MO","39.4634","-92.4264","867","co"
"KMCI","MCI","KANSAS CITY  ASOS","MO","39.3167","-94.7167","1025","co"
"KMHL","","MARSHALL","MO","39.0958","-93.2028","778","co"
"KMKC","234359 MKC","KANSAS CITY DOWNTOWN","MO","39.1233","-94.5925","742","co"
"KMNF","","MOUNTAIN VIEW","MO","36.9928","-91.7145","1182","co"
"KMO1","MO1","RICHLAND MUNI","MO","37.8749","-92.4081","1110","co"
"KMO3","MO3","STOCKTON MUNI","MO","37.6603","-93.8168","1043","co"
"KMO5","MO5","BOLLINGER-CRASS MEMO","MO","37.0094","-91.0069","652","co"
"KMO8","MO8","NORTH CENTRAL MISSOU","MO","39.7714","-93.0128","845","co"
"KMYJ","","MEXICO MEMORIAL ARPT","MO","39.1575","-91.8183","823","co"
"KNVD","","NEVADA MUNI","MO","37.8525","-94.3046","892","co"
"KOZS","","CAMDENTON MEMORIAL-L","MO","37.974","-92.6912","1062","co"
"KP02","P02","POPLAR BLUF(AMOS)","MO","36.7667","-90.4667","374","co"
"KP35","P35","SPICKARD (AMOS)","MO","40.25","-93.7167","886","co"
"KPCD","","PERRYVILLE","MO","37.8687","-89.8621","528","co"
"KPLK","","M GRAHAM CLARK DOWNT","MO","36.6259","-93.2289","940","co"
"KPOF","","POPLAR_BLUFF","MO","36.77","-90.32","328","co"
"KPYN","","PIEDMONT","MO","37.1261","-90.7135","328","co"
"KRAW","","WARSAW MUNI","MO","38.3478","-93.3454","936","co"
"KRCM","","SKYHAVEN_ARPT","MO","38.7842","-93.8029","797","co"
"KSET","K3SZ","ST_CHARLES","MO","38.9306","-90.4325","438","co"
"KSGF","SGF","SPRINGFIELD","MO","37.2333","-93.3833","1270","co"
"KSIK","","SIKESTON","MO","36.8988","-89.5618","315","co"
"KSTJ","237435 STJ","ST JOSEPH 4 WNW","MO","39.7736","-94.9067","810","co"
"KSTL","STL","ST. LOUIS","MO","38.75","-90.3833","564","co"
"KSUS","SUS","SPIRIT OF ST LOUI","MO","38.65","-90.6333","463","co"
"KSZL","SZL","WHITEMAN AFB","MO","38.7167","-93.55","869","co"
"KTBN","TBN","FT LEONARD WOOD","MO","37.7416","-92.1407","1158","co"
"KTKX","","KENNETT MEMORIAL","MO","36.2259","-90.0366","262","co"
"KTRX","","TRENTON MUNI","MO","40.0835","-93.5906","758","co"
"KTVB","","CABOOL MEMORIAL","MO","37.1324","-92.084","1220","co"
"KUBX","","CUBA MUNI","MO","38.0688","-91.4289","1023","co"
"KUNO","","WEST PLAINS ARPT","MO","36.88","-91.91","1227","co"
"KUUV","","SULLIVAN RGNL","MO","38.2335","-91.1643","933","co"
"KVER","","JESSE VIERTEL MEM","MO","38.9467","-92.6827","715","co"
"KVIH","VIH","VICHY-ROLLA","MO","38.1333","-91.7667","1148","co"
"KX33","X33","DONIPHAN MUNI","MO","36.6939","-90.7845","635","co"
"MBGM7","","MBOT","MO","38.6128","-90.2608","510","co"
"MGRM7","","MOUNTAIN GROVE","MO","37.1538","-92.2688","1456","co"
"MRWM7","","MOUNTAIN VIEW","MO","36.9913","-91.7102","1182","co"
"MVVM7","","MT VERNON","MO","37.1889","-93.9297","1266","co"
"PMRM7","","PIEDMONT","MO","37.2405","-90.2736","840","co"
"RBRM7","","ROBY","MO","37.5216","-92.1165","1284","co"
"SINM7","","SINKIN","MO","37.5014","-91.2594","1333","co"
"WKTM7","","WAH KON TAH","MO","37.8967","-93.9917","945","co"
"PGRO","FYU","ROTA_INTL/ROTA_ISL","MP","14.18","145.25","607","gu oc"
"PGSN","","SAIPAN/ISLEY_(CGS)","MP","15.1189","145.7294","213","gu oc"
"TFFF","MFFF","LE LAMENTIN","MQ","14.6","-61","13","oc"
"220792","","BILOXI","MS","30.3833","-88.9833","10","co oc"
"42007","2007","BILOXI","MS","30.0903","-88.7686","16","co oc"
"BCCM6","","BOGUE CHITTO","MS","30.6619","-89.7956","126","co"
"BDEM6","","BUDE","MS","31.4106","-90.8467","447","co"
"BLCM6","","BLACK CREEK","MS","30.8489","-89.0342","275","co"
"CKWM6","","CAMP KELLER","MS","30.5242","-88.982","130","co"
"CYSM6","","COPIAH","MS","31.9497","-90.3805","150","co"
"DKCM6","","DOCK C PASCAGOULA","MS","30.355","-88.567","28","co oc"
"FRGM6","","RAGLAND HILLS","MS","31.2042","-89.1783","285","co"
"FSTM6","","BIENVILLE","MS","32.3025","-89.4844","470","co"
"GRBM6","","GRAND BAY","MS","30.4383","-88.4256","7","co"
"GWPM6","","WEST PIER GULFPORT","MS","30.348","-89.087","25","co"
"HLYM6","","DELTA RD","MS","32.9033","-90.8717","100","co"
"K00M","00M","THIGPEN FIELD","MS","31.9538","-89.2353","351","co"
"K01M","01M","TISHOMINGO COUNTY","MS","34.4918","-88.2012","584","co"
"K04M","04M","CALHOUN COUNTY","MS","33.9301","-89.3433","387","co"
"K06M","06M","EUPORA","MS","33.5348","-89.3131","450","co"
"K08M","08M","CARTHAGE-LEAKE COUNT","MS","32.7616","-89.5304","457","co"
"K09M","09M","CHARLESTON MUNI","MS","33.9914","-90.0786","175","co"
"K0R0","0R0","COLUMBIA-MARION COUN","MS","31.297","-89.8128","265","co"
"K14M","14M","HOLLANDALE MUNI","MS","33.1825","-90.8305","114","co"
"K15M","15M","IUKA","MS","34.7733","-88.1661","626","co"
"K17M","17M","MAGEE MUNI","MS","31.8628","-89.8006","555","co"
"K19M","19M","C A MOORE","MS","33.1255","-90.0256","340","co"
"K1M2","1M2","BELZONI MUNI","MS","33.1452","-90.5153","110","co"
"K1R7","","BROOKHAVEN-LINCOLN C","MS","31.6058","-90.4093","489","co"
"K20M","20M","MACON MUNI","MS","33.1337","-88.536","238","co"
"K22M","22M","PONTOTOC COUNTY","MS","34.2756","-89.038","440","co"
"K23M","23M","CLARKE COUNTY","MS","32.086","-88.739","321","co"
"K25M","25M","RIPLEY","MS","34.7227","-89.0147","467","co"
"K2M4","2M4","G V MONTGOMERY","MS","32.3549","-89.4882","518","co"
"K2R0","2R0","WAYNESBORO MUNI","MS","31.6436","-88.6351","169","co"
"K33M","33M","WATER VALLEY MUNI","MS","34.1679","-89.6849","270","co"
"K4R1","4R1","I H BASS JR MEMORIAL","MS","31.0153","-89.4826","310","co"
"K5A4","5A4","OKOLONA MUNI-RICHARD","MS","34.0158","-88.7262","337","co"
"K5A6","","WINONA","MS","33.465","-89.7302","364","co"
"K87I","87I","YAZOO COUNTY","MS","32.8835","-90.464","105","co"
"K8M1","8M1","BOONEVILLE/BALDWYN","MS","34.5919","-88.6485","392","co"
"K8R0","8R0","PASCAGOULA CGS","MS","30.3667","-88.5667","99999","oc"
"K9M4","9M4","ACKERMAN CHOCTAW COU","MS","33.3035","-89.2284","552","co"
"KBIX","BIX","BILOXI","MS","30.4167","-88.9167","26","co oc"
"KC71","C71","CROSBY MUNI","MS","31.2964","-91.0525","336","co"
"KCBM","CBM","COLUMBUS AFB","MS","33.65","-88.45","220","co"
"KCKM","","CLARKSDALE/FLETCHER","MS","34.2997","-90.5123","74","co"
"KCRX","","CORINTH/R THURNER AR","MS","34.915","-88.6035","427","co"
"KDLP","","WEST DELTA OIL PLATF","MS","29.12","-89.55","103","co oc"
"KGLH","GLH","GREENVILLE","MS","33.4939","-90.9811","126","co"
"KGNF","","GRENADA MUNI","MS","33.8324","-89.7982","208","co"
"KGPT","GPT","GULFPORT","MS","30.4","-89.0667","30","co"
"KGTR","GTR","COLUMBUS","MS","33.45","-88.5833","259","co"
"KGWO","GWO","GREENWOOD","MS","33.5","-90.0833","133","co"
"KHBG","HBG","HATTIESBURG","MS","31.2694","-89.2561","151","co"
"KHEZ","HEZ","NATCHEZ  (AWOS)","MS","31.6159","-91.2972","272","co"
"KHKS","","JACKSON","MS","32.3372","-90.2264","342","co"
"KHSA","","BAY ST LOUIS","MS","30.37","-89.45","23","co"
"KIDL","","INDIANOLA MUNI","MS","33.4857","-90.6789","126","co"
"KIKT","","NAKIKA","MS","28.5208","-88.2889","82","co oc"
"KJAN","JAN","JACKSON      ASOS","MS","32.3167","-90.0833","331","co"
"KJVW","","RAYMOND","MS","32.3044","-90.4105","249","co"
"KLMS","LMS","LOUISVILLE","MS","33.15","-89.0667","574","co"
"KLUL","LUL","LAUREL","MS","31.6667","-89.1667","240","co"
"KM11","M11","COPIAH COUNTY","MS","31.9024","-90.3668","435","co"
"KM13","M13","POPLARVILLE-PEARL RI","MS","30.7866","-89.5045","320","co"
"KM23","M23","JAMES H EASOM FIELD","MS","32.312","-89.1357","369","co"
"KM24","M24","DEAN GRIFFIN MEMORIA","MS","30.843","-89.1615","273","co"
"KM37","M37","RULEVILLE-DREW","MS","33.7764","-90.525","137","co"
"KM40","M40","ABERDEEN/AMORY","MS","33.8737","-88.4896","226","co"
"KM41","M41","HOLLY SPRINGS-MARSHA","MS","34.8044","-89.5211","551","co"
"KM43","M43","PRENTISS-JEFFERSON D","MS","31.5953","-89.9064","455","co"
"KM44","M44","HOUSTON MUNI","MS","33.8865","-89.023","338","co"
"KM59","M59","RICHTON-PERRY COUNTY","MS","31.317","-88.9349","167","co"
"KM72","M72","NEW ALBANY-UNION CO","MS","34.549","-89.0244","413","co"
"KM83","M83","MCCHAREN FIELD","MS","33.584","-88.6667","205","co"
"KMBO","","BRUCE CAMPBELL FIELD","MS","32.4387","-90.1031","325","co"
"KMCB","MCB","MCCOMB","MS","31.1819","-90.4722","413","co"
"KMEI","MEI","MERIDIAN     ASOS","MS","32.3333","-88.75","310","co"
"KMJD","","PICAYUNE MUNI","MS","30.4875","-89.6512","55","co"
"KMMS","","SELFS","MS","34.2314","-90.2896","162","co"
"KMPE","","PHILADELPHIA MUNI","MS","32.7992","-89.126","458","co"
"KMYT","","INNOVATOR OIL PLATFO","MS","28.2167","-89.6167","101","co oc"
"KNMM","NMM","MERIDIAN NAS","MS","32.552","-88.5555","317","co"
"KOLV","","OLIVE BRANCH AIRPORT","MS","34.98","-89.79","400","co"
"KOSX","","KOSCIUSKO-ATTALA COU","MS","33.0903","-89.542","494","co"
"KPGL","PGL","PASCAGOULA","MS","30.3833","-88.5","16","co oc"
"KPIB","PIB","LAUREL-HATIESBURG","MS","31.4667","-89.3333","292","co"
"KPMU","","PANOLA COUNTY","MS","34.3635","-89.8929","221","co"
"KPQL","","PASCAGOULA/LOTT ASOS","MS","30.47","-88.53","20","co"
"KRNV","","CLEVELAND","MS","33.7611","-90.7579","135","co"
"KSTF","","GEORGE M BRYAN ARPT","MS","33.4331","-88.8486","331","co"
"KT06","T06","CAMP SHELBY TACR","MS","31.1167","-89.0167","280","co"
"KT36","T36","PAUL PITTMAN MEMORIA","MS","31.146","-90.1681","384","co"
"KTUP","TUP","TUPELO       ASOS","MS","34.2667","-88.7667","361","co"
"KTVR","TVR","VICKSBURG      ASOS","MS","32.3516","-91.0277","86","co"
"KUBS","","COLUMBUS-LOWNDES COU","MS","33.4653","-88.3808","188","co"
"KUOX","UOX","OXFORD","MS","34.3833","-89.55","449","co"
"KUTA","KM97","TUNICA_MUNI_ARPT","MS","34.681","-90.3467","194","co"
"KVKS","","VICKSBURG","MS","32.2333","-90.9333","105","co"
"LAUM6","","WAUSAU","MS","31.5242","-88.8889","312","co"
"LKKM6","","GREENE","MS","31.1369","-88.5997","156","co"
"MFCM6","","MONROE","MS","33.7939","-88.3467","354","co"
"MPAM6","","PIKE","MS","31.1869","-90.478","366","co"
"NNHM6","","HANCOCK","MS","30.4511","-89.4544","98","co"
"NOXM6","","NOXUBEE - FTS","MS","33.2661","-88.7933","250","co"
"PTBM6","","PETIT BOIS ISLAND","MS","30.213","-88.5","14","co oc"
"RARM6","","RANGE A R PASCAGOULA","MS","30.343","-88.512","15","co oc"
"RHCM6","","COVINGTON","MS","31.7497","-89.5164","290","co"
"RHOM6","","HOLMES","MS","33.2211","-90.1983","22","co"
"RLDM6","","LAUDERDALE","MS","32.3675","-88.4567","221","co"
"RMAM6","","MARION","MS","31.2114","-89.9225","380","co"
"RMPM6","","WARREN","MS","32.3564","-90.8439","248","co"
"RNEM6","","NESHOBA","MS","32.7981","-89.1247","459","co"
"RRWM6","","HIGHWAY 43","MS","32.5269","-89.9697","277","co"
"SHCM6","","MS SANDHILL CRANE -","MS","30.4528","-88.6617","25","co"
"TFWM6","","TUPELO","MS","34.3306","-88.7069","320","co"
"TISM6","","TISHOMINGO","MS","34.7775","-88.1653","300","co"
"TNFM6","","TOMBIGBEE","MS","33.2805","-89.1389","550","co"
"TROM6","","HIGHWAY 41","MS","34.0903","-88.8647","320","co"
"TRPG","","JOHN OSBORNE AIRPORT","MS","16.7914","-62.1933","551","oc"
"WINM6","","WINBORN","MS","34.6203","-89.3142","500","co"
"WYCM6","","BAY WAVELAND YACHT","MS","30.3261","-89.3261","33","co"
"YALM6","","YALLABUSHA","MS","33.9858","-89.7967","370","co"
"ALDM8","","ZORTMAN BLM","MT","47.9119","-108.5038","3980","co"
"ARMM8","","ARMELLS CREEK","MT","47.5887","-108.868","2845","co"
"BADM8","","BADGER PASS","MT","48.1333","-113.0333","6900","co"
"BAFM8","","BADGER PEAK","MT","45.6481","-106.5027","4383","co"
"BDLM8","","BEAVERHEAD DEERLODGE","MT","45.6626","-112.809","6791","co"
"BEAM8","","BEAGLE SPRINGS","MT","44.4667","-112.9833","8850","co"
"BEFM8","","BENCHMARK","MT","47.5","-112.9","5350","co"
"BEVM8","","BEAVER CREEK","MT","44.95","-111.35","7850","co"
"BGRM8","","BROWNING","MT","48.5614","-113.0132","4384","co"
"BGSM8","","BIG SKY","MT","45.2618","-111.308","7218","co"
"BHMM8","","BIGHORN MOUNTAIN","MT","45.0733","-107.8887","8180","co"
"BIFM8","","BC BALDY","MT","48.6333","-115.5833","4300","co"
"BLBM8","","BLACK BEAR","MT","44.5","-111.1167","7950","co"
"BLOM8","","BLODDY DICK","MT","45.1667","-113.5","7550","co"
"BLUM8","","BLUFF CREEK","MT","48.8683","-106.9481","2550","co"
"BOOM8","","BOORMAN","MT","48.1439","-114.718","3963","co"
"BOXM8","","BOX CANYON","MT","45.2833","-110.25","6700","co"
"BRAM8","","BRAVO","MT","47.285","-110.3516","4035","co"
"BRLM8","","BARKER LAKE","MT","46.1","-113.1333","8250","co"
"BRRM8","","BRENNER","MT","44.9365","-113.2523","6631","co"
"BRTM8","","WILD HORSE","MT","45.1296","-108.3039","8150","co"
"BSCM8","","BASIN CREEK","MT","45.8","-112.5167","7180","co"
"BSHM8","","BRADSHAW CREEK","MT","45.0549","-105.9484","3930","co"
"BSKM8","","LONE MOUNTAIN","MT","45.2833","-111.4333","8880","co"
"BSPM8","","BANNACK STATE PARK","MT","45.1578","-113.0058","5941","co"
"BSYM8","","BIG SANDY","MT","48.135","-110.0608","2770","co"
"BTKM8","","BURNT CREEK","MT","44.9475","-111.9611","6954","co"
"CACM8","","CANNONBALL CREEK","MT","46.4837","-104.0668","2959","co"
"CBUM8","","CHAIN BUTTES","MT","47.5273","-108.051","2928","co"
"CHEM8","","CHESTER","MT","48.5089","-110.9614","3165","co"
"CLCM8","","COLE CREEK","MT","45.2","-109.35","7850","co"
"CLVM8","","CALVERT CREEK","MT","45.8833","-113.3333","6430","co"
"CMDM8","","CLOVER MEADOW","MT","45.0225","-111.8478","8800","co"
"CONM8","","CONDON WORK CENTER","MT","47.5361","-113.7172","3684","co"
"COPM8","","COPPER BOTTOM","MT","47.05","-112.6","5200","co"
"CPCM8","","COPPER CAMP","MT","47.0833","-112.7333","6950","co"
"CRDM8","","CONRAD","MT","48.1794","-111.9614","3350","co"
"CRRM8","","CARROT BASIN","MT","44.9667","-111.2833","9000","co"
"CRYM8","","CRYSTAL LAKE","MT","46.7903","-109.5122","6050","co"
"CYFM8","","HORNET","MT","48.8766","-114.5093","6500","co"
"DAZM8","","DAISY PEAK","MT","46.6667","-110.3333","7600","co"
"DBCM8","","DRY BLOOD CREEK","MT","47.2441","-108.3589","3153","co"
"DBOM8","","DEARBORN","MT","47.1328","-111.9008","3572","co"
"DBYM8","","DERBY MOUNTAIN","MT","45.5772","-109.8788","6600","co"
"DCRM8","","DEEP CREEK","MT","48.3556","-113.1137","5340","co"
"DDMM8","","DEADMAN CREEK","MT","46.8","-110.6833","6450","co"
"DEEM8","","DEER MOUNTAIN","MT","46.0255","-114.0552","7282","co"
"DHLM8","","DARKHORSE LAKE","MT","45.1667","-113.5833","8700","co"
"DIVM8","","DIVIDE","MT","44.8","-112.05","7800","co"
"DPYM8","","DUPUYER CREEK","MT","48.0667","-112.75","5750","co"
"DRBM8","242221","DARBY","MT","46.0247","-114.1769","3880","co"
"EKHM8","","ELKHORN","MT","46.3147","-111.6966","6010","co"
"EKIM8","","EKALAKA","MT","45.8104","-104.463","3996","co"
"ENNM8","","ENNIS","MT","45.3019","-111.7541","5202","co"
"EURM8","","EUREKA","MT","48.8978","-115.0583","2632","co"
"FBLM8","","FORT BELKNAP","MT","48.3042","-108.7189","2665","co"
"FCRM8","","FRENCH CREEK","MT","45.33","-112.9127","7422","co"
"FHFM8","","FORT HOWES","MT","45.2972","-106.1618","3444","co"
"FIEM8","","FIELDING","MT","48.2777","-113.4325","4641","co"
"FRHM8","","FROHNER MEADOWS","MT","46.45","-112.2","6480","co"
"FSHM8","","FISHER CREEK","MT","46.2667","-110.4333","9100","co"
"FSLM8","","FISHTAIL","MT","45.4581","-109.5713","4550","co"
"FTMM8","","FLATTOP MOUNTAIN","MT","48.8","-113.85","6300","co"
"GAAM8","","GALENA","MT","46.221","-112.2285","6545","co"
"GINM8","","GINGER","MT","46.3292","-111.588","4370","co"
"GLFM8","","GOLF","MT","47.2417","-112.0916","4310","co"
"GPKM8","","GATES PARK","MT","47.7897","-112.9394","5400","co"
"GPRM8","","GIRD POINT","MT","46.1932","-113.9225","6950","co"
"GSNM8","","GLEASON","MT","47.8725","-112.6708","5060","co"
"HARM8","","HARLEM","MT","48.5333","-108.784","2365","co"
"HBOM8","","HILLSBORO","MT","45.1039","-108.2197","3986","co"
"HBRM8","","HEBGEN LAKE","MT","44.666","-111.0991","6700","co"
"HGHM8","","HUNGRY HORSE DAM","MT","48.3428","-114.0217","3160","co"
"HNYM8","","HUNGRY HORSE","MT","48.3833","-114.0575","3123","co"
"HOOM8","","HOODOO BASIN","MT","46.9833","-115.0333","6050","co"
"HORM8","","HORSE THIEF","MT","46.4258","-108.6745","3414","co"
"HOTM8","","HOT SPRINGS","MT","47.613","-114.6153","2730","co"
"HRKM8","","HARKNESS","MT","44.465","-112.9519","8400","co"
"HRTM8","","HEART BUTTE","MT","48.2928","-112.8352","4439","co"
"HRWM8","","HELENA","MT","46.7317","-112.0191","3800","co"
"INCM8","","SETH","MT","46.75","-112.81","6224","co"
"JETM8","","JETTE","MT","47.767","-114.2337","3593","co"
"JPKM8","","JUDITH PEAK","MT","47.2175","-109.2228","6428","co"
"JRWM8","","JUDITH RIVER WMA","MT","46.8847","-110.2894","5045","co"
"K00F","00F","BROADUS","MT","45.4705","-105.4571","3282","co"
"K00U","00U","BIG HORN COUNTY","MT","45.7444","-107.6604","3025","co"
"K02T","02T","WISE RIVER","MT","45.77","-112.9805","5830","co"
"K0S1","0S1","MEADOW CREEK USFS","MT","47.8494","-113.4174","3993","co"
"K1AM","","RAYNESFORD","MT","47.2833","-110.8","3906","co"
"K1BM","","GEYSER","MT","47.2833","-110.3667","4049","co"
"K1CM","","STANFORD","MT","47.1","-110.1667","4386","co"
"K1DM","","DENTON","MT","47.38","-109.82","3587","co"
"K1EM","","WINIFRED","MT","47.45","-109.4167","3661","co"
"K1FM","","AUGUSTA","MT","47.6","-112.32","4406","co"
"K1GM","","SIMMS","MT","47.33","-112.1","4301","co"
"K1HM","","FAIRFIELD","MT","47.7","-111.95","3868","co"
"K1IM","","ULM","MT","47.32","-111.47","3635","co"
"K1JM","","POWER","MT","47.75","-111.55","3780","co"
"K1KM","","HARLOWTON","MT","46.45","-109.8","4364","co"
"K1LM","","JUDITH GAP","MT","46.7","-109.7333","4639","co"
"K1MM","","MOORE","MT","47.0167","-109.6333","4121","co"
"K1NM","","GRASS RANGE","MT","47.0667","-109.0333","3721","co"
"K1OM","","ROY","MT","47.33","-108.93","3563","co"
"K1S3","1S3","TILLITT FIELD","MT","46.2712","-106.6239","2729","co"
"K23S","23S","SEELEY LAKE","MT","47.1819","-113.4452","4256","co"
"K29S","29S","GARDINER","MT","45.0499","-110.7466","5286","co"
"K32S","32S","STEVENSVILLE","MT","46.5251","-114.0528","3614","co"
"K37S","37S","FORT PECK","MT","48.0048","-106.4779","2290","co"
"K38S","","DEER LODGE","MT","46.3878","-112.7649","4693","co"
"K3DU","3DU","DRUMMOND","MT","46.6667","-113.15","3943","co"
"K3HT","3HT","HARLOWTON","MT","46.4333","-109.8333","4160","co"
"K3TH","3TH","THOMPSON FALLS","MT","47.6","-115.3667","2379","co"
"K3U3","3U3","BOWMAN FIELD","MT","46.1534","-112.8677","5034","co"
"K3U5","3U5","AUGUSTA","MT","47.4634","-112.3801","4145","co"
"K3U7","3U7","BENCHMARK","MT","47.482","-112.8723","5434","co"
"K3U8","3U8","BIG SANDY","MT","48.1634","-110.1143","2699","co"
"K3U9","3U9","BOULDER","MT","46.2117","-112.1076","4968","co"
"K48S","48S","HARLEM","MT","48.5663","-108.774","2643","co"
"K49S","49S","BABB","MT","48.8482","-113.4293","4518","co"
"K4BQ","4BQ","BROADUS","MT","45.4333","-105.4","3025","co"
"K4HA","4HA","WHITEHALL","MT","45.8667","-111.9667","4278","co"
"K4U6","4U6","CIRCLE TOWN COUNTY","MT","47.4183","-105.5609","2441","co"
"K4U9","4U9","DELL FLIGHT STRIP","MT","44.7358","-112.7197","6007","co"
"K52S","52S","ST IGNATIUS","MT","47.325","-114.0808","3006","co"
"K53U","53U","FERNDALE AIRFIELD","MT","48.0605","-114.0012","3072","co"
"K57S","57S","TROY","MT","48.4802","-115.9035","2017","co"
"K58S","58S","WHITEFISH","MT","48.408","-114.2996","3066","co"
"K5U0","5U0","DENTON","MT","47.3209","-109.9419","3594","co"
"K5U1","5U1","DUTTON","MT","47.8472","-111.6983","3699","co"
"K5U5","5U5","FAIRFIELD","MT","47.6338","-111.9812","3991","co"
"K5U6","5U6","FAIRVIEW","MT","47.8625","-104.0714","2152","co"
"K5U7","5U7","FORT SMITH LANDING S","MT","45.3208","-107.9312","3242","co"
"K5U8","5U8","GERALDINE","MT","47.5965","-110.2661","3178","co"
"K6S0","6S0","BIG TIMBER","MT","45.8065","-109.9783","4494","co"
"K6S1","6S1","BRIDGER MUNI","MT","45.2916","-108.9257","3720","co"
"K6S3","6S3","WOLTERMANN MEMORIAL","MT","45.6305","-109.2392","3575","co"
"K6S5","","HAMILTON","MT","46.2515","-114.1255","3642","co"
"K6S8","6S8","LAUREL MUNI","MT","45.7044","-108.7595","3517","co"
"K6U5","6U5","HINSDALE","MT","48.388","-107.0833","2220","co"
"K6U6","6U6","HOGELAND","MT","48.8601","-108.6609","3139","co"
"K6U7","6U7","HYSHAM","MT","46.2935","-107.1933","2624","co"
"K79S","","FORT BENTON","MT","47.8451","-110.6364","2869","co"
"K7S0","7S0","RONAN","MT","47.5672","-114.1011","3086","co"
"K7S1","","TWIN BRIDGES","MT","45.5338","-112.3025","4777","co"
"K7S2","7S2","WINNETT","MT","46.9767","-108.365","2989","co"
"K7S4","7S4","WISDOM","MT","45.5916","-113.4592","6133","co"
"K7S6","","WHITE SULPHUR SPRING","MT","46.4956","-110.9118","5061","co"
"K7S7","7S7","VALIER","MT","48.3001","-112.2511","3826","co"
"K7S8","7S8","ROSS INTL","MT","48.9986","-111.9782","3553","co"
"K7U8","7U8","RICHEY","MT","47.6264","-105.0796","2494","co"
"K80S","80S","LAVINA","MT","46.3073","-108.9548","3512","co"
"K88M","88M","EUREKA","MT","48.9684","-115.0794","2672","co"
"K8S0","8S0","STARR-BROWNING AIRST","MT","48.601","-113.1153","4657","co"
"K8S1","8S1","POLSON","MT","47.6954","-114.1853","2941","co"
"K8U0","8U0","RYEGATE","MT","46.2905","-109.2477","3689","co"
"K8U2","8U2","SCHAFER /USFS/","MT","48.0796","-113.245","4856","co"
"K8U3","8U3","SCOBEY BORDER STATIO","MT","48.9995","-105.4003","2501","co"
"K8U4","8U4","SPOTTED BEAR /USFS/","MT","47.9617","-113.5595","3672","co"
"K8U6","8U6","TERRY","MT","46.7771","-105.3131","2283","co"
"K8U8","8U8","TOWNSEND","MT","46.3312","-111.4826","3897","co"
"K8U9","8U9","CANYON FERRY","MT","46.4188","-111.5772","3840","co"
"K97M","97M","EKALAKA","MT","45.8765","-104.5376","3503","co"
"K9S2","9S2","SCOBEY","MT","48.8077","-105.4395","2434","co"
"K9S4","9S4","SUPERIOR","MT","47.2","-114.8833","2710","co"
"K9S5","","THREE FORKS","MT","45.8781","-111.5694","4089","co"
"K9S7","9S7","WINIFRED","MT","47.5554","-109.3867","3354","co"
"K9U0","9U0","TURNER","MT","48.8503","-108.4038","3051","co"
"K9U1","9U1","WILSALL","MT","46.0497","-110.6855","5134","co"
"KB70","B70","TIBER DAM","MT","48.3139","-111.1091","3023","co"
"KBB0","BB0","BLACK BUTTE NORTH","MT","47.8456","-109.1869","3150","co"
"KBHK","","BAKER","MT","46.3478","-104.2575","2971","co"
"KBIL","BIL","BILLINGS     ASOS","MT","45.8","-108.5333","3570","co"
"KBTM","BTM","BUTTE","MT","45.9647","-112.5006","5539","co"
"KBW8","BW8","BULLWHACKER","MT","47.8478","-109.0994","3100","co"
"KBYZ","","BILLINGS  WFO","MT","45.7508","-108.5706","3185","co"
"KBZN","BZN","BOZEMAN      ASOS","MT","45.7833","-111.15","4462","co"
"KCII","","CHOTEAU","MT","47.8283","-112.1683","3947","co"
"KCTB","CTB","CUTBANK","MT","48.6167","-112.3833","3837","co"
"KCW0","CW0","COW CREEK","MT","47.9475","-109.0081","3300","co"
"KDB9","DB9","DARBY","MT","46.0167","-114.0167","3880","co"
"KDLN","DLN","DILLON","MT","45.25","-112.55","5240","co"
"KEKS","","ENNIS BIG SKY ARPT","MT","45.2743","-116.6488","5361","co"
"KETM","ETM","ELLISTON","MT","46.5667","-112.4333","5076","co"
"KGDV","GDV","GLENDIVE","MT","47.1333","-104.8","2456","co"
"KGFA","GFA","MALMSTROM AFB","MT","47.5047","-111.1873","3524","co"
"KGGW","GGW","GLASGOW      ASOS","MT","48.2167","-106.6167","2298","co"
"KGPI","KFCA FCA","KALISPELL    ASOS","MT","48.3114","-114.2551","2973","co"
"KGSG","GSG","VALLEY IND PK APT","MT","48.4167","-106.5333","2759","co"
"KGTF","GTF","GREAT FALLS  ASOS","MT","47.4833","-111.3667","3657","co"
"KH28","H28","WHETSTONE INTL","MT","49","-112.7926","4336","co"
"KHH9","HH9","HUNGREY HORSE DAM","MT","48.35","-114","3160","co"
"KHLN","HLN","HELENA       ASOS","MT","46.6","-112","3898","co"
"KHMM","","HAMILTON/RAVALLI_CO","MT","46.25","-114.15","3642","co"
"KHVR","HVR","HAVRE        ASOS","MT","48.55","-109.7667","2599","co"
"KHWQ","","WHEATLAND COUNTY AT","MT","46.4486","-109.8528","4312","co"
"KIGM8","","KING COULEE","MT","47.7967","-107.0217","2760","co"
"KJDN","JDN","JORDAN         ASOS","MT","47.3258","-106.9475","2661","co"
"KLC0","LC0","LEFT COULEE","MT","47.8853","-109.0228","3150","co"
"KLHA2","","SMOKE USFS R2-924","MT","46.9269","-114.0962","3200","co"
"KLTY","","LIBERTY COUNTY","MT","48.5107","-110.9909","3185","co"
"KLVM","LVM","LIVINGSTON","MT","45.6983","-110.4408","4652","co"
"KLWT","LWT","LEWISTOWN","MT","47.05","-109.4667","4144","co"
"KM26","M26","DRUMMOND","MT","46.6208","-113.2051","4245","co"
"KM42","M42","RUSSIAN FLAT","MT","46.7243","-110.4178","6336","co"
"KM46","","COLSTRIP","MT","45.8528","-106.7093","3425","co"
"KM75","","MALTA AIRPORT","MT","48.3669","-107.9193","2254","co"
"KMLS","MLS","MILES CITY","MT","46.4267","-105.8825","2627","co"
"KMQM","MQM","MONIDA","MT","44.5667","-112.3167","6785","co"
"KMSO","MSO","MISSOULA","MT","46.9167","-114.0833","3189","co"
"KMT3","MT3","KNOX RIDGE","MT","47.6167","-108.8481","2950","co"
"KMVH","","N BAR RANCH","MT","46.8381","-108.9368","4446","co"
"KOLF","OLF","WOLF POINT","MT","48.1","-105.5833","1985","co"
"KOV9","OV9","OVANDO","MT","47.0167","-113.1333","4109","co"
"KPO1","PO1","POPLAR MUNI","MT","48.1344","-105.1621","2037","co"
"KPWD","","SHER-WOOD","MT","48.789","-104.523","2264","co"
"KRC0","RC0","ROCK CREEK","MT","46.7271","-113.6576","3547","co"
"KRED","","RED LODGE","MT","45.1854","-109.2577","5763","co"
"KRPX","","ROUNDUP","MT","46.475","-108.5434","3490","co"
"KS00","S00","OPHEIM","MT","48.8667","-106.4173","3264","co"
"KS01","","CONRAD","MT","48.1686","-111.9765","3545","co"
"KS04","S04","CONDON USFS","MT","47.5388","-113.7204","3686","co"
"KS09","S09","HOT SPRINGS","MT","47.6124","-114.6135","2763","co"
"KS27","S27","KALISPELL CITY","MT","48.1786","-114.3037","2932","co"
"KS34","S34","PLAINS","MT","47.4736","-114.9071","2467","co"
"KS59","S59","LIBBY","MT","48.2838","-115.4902","2601","co"
"KS64","S64","STANFORD/BIGGERSTAFF","MT","47.1468","-110.2299","4327","co"
"KS69","S69","LINCOLN","MT","46.9547","-112.6502","4603","co"
"KS71","","CHINOOK","MT","48.5921","-109.2506","2416","co"
"KS85","S85","BIG SKY FIELD","MT","48.1536","-104.5041","1953","co"
"KSBX","","SHELBY","MT","48.5407","-111.8713","3443","co"
"KSDY","SDY","SIDNEY    (AWOS)","MT","47.7167","-104.1833","1983","co"
"KTFM8","","KNOWLTON","MT","46.3074","-105.0297","3320","co"
"KTFX","","GREAT FALLS  WFO","MT","47.4597","-111.3847","3714","co"
"KTHM","","THOMPSON FALLS","MT","47.5733","-115.2806","2467","co"
"KU05","U05","RIDDICK FIELD","MT","46.3194","-113.3051","5212","co"
"KWEY","WEY","W.YELLOWSTONE WSO","MT","44.65","-111.1","6669","co"
"KWH0","WH0","WOODHAWK","MT","47.7794","-109.0786","3100","co"
"KWYS","WYS","WEST YELLOWSTONE","MT","44.6833","-111.1167","6644","co"
"LBBM8","","LIBBY","MT","48.3833","-115.5666","2070","co"
"LBCM8","","LITTLE BULLWHACKER C","MT","47.8314","-109.0083","3100","co"
"LBHM8","","LITTLE BIGHORN","MT","45.5699","-107.4362","3197","co"
"LCFM8","","BIG SHEEP MOUNTAIN","MT","47.0282","-105.8047","3172","co"
"LCKM8","","LICK CREEK","MT","45.5","-111.9667","6860","co"
"LMHM8","","LEMHI RIDGE","MT","44.9833","-113.4333","8100","co"
"LMRM8","","ANTELOPE","MT","44.6867","-112.5416","6795","co"
"LNCM8","","LINCOLN","MT","46.9552","-112.6524","4597","co"
"LRCM8","","LITTLE ROCK CREEK","MT","46.0378","-114.2627","5507","co"
"LSNM8","","LITTLE SNOWY","MT","46.7513","-109.0231","4975","co"
"LVRM8","","LAKEVIEW RIDGE","MT","44.5833","-111.8333","7400","co"
"LWTM8","","LOWER TWIN","MT","45.5","-111.9167","7900","co"
"LYBM8","","LIBBY 32 SSE","MT","47.9739","-115.2253","3600","co"
"MANM8","","MANY GLACIER","MT","48.8","-113.6667","4900","co"
"MBRM8","","MAIN BOULDER","MT","45.4581","-110.1976","5405","co"
"MCCM8","","COW CREEK","MT","46.0333","-106.1945","3228","co"
"MCDM8","","MANNING CORRAL DOGTO","MT","47.7016","-108.478","3080","co"
"MLKM8","","MEDICINE LAKE","MT","48.4872","-104.4758","1975","co"
"MNPM8","","MONUMENT PEAK","MT","45.2167","-110.2333","8850","co"
"MOMM8","","FIRE EFFECTS PORTABL","MT","46.7185","-114.1573","3966","co"
"MPLM8","","MADISON PLATEAU","MT","44.5833","-111.1167","7750","co"
"MTBHP","","BIG HOLE PASS","MT","45.3154","-113.3097","6722","co"
"MTBRN","","TWO MEDICINE","MT","48.4526","-113.195","4751","co"
"MTBWG","","BROWNING","MT","48.5352","-112.9813","4419","co"
"MTINV","","INVERNESS","MT","48.5532","-110.6482","3301","co"
"MTKM8","","MOUNT LOCKART","MT","47.9167","-112.8167","6400","co"
"MTLOM","","LOMA","MT","47.9442","-110.5308","2580","co"
"MTMQM","","MONIDA PASS","MT","44.5577","-112.3137","6824","co"
"MTROG","","ROGERS PASS","MT","47.0877","-112.3723","5406","co"
"NCRM8","","NEWLAN CREEK","MT","46.7369","-110.8512","5635","co"
"NEVM8","","NEVADA CREEK","MT","46.8333","-112.5167","6480","co"
"NINM8","","NINE MILE","MT","47.0713","-114.4013","3314","co"
"NORM8","","NORTHEAST ENTERANCE","MT","45","-110","7350","co"
"OSCM8","","OSCAR","MT","47.3283","-108.925","3565","co"
"OVDM8","","OVANDO 9SSE","MT","46.8969","-113.0619","4255","co"
"PCKM8","CGA","PICKFOOT CREEK","MT","46.5833","-111.2667","6650","co"
"PHGM8","","PHILIPSBURG","MT","46.3167","-113.3","5280","co"
"PHYM8","","PORPHYRY","MT","46.8353","-110.7175","8232","co"
"PICM8","","PIKE CREEK","MT","48.303","-113.3286","5930","co"
"PLAM8","","PLAINS","MT","47.4662","-114.8796","2481","co"
"PLCM8","","PLACER BASIN","MT","45.4167","-110.1","8830","co"
"PMRM8","","PRYOR MOUNTAIN","MT","45.3372","-108.4921","6584","co"
"PNHM8","","PINE HILL","MT","46.776","-104.5801","2649","co"
"PNTM8","","POINT 6","MT","47.0414","-113.9863","7897","co"
"POEM8","","POLEBRIDGE","MT","48.7848","-114.2799","3574","co"
"POPM8","","POPLAR","MT","48.1271","-105.0733","2181","co"
"PRDM8","","PARDEE","MT","47.2683","-114.9169","4569","co"
"PRPM8","","PORCUPINE","MT","46.1167","-110.4667","6500","co"
"PSTM8","","PISTOL CREEK","MT","47.2149","-114.0287","6043","co"
"RCBM8","","ROCKY BOY","MT","48.2553","-109.7859","3789","co"
"RDYM8","","RUDYARD 21N","MT","48.8542","-110.5961","3000","co"
"RKPM8","","ROCKER PEAK","MT","46.3667","-112.25","8000","co"
"ROCM8","","ROCKY BOY","MT","48.1833","-109.65","4700","co"
"RONM8","","RONAN","MT","47.5368","-114.0989","3234","co"
"RRDM8","","RED ROCK","MT","44.6833","-111.8333","6690","co"
"SBFM8","","DEER MOUNTAIN","MT","45.1811","-108.9347","4220","co"
"SBYM8","","SODA BUTTE","MT","45.0139","-110.0386","8160","co"
"SDAM8","","SODA SPRINGS","MT","45.7287","-108.3965","4020","co"
"SDMM8","","SADDLE MOUNTAIN","MT","45.7","-110.4333","7940","co"
"SEEM8","","SEELEY LAKE","MT","47.176","-113.4443","4130","co"
"SFJM8","","SOUTH FORK JUDITH","MT","46.7228","-110.4063","6300","co"
"SFSM8","","SOUTH FORK SHIELDS","MT","46.0833","-110.4333","8100","co"
"SGOM8","","SHENANGO","MT","45.4596","-111.2444","5391","co"
"SHCM8","","SHORT CREEK","MT","44.9667","-111.95","7000","co"
"SLBM8","","SHELBY","MT","48.5042","-111.8553","3325","co"
"SLCM8","","STEELE CREEK","MT","45.6048","-113.3462","6405","co"
"SMTM8","","SMITH CREEK","MT","46.4396","-114.2268","5650","co"
"SNOM8","","BIG SNOWY","MT","46.79","-109.62","6079","co"
"SPBM8","","SPOTTED BEAR LOOKOUT","MT","47.9038","-113.4405","7237","co"
"SPOM8","","SPOTTED BEAR RS","MT","47.9239","-113.5247","3725","co"
"SPRM8","","SPUR PARK","MT","46.7833","-110.6167","8100","co"
"SRRM8","","ALPHA","MT","47.2819","-110.8016","3994","co"
"SRYM8","","ST. MARY","MT","48.7398","-113.4322","4560","co"
"SSMM8","","SOUTH SAWMILL CREEK","MT","47.5621","-107.5285","3290","co"
"STBM8","","STEAMBOAT","MT","46.2609","-108.0993","3716","co"
"STGM8","","ST. REGIS","MT","47.3071","-115.1076","2678","co"
"STKM8","","STINKWATER CREEK","MT","46.8531","-113.3774","5443","co"
"STVM8","","STEVI","MT","46.5135","-114.0908","3365","co"
"SUAM8","","SULA","MT","45.8207","-113.9538","4570","co"
"SUMM8","","SUMMIT","MT","48.3175","-113.3527","5233","co"
"SUPM8","","SUPERIOR","MT","47.1931","-114.8908","2710","co"
"TBRM8","","TIBER DAM","MT","48.31","-111.0877","2850","co"
"TCTM8","","TIMBERCREST","MT","45.1569","-109.3605","6400","co"
"TEPM8","","TEPEE PT","MT","45.9334","-113.742","6629","co"
"THAM8","","THOMPSON FALLS A/P","MT","47.5759","-115.2843","2426","co"
"TIBM8","","TIZER BASIN","MT","46.35","-111.85","6880","co"
"TNDM8","","TENDERFOOT","MT","46.9142","-110.8528","7220","co"
"TNRM8","","TURNER 11N","MT","48.9992","-108.3894","2982","co"
"TPEM8","","TEPEE CREEK","MT","44.7833","-111.7","8000","co"
"TRCM8","","CABINET (TROUT CREEK","MT","47.8667","-115.625","2379","co"
"TROM8","","TROY","MT","48.4667","-115.9166","1950","co"
"WALM8","VLRC","WALDRON","MT","47.9167","-112.7833","5600","co"
"WCRM8","","WICKED CREEK","MT","45.2706","-110.5433","7604","co"
"WEYM8","","W. YELLOWSTONE 9WNW","MT","44.7867","-111.1317","6572","co"
"WGRM8","","WEST GLACIER","MT","48.5106","-113.9967","3165","co"
"WHHM8","","WHITEHALL","MT","45.8715","-112.1082","4390","co"
"WHTM8","","WHITE MILL","MT","45.05","-109.9","8700","co"
"WISM8","","WISDOM","MT","45.6178","-113.4514","6060","co"
"WRSM8","","WISE RIVER","MT","45.7833","-112.9333","5704","co"
"WSFM8","","WEST FORK","MT","45.8156","-114.2583","4420","co"
"WSKM8","","WHISKEY CREEK MT","MT","44.6","-111.15","6800","co"
"WSRM8","","WHITE SULPHUR SPRING","MT","46.5344","-110.8852","5060","co"
"WWMM8","","WOLF MOUNTAIN","MT","45.316","-107.1634","4886","co"
"YKAM8","","YAAK (UPPER FORD)","MT","48.9167","-115.6566","3000","co"
"YLWM8","","YELLOW MULE","MT","45.1658","-111.3594","9200","co"
"ZONM8","","ZONOLITE","MT","48.4306","-115.3972","4204","co"
"42055","","BAY OF CAMPECHE","MX","22.0172","-94.0458","16","oc"
"42056","","YUCATAN BASIN","MX","19.8742","-85.0592","16","oc"
"MCEN","CEN","CIUDAD OBREGON","MX","27.4","-109.8333","230","co"
"MCME","CME","CIUDAD DEL CARMEN","MX","18.65","-91.7833","10","oc"
"MCUL","CUL","CULIACAN","MX","24.8167","-107.4","108","co"
"MCVM","CVM","CIUDAD VICTORIA","MX","23.75","-99.1333","771","co"
"MCZM","CZM","COZUMEL","MX","20.5167","-86.95","16","oc"
"MDGO","DGO","DURANGO","MX","24.0333","-104.6667","6090","co"
"MGYM","GYM","GUAYMAS","MX","27.9833","-110.9333","89","co"
"MHRO","","ROATAN","MX","16.32","-86.53","16","oc"
"MLAP","LAP","LA PAZ","MX","24.1667","-110.4167","46","co"
"MLMM","LMM","LOS MOCHIS","MX","25.8167","-108.9833","56","co"
"MMAN","MMTY","MONTERREY INTL.","MX","25.8667","-100.2333","1470","co"
"MMCE","","CIUDAD_DEL_CARMEN","MX","18.65","-91.8","7","oc"
"MMCL","","CULIACAN_(CITY)","MX","24.82","-107.4","128","co"
"MMCN","MSRL SRL","SANTA ROSALIA","MX","27.3","-112.2833","338","co oc"
"MMCS","MCJS CJS","CIUDAD JUAREZ","MX","31.6333","-106.4333","3842","co"
"MMCU","MCUU CUU","CHIHUAHUA","MX","28.7","-105.97","4462","co"
"MMCV","","CIUDAD_VICTORIA_APT","MX","23.72","-98.97","781","co"
"MMCZ","","COZUMEL_(CIV/MIL)","MX","20.53","-86.93","16","oc"
"MMDO","","DURANGO_AIRPORT","MX","24.13","-104.53","6093","co"
"MMGM","","GUAYMAS_INTL_ARPT","MX","27.97","-110.93","89","co"
"MMHO","HMO","HERMOSILLO_INTL","MX","29.0667","-110.9667","692","co"
"MMIO","","SALTILLO","MX","25.45","-103.9833","5873","co"
"MMLG","MLG","MULEGE","MX","26.8833","-112.0333","200","co oc"
"MMLM","MLM","LOS MOCHIS AIRPORT","MX","25.6833","-109.0833","13","co oc"
"MMLP","","LA_PAZ_INTL_AIRPORT","MX","24.07","-110.37","69","co"
"MMLT","MLTO LTO","LORETO","MX","26.0167","-111.3667","49","co oc"
"MMMA","MAM","MATAMOROS_INTL","MX","25.7667","-97.5333","26","co"
"MMML","MXL","MEXICALI_INTL_ARPT","MX","32.63","-117","72","co"
"MMMV","","MONCLOVA","MX","26.8833","-101.4167","2018","co"
"MMMY","","MONTERREY/GEN_MARIA","MX","25.78","-100.1","1270","co"
"MMMZ","","MAZATLAN/G._BUELNA","MX","23.17","-106.27","33","co"
"MMNL","","NUEVO_LAREDO_INTL","MX","27.43","-99.57","486","co"
"MMPG","","PIEDRAS NEGRAS","MX","28.7","-100.5167","820","co"
"MMRX","MREX REX","REYNOSA","MX","26.0167","-98.2333","128","co"
"MMSD","","SAN JOSE DEL CABO","MX","23.15","-109.7","358","co oc"
"MMTC","TRC","TORREON_AIRPORT","MX","25.53","-103.45","3688","co"
"MMTJ","TIJ","TIJUANA_INTL_ARPT","MX","32.5333","-116.9833","499","co"
"MMVR","","GEN._HERIBERTO_JARA","MX","19.15","-96.18","95","oc"
"MMZC","","ZACATECAS","MX","22.9","-102.6833","7021","co"
"MMZH","","IXTAPA-ZIHUATANEJO","MX","17.6","-101.47","20","oc"
"MMZO","","MANZANILLO INTL.","MX","19.15","-104.5667","26","oc"
"MMZT","MZT","MAZATLAN","MX","23.2","-106.4167","16","co"
"MNAU","NAU","NAUTLA","MX","20.2","-96.7667","10","oc"
"MNLD","NLD","NUEVO LAREDO","MX","27.4333","-99.5667","463","co"
"MNOG","NOG","NOGALES","MX","31.2333","-110.9833","4009","co"
"MPNO","PNO","PINOTEPA","MX","16.35","-98.0667","249","oc"
"MPPE","PPE","PUNTA PENASCO","MX","31.3","-113.55","46","co"
"MVER","VER","VERACRUZ","MX","19.2","-96.1333","46","oc"
"CABB","","BEDFORD_BASIN","NB","44.71","-63.63","13","co"
"CABF","","BURGEO_NL","NB","47.62","-57.62","36","oc"
"CABR","","BEDFORD_RANGE","NB","44.75","-63.66","32","co"
"CABT","","BUCTOUCHE_CDA_CS","NB","46.42","-64.77","118","co"
"CACP","","BACCARO_PT","NB","43.45","-65.47","19","co oc"
"CACQ","","MIRAMICHI_RCS","NB","47","-65.45","111","co"
"CAFC","","FREDERICKTON CDA CS","NB","45.92","-66.6","115","co"
"CAFY","","FUNDY PARK","NB","45.6","-64.95","141","co"
"CAKC","","KOUCHIBOUGUAC","NB","46.7697","-65.0067","112","co"
"CAMS","","MECHANIC_SETTLEMENT","NB","45.7","-65.15","1322","co"
"CARP","","RED PINES","NB","47.4394","-65.5978","407","co"
"CERM","","EDMUNSTON","NB","47.4167","-68.3167","506","co"
"CWCQ","WCQ","CHATHAM_(AUTO8)","NB","47","-65.47","112","co"
"CWIY","WIY","ST LEONARD AUTO8","NB","47.16","-67.83","804","co"
"CWMI","WMI","MISCOU ISL.(AUTO)","NB","48.0167","-64.5","16","co oc"
"CWPE","WPE","POINT LEPREAU","NB","45.07","-66.47","20","co oc"
"CWPJ","WPJ","PT._ESCUMINAC(MAPS)","NB","47.07","-64.8","16","co oc"
"CWSS","WSS","ST. STEPHEN","NB","45.22","-67.25","92","co oc"
"CWXS","","BAS_CARAQUET","NB","47.8","-64.83","16","co oc"
"CWZF","","FREDERICTON AQUATIC","NB","45.9658","-66.6505","27","co"
"CXGM","","GRAND_MANAN_SAR_CS","NB","44.7167","-66.8","255","co oc"
"CYCH","YCH","CHATHAM","NB","47.0167","-65.45","112","co"
"CYCL","YCL","CHARLO","NB","48","-66.3333","125","co oc"
"CYCX","YCX","GAGETOWN","NB","45.8333","-66.4333","167","co"
"CYFC","YFC","FREDERICTON","NB","45.8667","-66.5333","66","co"
"CYQM","YQM","MONCTON","NB","46.1167","-64.6833","233","co"
"CYSJ","YSJ","ST JOHN","NB","45.3167","-65.8833","358","co oc"
"CYSL","","SAINT_LEONARD_ARPT","NB","47.15","-67.83","791","co"
"CZBF","","BATHURST_ARPT(AWRS)","NB","47.63","-65.75","194","co oc"
"CZCR","","CHARLO_AUTO","NB","47.9872","-66.3375","138","co oc"
"41001","1001","EAST HATTERAS","NC","34.675","-72.698","16","co oc"
"41013","","FRYING PAN SHOALS","NC","33.4364","-77.7431","16","co oc"
"41024","","SUNSET NEARSHORE","NC","33.8478","-78.4892","10","co"
"41025","","DIAMOND SHOALS LT","NC","35.0061","-75.4019","16","co oc"
"41035","","ONSLOW BAY","NC","34.4761","-77.2797","16","co"
"41036","","ONSLOW BAY","NC","34.2108","-76.9525","16","co oc"
"41037","","ILM3/27 SE WRIGHTSVI","NC","33.9905","-77.3597","10","co oc"
"41038","","ILM2/5 SE WRIGHTSVIL","NC","34.1408","-77.7148","10","co oc"
"41064","","ONSLOW BAY OUTER","NC","34.207","-76.949","10","co oc"
"AURO","","AURORA","NC","35.3623","-76.7163","4","co"
"BAHA","","BAHAMA","NC","36.1749","-78.8086","491","co"
"BALD","","BALD HEAD ISLAND","NC","33.8458","-77.9658","30","co oc"
"BAYN7","310576","BAYBORO 3 E","NC","35.15","-76.7167","10","co"
"BEAR","","GERTON","NC","35.4614","-82.3582","4219","co"
"BKIN7","","BACK ISLAND","NC","34.5328","-77.722","20","co"
"BNYN7","","BEAUFORT","NC","35.5208","-76.9318","55","co"
"BSKN7","","BUSICK","NC","35.7683","-82.1936","2892","co"
"BUCK","","GATES","NC","36.4695","-76.7609","25","co"
"BURN","","BURNSVILLE","NC","35.9189","-82.2604","2702","co"
"CBTN7","","PILOT MOUNTAIN","NC","36.3565","-80.4925","1076","co"
"CGLN7","","CASWELL GAME LANDS","NC","36.3855","-79.2919","580","co"
"CHKN7","","CHEROKEE","NC","35.6198","-83.2071","3400","co"
"CHON7","","CHEOAH","NC","35.3367","-83.825","2000","co"
"CLAY","","CLAYTON","NC","35.6698","-78.4926","350","co"
"CLJN7","","SANDY RUN","NC","34.6122","-77.4873","150","co"
"COWN7","","COW MOUNTAIN","NC","35.4742","-83.3228","2390","co"
"CUWN7","","JACKSON COUNTY","NC","35.3158","-83.2069","2800","co"
"DARN7","","DAVIDSON RIVER","NC","35.3505","-82.7786","3200","co"
"DKFN7","","DUKE FOREST","NC","35.971","-79.0933","565","co"
"DUKN7","","DUCK PIER","NC","36.1833","-75.7467","21","co oc"
"DURH","","DURHAM","NC","36.029","-78.8585","332","co"
"ELRN7","","ELIZABETH CITY","NC","36.3469","-76.2781","15","co oc"
"FBRN7","","FORT BRAGG","NC","35.1451","-79.0708","453","co"
"FLET","","MILLS RIVER","NC","35.4272","-82.5589","2067","co"
"GBON7","","FINCH'S STATION","NC","35.428","-78.0228","87","co"
"GCRN7","","GREENS CROSS","NC","36.0177","-76.8913","42","co"
"GDCN7","","GRANDFATHER","NC","35.7675","-82.04","1600","co"
"GUIN7","","GUION FARM","NC","35.2128","-82.5897","2600","co"
"HCGN7","","HATTERAS","NC","35.208","-75.703","18","co oc"
"HFMN7","","HOFMANN FOREST","NC","34.825","-77.3231","42","co"
"HGLN7","","HIGHLANDS","NC","35.0861","-83.2175","3915","co"
"JACK","","JACKSON SPRINGS","NC","35.1878","-79.6844","625","co"
"JMPN7","","JOHNNY MERCER PIER","NC","34.21","-77.8","26","co oc"
"K1A5","1A5","MACON CNTY ARPT","NC","35.2167","-83.4167","2021","co"
"K24A","24A","JACKSON COUNTY","NC","35.3172","-83.2097","2857","co"
"K2DP","2DP","DARE COUNTY GNRY RNG","NC","35.6667","-75.9","10","co oc"
"K43A","43A","MONTGOMERY COUNTY","NC","35.3847","-79.7903","632","co"
"K45J","","ROCKINGHAM-HAMLET AR","NC","34.8908","-79.7589","357","co"
"K60J","60J","ODELL WILLIAMSON MUN","NC","33.9085","-78.4367","32","co"
"K79W","79W","OREGON INLET","NC","35.7667","-75.5167","99999","oc"
"K7A8","7A8","AVERY COUNTY/MORRISO","NC","35.9454","-81.9962","2745","co"
"K7W6","7W6","HYDE COUNTY","NC","35.562","-75.9557","6","co oc"
"KACZ","","HENDERSON FIELD","NC","34.7179","-78.0039","38","co"
"KAFP","","WADESBORO/ANSON COU","NC","35.0206","-80.0771","298","co"
"KAKH","","GASTONIA_(ASOS)","NC","35.2","-81.15","801","co"
"KASJ","","AHOSKIE_TRI_COU","NC","36.3","-77.17","69","co"
"KAVL","AVL","ASHEVILLE      ASOS","NC","35.4333","-82.55","2170","co"
"KBUY","","BURLINGTON/ALAMANCE_","NC","36.03","-79.47","617","co"
"KCLT","CLT","CHARLOTTE","NC","35.2133","-80.9486","769","co"
"KCPC","","WHITEVILLE/COLUMBUS","NC","34.2729","-78.715","98","co"
"KCTZ","","SAMPSON CNTY AIRPORT","NC","34.98","-78.36","148","co"
"KDKNC","DKNC","DUCK COE PIER","NC","36.3","-75.85","25","co oc"
"KDPL","","KENANSVILLE/DUPLIN_C","NC","35","-77.98","138","co"
"KECG","ECG","ELIZABETH CITY","NC","36.2667","-76.1833","13","co oc"
"KEDE","","EDENTON_NORTHEA","NC","36.03","-76.57","20","co"
"KEHO","","SHELBY MUNI ARPT","NC","35.25","-81.6","846","co"
"KEQY","","MONROE AIRPORT","NC","35.0199","-80.6203","679","co"
"KETC","","TARBORO EDGECOMBE","NC","35.9373","-77.5465","52","co"
"KEWN","EWN","NEW BERN","NC","35.0833","-77.05","20","co"
"KEXX","","LEXINGTON","NC","35.78","-80.3","732","co"
"KEYF","","ELIZABETHTOWN/BROWN","NC","34.6018","-78.5793","131","co"
"KFAY","FAY","FAYETTEVILLE","NC","35","-78.8833","187","co"
"KFBG","FBG","FORT BRAGG","NC","35.1333","-78.9333","243","co"
"KFFA","","KILL DEVIL HILLS/FIR","NC","36.0167","-75.6667","13","co oc"
"KFQD","","RUTHERFORDTON","NC","35.43","-81.94","1079","co"
"KGEV","","JEFFERSON/ASHE CO","NC","36.4333","-81.4167","3179","co"
"KGSB","313510 GSB","GOLDSBORO 4 SE","NC","35.3444","-77.9647","109","co"
"KGSO","GSO","GREENSBORO   ASOS","NC","36.0833","-79.95","886","co"
"KGWW","","GOLDSBORO-WAYNE MUNI","NC","35.4606","-77.9649","135","co"
"KHBI","KW44","ASHEBORO MUNICIPAL A","NC","35.66","-79.9","673","co"
"KHFF","HFF","HOFFMAN (MACKALL)","NC","35.0333","-79.5","376","co"
"KHKY","HKY","HICKORY","NC","35.75","-81.3833","1188","co"
"KHNZ","","HENDERSON-OXFORD AP","NC","36.3616","-78.5292","528","co"
"KHRJ","K37W","ERWIN/HARNETT COUNT","NC","35.38","-78.74","197","co"
"KHSE","HAT KHAT HSE","HATTERAS     ASOS","NC","35.2322","-75.6225","11","co oc"
"KHSS","HSS","HOT SPRINGS","NC","35.9","-82.8167","1480","co"
"KIGX","","CHAPEL_HILL_(ASOS)","NC","35.935","-79.0658","509","co"
"KILM","ILM","WILMINGTON","NC","34.2667","-77.9167","38","co"
"KINT","INT","WINSTON-SALEM","NC","36.1333","-80.2333","978","co"
"KIPJ","","LINCOLNTON","NC","35.48","-81.16","876","co"
"KISO","ISO","KINSTON","NC","35.3167","-77.6333","95","co"
"KIXA","","ROANOKE RAPIDS REG","NC","36.3298","-77.6352","144","co"
"KJNX","","SMITHFIELD","NC","35.54","-78.38","164","co"
"KJQF","","CONCORD RGNL AP","NC","35.3878","-80.7091","690","co"
"KLBT","","LUMBERTON","NC","34.6","-79.07","125","co"
"KLHZ","","LOUISBURG/FRANKLIN","NC","36.0233","-78.3303","371","co"
"KMCZ","","MARTIN COUNTY","NC","35.8622","-77.1782","75","co"
"KMEB","","MAXTON","NC","34.7914","-79.3681","220","co"
"KMHX","","NEWPORT  WFO","NC","34.7767","-76.8769","31","co"
"KMQI","MQI","MANTEO/DARE","NC","35.9167","-75.7","13","co oc"
"KMRH","","BEAUFORT/SMITH FIELD","NC","34.7325","-76.6569","11","co oc"
"KMRN","","MORGANTON_LENOIR_AIR","NC","35.82","-81.61","1270","co"
"KMWK","","MOUNT_AIRY_SCURRY_CO","NC","36.46","-80.55","1247","co"
"KNBT","","PINEY_ISLAND_BT-11","NC","35.0222","-76.4625","16","co oc"
"KNCA","NCA","JACKSONVILLE MCAS","NC","34.7073","-77.4452","26","co"
"KNJM","","BOGUE_FIELD_MCALF","NC","34.6905","-77.03","23","co oc"
"KNKT","NKT","CHERRY PT. MCAS","NC","34.9027","-76.881","28","co"
"KOAJ","OAJ","JACKSONVILLE","NC","34.8167","-77.6167","89","co"
"KOCW","","WASHINGTON_WARREN_FI","NC","35.57","-77.05","39","co"
"KONX","K9W7","CURRITUCK COUNTY AIR","NC","36.3989","-76.0161","16","co oc"
"KPGV","","PITT-GREENVILLE_ARP","NC","35.6352","-77.3853","26","co"
"KPMZ","","PLYMOUTH MUNI","NC","35.8108","-76.7584","36","co"
"KPOB","316891 POB","POPE AFB","NC","35.1739","-79.0089","218","co"
"KRAH","","RALEIGH  WFO","NC","35.7711","-78.6811","325","co"
"KRCZ","K45J","RICHMOND_CNTY_ARPT","NC","34.8913","-79.7596","357","co"
"KRDU","RDU","RALEIGH-DURHAM","NC","35.8667","-78.7833","441","co"
"KRHP","K6A3","ANDREWS","NC","35.1944","-83.8647","1699","co"
"KRMT","RMT","ROCKY MOUNT","NC","35.9667","-77.8","98","co"
"KRUQ","","SALISBURY","NC","35.65","-80.5167","774","co"
"KRWI","RWI","ROCKY MOUNT","NC","35.8494","-77.8967","160","co"
"KRZZ","","ROANOKE_RAPIDS","NC","36.44","-77.71","253","co"
"KSCR","SILR","SILER CITY","NC","35.7043","-79.5043","617","co"
"KSIF","K78N","ROCKINGHAM_CNTY_SHIL","NC","36.4372","-79.851","693","co"
"KSOP","","SOUTHERN_PINES_AWOS","NC","35.23","-79.4","463","co"
"KSUT","","BRUNSWICK CNTY ARPT","NC","33.93","-78.07","26","co"
"KSVH","","STATESVILLE","NC","35.76","-80.96","965","co"
"KTDF","","ROXBORO","NC","36.28","-78.98","610","co"
"KTNB","","BOONE","NC","36.2","-81.65","3146","co"
"KTTA","","SANFORD-LEE CNTY APT","NC","35.58","-79.1","246","co"
"KUKF","","WILKES COUNTY APT","NC","36.2167","-81.0833","1299","co"
"KVUJ","","ALBEMARLE","NC","35.42","-80.15","610","co"
"KW03","W03","WILSON INDUSTRIAL AI","NC","35.7704","-77.9698","160","co"
"KW40","W40","MOUNT OLIVE MUNI","NC","35.2215","-78.0386","166","co"
"KW95","W95","OCRACOKE ISLAND","NC","35.1012","-75.966","4","co oc"
"KZEF","","ELKIN MUNI","NC","36.28","-80.7861","1067","co"
"LEWS","","LEWISTON","NC","36.1324","-77.1755","61","co"
"LOLN7","","CEDAR ISLAND","NC","34.9564","-76.2783","3","co oc"
"LRLN7","LAUR","LAUREL SPRINGS","NC","36.4024","-81.2972","3000","co"
"LXFN7","","LEXINGTON","NC","35.7921","-80.3116","750","co"
"MAHN7","","7 MILE RIDGE","NC","35.803","-82.6503","2150","co"
"MKLN7","","HORSESHOE HOUSE","NC","35.4693","-79.3809","317","co"
"MTIN7","","MT. ISLAND LAKE","NC","35.3792","-80.9926","676","co"
"NATN7","","NATURE CONSERVANCY","NC","34.0836","-78.3003","60","co"
"NBRN7","","NEW BERN","NC","35.0969","-77.111","20","co"
"NCAT","","GREENSBORO","NC","36.0673","-79.7345","792","co"
"NCVN7","","NORTH COVE PINNACLE","NC","35.8166","-81.9372","2560","co"
"NPTN7","","CROATAN","NC","34.7606","-76.8956","69","co"
"NWWL","","OUANAHAM/WANAHAM","NC","-20.7748","167.2399","91","oc"
"PLYM","","PLYMOUTH","NC","35.8489","-76.6506","20","co"
"POCN7","","POCOSIN LAKES","NC","35.7372","-76.5144","6","co"
"POPN7","","JESSEN STATION","NC","36.0528","-82.3791","3634","co"
"RAVN7","","RAVEN KNOB (SURRY CT","NC","36.4755","-80.8569","1300","co"
"REED","","RALEIGH","NC","35.8071","-78.7441","420","co"
"REID","","REIDSVILLE","NC","36.3815","-79.6998","858","co"
"RKGN7","","ROCKINGHAM","NC","34.9603","-79.6898","400","co"
"ROCK","","ROCKY MOUNT","NC","35.8929","-77.68","88","co"
"RUTN7","","RUTHERFORD COUNTY","NC","35.4286","-81.9394","1056","co"
"RVZN7","","RENDEZVOUS MTN.","NC","36.2272","-81.2966","2384","co"
"SALI","","SALISBURY","NC","35.6974","-80.6219","703","co"
"SMPN7","","NC FIRE RAWS #2","NC","35.3051","-82.7122","2800","co"
"SPIN","","SPINDALE","NC","35.3348","-81.9125","1078","co"
"SPRU","","SPRUCE PINE","NC","35.901","-82.0589","2746","co"
"STCN7","","DARE BOMB RANGE (FR2","NC","35.7608","-75.8714","3","co oc"
"SUNN7","","SUNNY POINT","NC","34.0038","-77.9976","30","co"
"TAYN7","","TAYLORSVILLE (LENOIR","NC","35.9117","-81.1375","1190","co"
"TOPN7","","WAYAH","NC","35.1692","-83.4079","2160","co"
"TOSN7","","TOW STRING","NC","35.5498","-83.2923","2994","co"
"TSQN7","","TUSQUITEE","NC","35.0747","-84.1267","1000","co"
"TURN7","","TURNBULL CREEK","NC","34.6831","-78.5817","100","co"
"UNCA","","ASHEVILLE","NC","35.6223","-82.5665","2222","co"
"UNFN7","","UWHARRIE (TROY)","NC","35.3667","-79.8667","540","co"
"WANN7","","WARRENTON","NC","36.3614","-78.0994","435","co"
"WAYN","","WAYNESVILLE","NC","35.4875","-82.9677","2755","co"
"WCON7","","LUMBERTON","NC","34.5951","-79.0849","120","co"
"WHIN7","","WHITEVILLE","NC","34.3359","-78.7285","100","co"
"WILD","","WALLACE","NC","34.7658","-78.1012","56","co"
"WILL","","WILLIAMSTON","NC","35.839","-77.0935","72","co"
"WINE","","FRANKLIN","NC","35.1731","-83.581","5469","co"
"WLON7","","WILMINGTON","NC","34.227","-77.953","30","co"
"AMDN8","","SAND CREEK","ND","46.5461","-103.5186","2748","co"
"AWWN8","","ARROWWOOD 2","ND","47.2667","-98.8667","1520","co"
"BAFN8","","ALPHA","ND","47.9669","-100.5797","1584","co"
"BLLN8","","LIMA","ND","48.7892","-102.2686","1962","co"
"CSBN8","","CROSBY","ND","48.968","-104.0022","2134","co"
"ECON8","","ECHO","ND","47.7506","-101.6733","2101","co"
"FRTN8","","DEVILS LAKE","ND","47.9885","-98.9749","1530","co"
"HMDN8","","HAMPDEN","ND","48.5281","-98.6236","1582","co"
"JCSN8","","J. CLARK SALYER","ND","48.6153","-100.7291","1440","co"
"K05D","05D","NEW TOWN MUNI","ND","47.9679","-102.4781","1924","co"
"K06D","","ROLLA MUNI ARPT","ND","48.8844","-99.6208","1824","co"
"K08D","","STANLEY MUNI ARPT","ND","48.3008","-102.4064","2244","co"
"K1A2","1A2","ARTHUR","ND","47.1126","-97.2081","973","co"
"K1AN","","BALFOUR","ND","47.97","-100.58","1627","co"
"K1BN","","VELVA","ND","47.91","-100.93","1932","co"
"K1CN","","RUSO","ND","47.71","-101.01","1965","co"
"K1DN","","MAX","ND","47.8","-101.3","2073","co"
"K1EN","","RYDER","ND","47.75","-101.67","2103","co"
"K1FN","","RYDER","ND","47.9","-101.67","2031","co"
"K1GN","","PLAZA","ND","48.12","-101.96","2113","co"
"K1HN","","PARSHALL","ND","47.97","-102.22","1869","co"
"K1IN","","PALERMO","ND","48.34","-102.3","2224","co"
"K1JN","","DONNYBROOK","ND","48.41","-101.89","2198","co"
"K1KN","","DONNYBROOK","ND","48.55","-102.12","2274","co"
"K1LN","","BOWBELLS","ND","48.79","-102.27","1972","co"
"K1MN","","KENMARE","ND","48.67","-101.88","1867","co"
"K1NN","","MOHALL","ND","48.76","-101.59","1693","co"
"K1ON","","ANTLER","ND","48.82","-101.28","1529","co"
"K20U","","BEACH","ND","46.9252","-103.9821","2756","co"
"K2C8","","CAVALIER MUNI ARPT","ND","48.7837","-97.632","892","co"
"K2D5","","OAKES MUNI ARPT","ND","46.1731","-98.0799","1335","co"
"K2H9","2H9","ROLETTE","ND","48.6669","-99.8532","1623","co"
"K2L1","2L1","LARIMORE MUNI","ND","47.9067","-97.641","1130","co"
"K37N","37N","GARRISON DAM RECREAT","ND","47.4827","-101.4081","1723","co"
"K3H4","3H4","HILLSBORO MUNI","ND","47.3594","-97.0604","906","co"
"K3P3","3P3","MOTT MUNI","ND","46.3592","-102.3282","2414","co"
"K46D","","CARRINGTON MUNI ARPT","ND","47.4511","-99.1513","1608","co"
"K4E7","4.00E+07","ELLENDALE MUNI","ND","46.0163","-98.5157","1457","co"
"K4E8","4.00E+08","RICHARDTON","ND","46.8958","-102.3567","2498","co"
"K4N4","4N4","LIDGERWOOD MUNI","ND","46.0892","-97.1661","1081","co"
"K4R6","4R6","MILNOR MUNI","ND","46.2583","-97.4379","1091","co"
"K4S5","4S5","ST THOMAS MUNI","ND","48.6264","-97.4391","839","co"
"K4V4","4V4","NORTHWOOD MUNI-VINCE","ND","47.7249","-97.5898","1119","co"
"K51D","51D","EDGELEY MUNI","ND","46.3497","-98.735","1604","co"
"K5B4","5B4","BOWBELLS MUNI","ND","48.8097","-102.2454","1955","co"
"K5B5","5B5","NAPOLEON MUNI","ND","46.4942","-99.7594","1985","co"
"K5C8","5C8","WASHBURN MUNI","ND","47.3511","-101.0259","1908","co"
"K5H4","","HARVEY MUNI ARPT","ND","47.7912","-99.9317","1608","co"
"K5L0","5L0","LAKOTA MUNI","ND","48.0289","-98.3258","1511","co"
"K5N4","5N4","SKY HAVEN","ND","46.6269","-97.6202","1151","co"
"K5N8","5N8","CASSELTON ROBERT MIL","ND","46.8539","-97.2079","933","co"
"K6D3","6D3","MADDOCK MUNI","ND","47.9803","-99.527","1600","co"
"K6H8","6H8","HAZELTON MUNI","ND","46.4822","-100.2637","2015","co"
"K6L3","6L3","LISBON MUNI","ND","46.447","-97.7282","1241","co"
"K6L5","6L5","WISHEK MUNI","ND","46.2496","-99.5397","2043","co"
"K7G2","7G2","MC CLUSKY MUNI","ND","47.462","-100.4872","1900","co"
"K7K5","7K5","KENMARE MUNI","ND","48.6676","-102.048","1962","co"
"K7L2","","LINTON MUNI ARPT","ND","46.2206","-100.2456","1778","co"
"K8J7","8J7","TOMLINSON FIELD","ND","47.6964","-99.1312","1533","co"
"K8M6","8M6","MC VILLE MUNI","ND","47.7703","-98.1849","1473","co"
"K91N","91N","TURTLE LAKE MUNI","ND","47.5096","-100.9166","1916","co"
"K95D","95D","BEULAH","ND","47.2512","-101.815","1791","co"
"K96D","","WALHALLA MUNI ARPT","ND","48.9406","-97.9028","951","co"
"K9D7","","CANDO MUNI ARPT","ND","48.48","-99.2364","1480","co"
"K9G9","9G9","GACKLE MUNI","ND","46.6216","-99.1645","1904","co"
"K9Y1","9Y1","DUNN COUNTY WEYDAHL","ND","47.3913","-102.7718","2249","co"
"KASY","","ASHLEY MUNI","ND","46.0231","-99.3526","2032","co"
"KBAC","","VALLEY CITY (BARNES","ND","46.941","-98.018","1402","co"
"KBIS","BIS","BISMARCK","ND","46.7667","-100.75","1660","co"
"KBPP","","BOWMAN","ND","46.18","-103.43","2959","co"
"KBWP","","WAHPETON/HARRY STERN","ND","46.2441","-96.6074","967","co"
"KBWW","","BOWMAN RGNL","ND","46.1655","-103.3007","2965","co"
"KD03","D03","KULM MUNI","ND","46.3068","-98.9388","1959","co"
"KD05","D05","GARRISON MUNI","ND","47.656","-101.4368","1937","co"
"KD06","D06","MINTO MUNI","ND","48.2926","-97.394","820","co"
"KD09","D09","BOTTINEAU MUNI","ND","48.8305","-100.4173","1680","co"
"KD24","D24","FESSENDEN-STREIBEL M","ND","47.6597","-99.661","1619","co"
"KD29","D29","DRAYTON MUNI","ND","48.6185","-97.1759","798","co"
"KD31","D31","LEEDS MUNI","ND","48.285","-99.4035","1508","co"
"KD49","D49","COLUMBUS MUNI","ND","48.8994","-102.7923","1931","co"
"KD50","","CROSBY MUNI","ND","48.9285","-103.2973","1949","co"
"KD54","D54","WEST FARGO MUNI","ND","46.9004","-96.9185","896","co"
"KD55","","ROBERTSON FLD","ND","48.7531","-98.3937","1608","co"
"KD56","D56","MAYVILLE MUNI","ND","47.4768","-97.3281","977","co"
"KD57","","GLEN ULLIN","ND","46.8128","-101.8602","2090","co"
"KD60","","TIOGA MUNI","ND","48.3803","-102.8974","2270","co"
"KD61","D61","TOWNER MUNI","ND","48.3592","-100.3956","1484","co"
"KD64","D64","WESTHOPE MUNI","ND","48.9131","-101.0337","1492","co"
"KDIK","DIK","DICKINSON","ND","46.7997","-102.7997","2579","co"
"KDVL","P11 DVL","DEVIL'S LAKE","ND","48.1167","-98.9","1453","co"
"KFAR","FAR","FARGO","ND","46.9112","-96.8147","899","co"
"KFGF","","GRAND FORKS  WFO","ND","47.9219","-97.0981","839","co"
"KGAF","","HUTSON FLD","ND","48.4047","-97.3709","823","co"
"KGFK","GFK","GRAND FORKS","ND","47.95","-97.1833","843","co"
"KGWR","","GWINNER ROGER MELROE","ND","46.2187","-97.6435","1266","co"
"KHBC","","MOHALL MUNI","ND","48.7684","-101.537","1649","co"
"KHEI","","HETTINGER","ND","46.0106","-102.6497","2705","co"
"KHZE","","MERCER CO RGNL ARPT","ND","47.2899","-101.581","1814","co"
"KJMS","JMS","JAMESTOWN","ND","46.9258","-98.6692","1492","co"
"KK74","K74","ROBERT ODEGAARD FIEL","ND","46.6487","-96.999","947","co"
"KMIB","MIB","MINOT AFB","ND","48.4167","-101.35","1667","co"
"KMOT","MOT","MINOT","ND","48.2553","-101.2733","1665","co"
"KN60","N60","GARRISON (AMOS)","ND","47.6458","-101.4394","1909","co"
"KP24","P24","ROSEGLEN (AMOS)","ND","47.75","-101.8333","2047","co"
"KP67","P67","LIDGERWOOD(RAMOS)","ND","46.1","-97.15","1152","co"
"KPMB","","PEMBINA MUNI","ND","48.9424","-97.2407","796","co"
"KRDR","RDR","GRAND FORKS AFB","ND","47.95","-97.4","909","co"
"KRUG","","RUGBY MUNI","ND","48.3904","-100.0243","1549","co"
"KS25","","WATFORD CITY MUNI","ND","47.7966","-103.2552","2110","co"
"KS28","S28","INTL PEACE GARDEN","ND","48.9973","-100.0437","2317","co"
"KS32","","COOPERSTOWN","ND","47.4228","-98.1059","1424","co"
"KXWA","","WILLISTON BASIN INTL","ND","48.1347","-103.7506","2353","co"
"KY19","","MANDAN MUNI","ND","46.768","-100.8944","1944","co"
"KY27","Y27","STANDING ROCK","ND","46.0669","-100.6328","1633","co"
"KY37","Y37","PARK RIVER - W C SKJ","ND","48.3941","-97.7808","1104","co"
"KY71","Y71","ELGIN MUNI","ND","46.3828","-101.8449","2355","co"
"KY74","Y74","PARSHALL-HANKINS","ND","47.9357","-102.1421","2032","co"
"KY99","Y99","TRULSON FIELD","ND","48.0306","-101.9532","2105","co"
"LWDN8","","LOSTWOOD","ND","48.648","-102.4063","2270","co"
"PARN8","","HOTEL","ND","47.9742","-102.2225","2101","co"
"SNGN8","","SHEYENNE","ND","46.4669","-97.3173","1070","co"
"TMTN8","","TURTLE MOUNTAIN","ND","48.8093","-99.8385","1859","co"
"TTKN8","","TATANKA PRAIRIE","ND","46.1602","-100.9013","2316","co"
"WCYN8","","WATFORD CITY","ND","47.6637","-103.3191","2385","co"
"AGTN1","","AGATE","NE","42.425","-103.7358","4400","co"
"BNKN1","","BENKELMAN","NE","40.05","-101.5325","909","co"
"BRRN1","","BRAVO 01","NE","41.51","-103.995","5260","co"
"BVCN1","","BEAVER CITY","NE","40.1305","-99.8277","2148","co"
"ECRN1","","ECHO 01","NE","41.1025","-103.983","5280","co"
"FORN1","","FOX 01","NE","41.3636","-103.4883","4767","co"
"HAYN1","","HAYES CENTER 1 NW","NE","40.5232","-101.0345","3042","co"
"HRSN1","","KINGS CANYON","NE","42.7236","-102.9716","4080","co"
"HSYN1","","BESSEY","NE","41.8972","-100.3105","2873","co"
"K07K","07K","CENTRAL CITY MUNI -","NE","41.1116","-98.0513","1717","co"
"K08K","08K","HARVARD STATE","NE","40.6513","-98.0799","1815","co"
"K09K","09K","SARGENT MUNI","NE","41.6349","-99.3421","2313","co"
"K0B4","0B4","HARTINGTON MUNI/ BUD","NE","42.6031","-97.2535","1388","co"
"K0C4","0C4","PENDER MUNI","NE","42.1134","-96.7278","1345","co"
"K0F4","0F4","LOUP CITY MUNI","NE","41.2864","-98.99","2073","co"
"K0G3","0G3","TECUMSEH MUNI","NE","40.4009","-96.1704","1306","co"
"K0V3","0V3","PIONEER VILLAGE FIEL","NE","40.5149","-98.9456","2160","co"
"K12K","12K","SUPERIOR MUNI","NE","40.0462","-98.0613","1692","co"
"K1BW","","PINE BLUFFS","NE","41.52","-104","5272","co"
"K1CW","","GERING","NE","41.59","-103.67","4498","co"
"K1DW","","KIMBALL","NE","41.37","-103.8","5072","co"
"K1FW","","DIX","NE","41.37","-103.48","4767","co"
"K1HW","","GURLEY","NE","41.32","-102.83","4144","co"
"K1IW","","SIDNEY","NE","41.05","-102.87","4242","co"
"K1KW","","DIX","NE","41.1333","-103.4833","4721","co"
"K1V2","1V2","GRANT COUNTY","NE","42.01","-101.7701","3737","co"
"K37V","37V","ARAPAHOE MUNI","NE","40.3416","-99.9078","2273","co"
"K47V","47V","CURTIS MUNI","NE","40.6388","-100.4734","2677","co"
"K4D9","4D9","ALMA MUNI","NE","40.1125","-99.3464","2073","co"
"K4V6","4V6","HAY SPRINGS MUNI","NE","42.6822","-102.7012","3831","co"
"K4V9","4V9","ANTELOPE COUNTY","NE","42.1123","-98.0398","1774","co"
"K50K","50K","PAWNEE CITY MUNI","NE","40.1162","-96.1949","1260","co"
"K64V","64V","WALLACE MUNI","NE","40.8322","-101.164","3101","co"
"K6K3","6K3","CREIGHTON MUNI","NE","42.4713","-97.8848","1653","co"
"K6V1","6V1","IMPERIAL","NE","40.55","-101.65","3291","co"
"K7V7","7V7","RED CLOUD MUNI","NE","40.0822","-98.5414","1744","co"
"K84Y","84Y","BLOOMFIELD MUNI","NE","42.5797","-97.6737","1673","co"
"K8V2","8V2","STUART-ATKINSON MUNI","NE","42.5627","-99.0388","2131","co"
"K93Y","93Y","DAVID CITY MUNI","NE","41.2304","-97.1225","1617","co"
"K97Y","97Y","GENOA MUNI","NE","41.4042","-97.7087","1570","co"
"K9V5","9V5","MODISETT","NE","42.7366","-102.4444","3751","co"
"KAFK","","NEBRASKA CITY MUNI A","NE","40.6069","-95.8657","1161","co"
"KAHQ","","WAHOO MUNI ARPT","NE","41.2406","-96.5946","1224","co"
"KAIA","AIA","ALLIANCE       ASOS","NE","42.05","-102.8","3931","co"
"KANW","ANW","AINSWORTH","NE","42.5833","-99.9833","2589","co"
"KAUH","","AURORA","NE","40.9","-97.98","1804","co"
"KBBW","BBW","BROKEN BOW","NE","41.4364","-99.6422","2530","co"
"KBFF","BFF","SCOTTSBLUFF  ASOS","NE","41.8667","-103.6","3958","co"
"KBIE","BIE","BEATRICE","NE","40.3013","-96.7541","1322","co"
"KBTA","","BLAIR_MUNI_AIRPORT","NE","41.4148","-96.109","1325","co"
"KBUB","BUB K20","BURWELL","NE","41.7667","-99.1333","2179","co"
"KBVN","","ALBION_MUNI_ARPT","NE","41.7286","-98.0558","1806","co"
"KCDR","CDR","CHADRON","NE","42.8372","-103.0978","3317","co"
"KCEK","","CRETE MUNI","NE","40.6184","-96.9257","1500","co"
"KCNP","","BILLY G RAY FIELD","NE","41.0775","-102.4641","3682","co"
"KCSB","","CAMBRIDGE MUNI","NE","40.3066","-100.1621","2414","co"
"KCZD","CZD","COZAD","NE","40.8667","-100","2496","co"
"KEAR","EAR","KEARNEY","NE","40.7333","-99","2129","co"
"KFBY","","FAIRBURY MUNI","NE","40.182","-97.1679","1479","co"
"KFET","","FREMONT_MUNI_ARPT","NE","41.45","-96.52","1243","co"
"KFMZ","","FAIRMONT STATE AIRFI","NE","40.5861","-97.5731","1636","co"
"KFNB","252850 FNB","FALLS CITY 2 NE","NE","40.0789","-95.5919","980","co"
"KGGF","","GRANT MUNI","NE","40.8707","-101.7339","3425","co"
"KGID","253660 GID","HASTINGS 4 N","NE","40.6475","-98.3833","1940","co"
"KGRI","GRI","GRAND ISLAND ASOS","NE","40.9667","-98.3167","1856","co"
"KGRN","GRN","GORDON","NE","42.8","-102.2","3550","co"
"KGTE","","GOTHENBURG MUNI","NE","40.9255","-100.1466","2559","co"
"KHDE","","BREWSTER FIELD_ARPT","NE","40.45","-99.33","2310","co"
"KHJH","","HEBRON MUNI ARPT","NE","40.1522","-97.5869","1467","co"
"KHSI","HSI","HASTINGS     ASOS","NE","40.6","-98.4333","1955","co"
"KIBM","","KIMBALL MUNI AP/ARRA","NE","41.1881","-103.6774","4925","co"
"KIML","IML","IMPERIAL AWRS","NE","40.5167","-101.6167","3273","co"
"KJYR","","YORK MUNICIPAL ARPT","NE","40.9","-97.62","1670","co"
"KK01","K01","FARINGTON FIELD","NE","40.3867","-95.788","924","co"
"KK46","","BLAIR_MUNI_ARPT","NE","41.4181","-96.1136","1324","co"
"KLBF","LBF","NORTH PLATTE","NE","41.1333","-100.6833","2787","co"
"KLCG","","WAYNE MUNI AP","NE","42.2419","-96.9814","1431","co"
"KLNK","LNK","LINCOLN      ASOS","NE","40.85","-96.75","1189","co"
"KLXN","","LEXINGTON","NE","40.8","-99.76","2411","co"
"KMCK","MCK","MCCOOK","NE","40.2167","-100.5833","2579","co"
"KMHN","MHN","MULLEN","NE","42.05","-101.05","3261","co"
"KMLE","","OMAHA/MILLARD AP","NE","41.1958","-96.1122","1050","co"
"KOAX","","VALLEY  WFO","NE","41.32","-96.3667","1147","co"
"KODX","ODX","ORD","NE","41.6167","-98.95","2068","co"
"KOFF","OFF","OFFUTT AFB","NE","41.1167","-95.9","1047","co"
"KOFK","OFK","NORFOLK","NE","41.9833","-97.4333","1551","co"
"KOGA","","OGALALLA","NE","41.12","-101.76","3278","co"
"KOKS","","GARDEN COUNTY/KING R","NE","41.4019","-102.3564","3394","co"
"KOLU","OLU","COLUMBUS","NE","41.45","-97.35","1444","co"
"KOMA","OMA","OMAHA","NE","41.3","-95.9","982","co"
"KONL","ONL","O'NEILL","NE","42.4667","-98.6833","2029","co"
"KOVN","OVN 3NO","OMAHA NORTH","NE","41.3667","-96.0167","1315","co"
"KPMV","","PLATTSMOUTH_MUNI_ARP","NE","40.9502","-95.9179","1200","co"
"KPWE","PWE","PAWNEE","NE","40.2","-96.2","1362","co"
"KRBE","","ROCK COUNTY","NE","42.5711","-99.5695","2349","co"
"KSCB","","SCRIBNER STATE","NE","41.6103","-96.6299","1325","co"
"KSNY","SNY","SIDNEY         ASOS","NE","41.1","-102.9833","4311","co"
"KSWT","","SEWARD MUNI","NE","40.8647","-97.1092","1506","co"
"KTIF","","THEDFORD/THOMAS CTY","NE","41.9619","-100.5689","2927","co"
"KTQE","TQE","TEKAMAH      ASOS","NE","41.7667","-96.1833","1027","co"
"KVTN","VTN","VALENTINE    ASOS","NE","42.8667","-100.55","2598","co"
"MTRN1","","MONTROSE","NE","42.923","-103.7929","3734","co"
"RESN1","","CRESCENT LAKE - FTS","NE","41.7611","-102.4377","3900","co"
"RINN1","","RAINWATER BASIN","NE","40.5687","-98.1512","1821","co"
"SBFN1","","SCOTTS BLUFF","NE","41.8294","-103.708","4224","co"
"TTNN1","","TRENTON DAM","NE","40.1903","-101.0668","857","co"
"VRFN1","","VALENTINE","NE","42.4839","-100.523","2927","co"
"CADS","","ST_LAWRENCE","NF","46.92","-55.38","49","oc"
"CAJT","","STEPHENVILLE RCS","NF","48.5614","-58.5661","190","oc"
"CAJW","","ST JOHNS WEST CLIMAT","NF","47.5133","-52.7833","361","oc"
"CAVA","","BONAVISTA_RCS","NF","48.65","-53.1","85","oc"
"CAWR","CXWR","WRECKHOUSE","NF","47.71","-59.31","104","oc"
"CWAG","","LA_SCIE","NF","49.9167","-55.6667","633","oc"
"CWAX","WAX","ST. ANTHONY","NF","51.3667","-55.6333","364","oc"
"CWBF","","BURGEO (AUTO)","NF","47.6167","-57.6167","39","oc"
"CWDH","","DANIEL'S_HARBOUR","NF","50.23","-57.58","62","oc"
"CWDO","","TWILLINGATE_(MAPS)","NF","49.68","-54.8","302","oc"
"CWDS","","SAINT_LAWRENCE","NF","46.9167","-55.3833","161","oc"
"CWHO","","HOPEDALE","NF","55.45","-60.2167","26","oc"
"CWKW","","CAPE_KAKKIVIAK","NF","59.98","-64.17","1808","oc"
"CWRA","","CAPE_RACE_(MARS)","NF","46.65","-53.07","91","oc"
"CWVA","WVA","BONAVISTA","NF","48.7","-53.0833","82","oc"
"CWVW","","GRATES_COVE(AUTO)","NF","48.17","-52.93","59","oc"
"CWXI","","FEROLLE_PT._(MAPS)","NF","51.0167","-57.1","19","oc"
"CWYI","WYI","POOLS ISLAND","NF","49.1122","-53.5811","33","oc"
"CWZB","WZB","PORT AUX BASQUES","NF","47.5667","-59.1667","26","oc"
"CWZN","WZN","SAGONA_ISL_(MAPS)","NF","47.37","-55.8","115","oc"
"CWZZ","","SAGLEK_(BAY)","NF","58.33","-62.58","1585","oc"
"CXSW","","ST. JOHN'S WEST CDA","NF","47.5","-52.78","374","oc"
"CXWT","","WINTERLAND","NF","47.1364","-55.3275","95","oc"
"CYCA","YCA CWCA","CARTWRIGHT","NF","53.7","-57.0333","46","oc"
"CYDH","YDH","DANIELS HARBOUR","NF","50.2333","-57.5833","66","oc"
"CYJT","YJT","STEPHENVILLE","NF","48.5333","-58.55","85","oc"
"CYWK","YWK","WABUSH LAKE","NF","52.9333","-66.8667","1808","co"
"CYYR","YYR","GOOSE","NF","53.3167","-60.4167","161","co"
"CYYT","YYT","ST JOHNS","NF","47.6167","-52.75","459","oc"
"CZUM","ZUM","CHURCHILL FALLS","NF","53.55","-64.1","1444","co"
"BERN3","","BEAR BROOK","NH","43.1568","-71.3768","365","co"
"CWYN3","","WHITE MTN NF","NH","43.9806","-71.1406","460","co"
"GGRN3","","GREAT GULF","NH","44.29","-71.2281","1560","co"
"IOSN3","IOSN 25B","ISLE OF SHOALS","NH","42.9667","-70.6233","62","co oc"
"K1P1","","PLYMOUTH MUNI_ARPT","NH","43.7792","-71.7536","505","co"
"K2B3","2B3","PARLIN FIELD","NH","43.3871","-72.1876","785","co"
"K2G8","2G8","GORHAM","NH","44.3936","-71.1981","835","co"
"K5B9","5B9","DEAN MEMORIAL","NH","44.0802","-72.0078","582","co"
"KAFN","AFN","JAFFREY        ASOS","NH","42.8","-72","1040","co"
"KASH","ASH","NASHUA/BOIRE FLD","NH","42.7818","-71.5148","200","co"
"KBML","BML","BERLIN       ASOS","NH","44.5833","-71.1833","1158","co"
"KCNH","","CLAREMONT MUNI","NH","43.3705","-72.3682","544","co"
"KCON","CON","CONCORD","NH","43.2","-71.5","346","co"
"KDAW","","ROCHESTER","NH","43.2781","-70.9222","322","co"
"KEEN","EEN","KEENE  (AWOS)","NH","42.9","-72.2667","486","co"
"KHIE","HIE","WHITEFIELD   ASOS","NH","44.3667","-71.55","1074","co"
"KLCI","LCI","LACONIA  (AWOS)","NH","43.5667","-71.4333","546","co"
"KLEB","LEB","LEBANON","NH","43.6333","-72.3167","571","co"
"KMHT","MHT","MANCHESTER","NH","42.9333","-71.4333","233","co"
"KMWN","MWN","MT. WASHINGTON","NH","44.2667","-71.3","6273","co"
"KPSM","PSM","PORTSMOUTH","NH","43.0833","-70.8167","102","co"
"LNCN3","","LANCASTER","NH","44.5262","-71.5725","898","co"
"MNPC","","PUERTO CABEZAS","NI","14.0333","-83.4","49","oc"
"44004","4004","EAST CAPE MAY","NJ","38.47","-70.5597","16","co oc"
"44066","","EAST CAPE MAY","NJ","39.584","-72.6","16","co oc"
"BDRN4","","8539094-BURLINGTON","NJ","40.0819","-74.8719","25","co"
"BLAN4","","ANCORA HOSPITAL","NJ","39.6846","-74.8647","116","co"
"CALN4","","TEETERTOWN","NJ","40.7492","-74.8586","1017","co"
"CMAN4","","CAPE MAY","NJ","38.9679","-74.96","31","co oc"
"CTWN4","","COYLE FIELD","NJ","39.8125","-74.425","180","co oc"
"DEAN4","","NEW MIDDLESEX COUNTY","NJ","40.4072","-74.4942","94","co"
"JACN4","","JACKSON","NJ","40.0986","-74.3161","105","co oc"
"K12N","","ANDOVER","NJ","41.02","-74.73","584","co"
"K13N","13N","TRINCA","NJ","40.9661","-74.7817","600","co"
"K26N","26N","OCEAN CITY MUNI","NJ","39.2635","-74.6075","6","co oc"
"K4N1","4N1","GREENWOOD LAKE","NJ","41.1284","-74.3465","790","co"
"K55N","55N","ATLANTIC CITY","NJ","39.3833","-74.4167","6","co oc"
"KACY","ACY","ATLANTIC CITY  ASOS","NJ","39.45","-74.5667","67","co oc"
"KBLM","","BELMAR-FARMDALE","NJ","40.18","-74.13","157","co oc"
"KCDW","CDW","CALDWELL","NJ","40.8667","-74.2833","174","co"
"KEWR","EWR","NEWARK","NJ","40.7","-74.1667","30","co"
"KFWN","","SUSSEX","NJ","41.1992","-74.6261","421","co"
"KLDJ","","LINDEN AIRPORT","NJ","40.6174","-74.2446","23","co"
"KMIV","MIV","MILLVILLE","NJ","39.3667","-75.0667","89","co"
"KMJX","","ROBERT MILLER ARPRK","NJ","39.9275","-74.2924","82","co oc"
"KMMU","MMU","MORRISTOWN","NJ","40.8","-74.4167","187","co"
"KN12","N12","LAKEWOOD","NJ","40.0669","-74.1776","42","co oc"
"KN78","N78","BARNEGAT","NJ","39.7667","-74.1","20","co oc"
"KN81","N81","HAMMONTON MUNI","NJ","39.6675","-74.7577","65","co"
"KN91","N91","CAPE MAY","NJ","38.95","-74.8833","6","co oc"
"KNEL","NEL","LAKEHURST NAS","NJ","40.0333","-74.3536","103","co oc"
"KOBI","","WOODBINE MUNI","NJ","39.2191","-74.7948","41","co oc"
"KPHI","","MOUNT HOLLY  WFO","NJ","40.0133","-74.8175","30","co"
"KSMQ","","SOMERSET_AIRPORT_ASO","NJ","40.6239","-74.6694","105","co"
"KTEB","TEB","TETERBORO","NJ","40.85","-74.05","10","co"
"KTTN","TTN","TRENTON","NJ","40.2833","-74.8167","213","co"
"KVAY","","MOUNT HOLLY","NJ","39.9406","-74.8411","53","co"
"KWRI","WRI","MCGUIRE AFB","NJ","40.0167","-74.6","135","co"
"KWWD","WWD","WILDWOOD","NJ","39.0167","-74.9167","23","co oc"
"OCVN4","","EB FORSYTHE","NJ","39.465","-74.4491","20","co oc"
"RAWN4","","RINGWOOD","NJ","41.118","-74.2403","567","co"
"ROBN4","","ROBINS REEF","NJ","40.6569","-74.0647","50","co"
"SDHN4","NP014","SANDY HOOK","NJ","40.4664","-74.0101","7","co"
"SJSN4","","SHIP JOHN SHOAL","NJ","39.3047","-75.375","48","co"
"WALN4","","WALLKILL RIVER NWR","NJ","41.2615","-74.5373","278","co"
"WOBN4","","WOODBINE","NJ","39.23","-74.8039","43","co oc"
"ACON5","","BRUSHY MOUNTAIN","NM","34.72","-107.8484","8789","co"
"BATN5","","BATDRAW","NM","32.1786","-104.4405","4425","co"
"BCHN5","","CHUPADERA","NM","33.7729","-106.0985","5541","co"
"BDAN5","","BOSQUE","NM","33.821","-106.8818","4455","co"
"BGIN5","","I-40","NM","35.1044","-106.6916","4950","co"
"BLCN5","","BLUEWATER CREEK","NM","35.2228","-108.1552","7624","co"
"BLWN5","","BLUEWATER RIDGE","NM","35.1942","-108.163","8289","co"
"BMRN5","","BLACK MESA","NM","36.0371","-106.0496","5460","co"
"BMTN5","","BURRO MOUNTAIN","NM","32.6719","-108.5397","6965","co"
"BVRN5","","BEAVERHEAD","NM","33.4236","-108.11","6659","co"
"CBBN5","","CUBA","NM","35.9419","-107.0773","7033","co"
"CHMN5","291664","CHAMA","NM","36.9178","-106.5781","7850","co"
"CIMN5","","CIMARRON","NM","36.6061","-105.1202","8744","co"
"COPN5","","SMOKEY BEAR","NM","33.3502","-105.686","7090","co"
"COYN5","","COYOTE","NM","36.0731","-106.6572","8651","co"
"CPPN5","","CAPROCK","NM","32.9273","-103.8568","4210","co"
"CSMN5","","COSMIC","NM","32.7792","-105.82","9082","co"
"CWRN5","","ALBINO CANYON","NM","36.9766","-107.6289","7173","co"
"DLCN5","","DULCE #2","NM","36.935","-107","6730","co"
"DPKN5","","DEADMAN PEAK","NM","36.4228","-106.7719","8263","co"
"DPRN5","","PELONA MOUNTAIN","NM","33.6938","-108.0616","8030","co"
"DTLN5","","DATIL","NM","34.2925","-107.768","8435","co"
"DUNN5","","DUNKEN","NM","32.8247","-105.1825","5431","co"
"GMLN5","","MALPAIS LAVA FLOW","NM","34.8518","-108.1745","7514","co"
"GNMN5","","GILA CENTER RAWS","NM","33.2236","-108.2402","5600","co"
"GRSN5","","GRANTS","NM","35.2428","-107.6652","8620","co"
"GSCN5","","BARTLEY","NM","35.8939","-105.4619","8339","co"
"HHRN5","","HACHITA VALLEY","NM","31.702","-108.3417","4291","co"
"JARN5","","JARITA MESA","NM","36.5558","-106.103","8803","co"
"JESN5","","JEMEZ","NM","35.8406","-106.6197","8182","co"
"K0E0","","MORIARTY ARPT","NM","34.9856","-106.0095","6199","co"
"K0E8","0.00E+00","CROWNPOINT","NM","35.7177","-108.2016","6696","co"
"K13Q","13Q","JEWETT MESA","NM","34.0043","-108.6798","7681","co"
"K18T","18T","TATUM","NM","33.2608","-103.2785","3986","co"
"K1V0","1V0","NAVAJO LAKE","NM","36.8083","-107.6526","6478","co"
"K24N","24N","JICARILLA APACHE NAT","NM","36.8285","-106.8842","7618","co"
"K2C2","2C2","WHITE SANDS M-RANGE","NM","32.3833","-106.4833","4081","co"
"K4CR","4CR","CARONA","NM","34.1","-105.6833","6500","co"
"K4MR","4MR MRNN5","MELROSE AFR","NM","34.3","-103.8","4350","co"
"K4MY","4MY","MORIARITY","NM","34.9833","-106","6221","co"
"K4SL","4SL","TORREON","NM","35.7833","-107.166","7200","co"
"K5V5","5V5","SHIPROCK AIRSTRIP","NM","36.6977","-108.701","5272","co"
"KABQ","ABQ","ALBUQUERQUE    ASOS","NM","35.05","-106.6167","5314","co"
"KAEG","","DOUBLE EAGLE/ALBUQUE","NM","35.14","-106.8","5837","co"
"KALM","ALM","ALAMOGORDO","NM","32.8333","-106","4162","co"
"KATS","","ARTESIA","NM","32.8525","-104.4675","3550","co"
"KAXX","","ANGEL_FIRE","NM","36.422","-105.2899","8380","co"
"KBRG","","BELEN RGNL","NM","34.6459","-106.8363","5200","co"
"KCAO","CAO","CLAYTON        ASOS","NM","36.45","-103.15","4972","co"
"KCNM","CNM","CARLSBAD","NM","32.3344","-104.2519","3231","co"
"KCQC","","CLINES CORNERS","NM","35","-105.6667","7087","co"
"KCVN","CVN","CLOVIS   (AWOS)","NM","34.4167","-103.0833","4198","co"
"KCVS","CVS","CANNON AFB","NM","34.3833","-103.3167","4295","co"
"KDMN","DMN","DEMING","NM","32.2597","-107.72","4300","co"
"KDNA","","DONA ANA COUNTY INTL","NM","31.8804","-106.7033","4113","co"
"KE05","E05","HATCH MUNI","NM","32.6603","-107.1954","4129","co"
"KE06","E06","LEA COUNTY-ZIP FRANK","NM","32.9539","-103.4088","3979","co"
"KE14","E14","OHKAY OWINGEH","NM","36.0261","-106.0454","5790","co"
"KE23","E23","TAOS","NM","36.4167","-105.5667","6966","co"
"KE26","E26","LEA COUNTY/JAL/","NM","32.1311","-103.1549","3118","co"
"KE28","E28","NORTHROP STRIP AF","NM","32.9405","-106.4127","3911","co"
"KE32","E32","LINDRITH AIRPARK","NM","36.2914","-107.0562","7202","co"
"KE33","E33","CHAMA","NM","36.9","-106.5833","7851","co"
"KE80","","ALEXANDER MUNI","NM","34.6452","-106.8337","5194","co"
"KE89","E89","CONCHAS LAKE","NM","35.3678","-104.1805","4232","co"
"KE92","E92","ESTANCIA MUNI","NM","34.7634","-106.0414","6100","co"
"KE94","E94","GLENWOOD","NM","33.3528","-108.8673","5428","co"
"KEPZ","","SANTA TERESA  WFO","NM","31.8731","-106.698","4110","co"
"KF37","F37","CARRIZOZO MUNI","NM","33.6489","-105.8962","5373","co"
"KFMN","FMN","FARMINGTON","NM","36.75","-108.2333","5502","co"
"KFSU","","FORT SUMNER MUNI","NM","34.4878","-104.2169","4165","co"
"KGNT","GNT","GRANTS","NM","35.1667","-107.9","6519","co"
"KGUP","GUP","GALLUP","NM","35.5083","-108.7925","6464","co"
"KHBB","","HOBBS","NM","32.7667","-103.2167","3707","co"
"KHMN","HMN","HOLLOMAN AFB","NM","32.85","-106.1","4094","co"
"KHOB","HOB","HOBBS","NM","32.6833","-103.2","3658","co"
"KIKR","","KIRTLAND AFB","NM","35.05","-106.6","5351","co"
"KLAM","LAM","LOS ALAMOS","NM","35.8798","-106.2694","7171","co"
"KLRU","LRU","LAS CRUCES","NM","32.2833","-106.9167","4544","co"
"KLSB","","LORDSBURG","NM","32.3334","-108.6917","4288","co"
"KLVS","LVS","LAS VEGAS","NM","35.6558","-105.1381","6864","co"
"KM10","M10","MOUNTAINAIR MUNI","NM","34.5333","-106.2239","6492","co"
"KM63","","MCGREGOR RANGE","NM","32.07","-106.15","4209","co"
"KN17","N17","VAUGHN MUNI","NM","34.6046","-105.1918","5936","co"
"KN19","N19","AZTEC MUNI","NM","36.8369","-108.0287","5882","co"
"KN24","N24","QUESTA MUNI NR 2","NM","36.8003","-105.5975","7690","co"
"KN29","N29","MAGDALENA","NM","34.0942","-107.2972","6727","co"
"KONM","ONM","SOCORRO","NM","34.0225","-106.9031","4849","co"
"KP70","P70","CLINES CNRS(AMOS)","NM","34.9167","-105.5833","6877","co"
"KPRZ","","PORTALES MUNI","NM","34.1455","-103.4103","4078","co"
"KROW","ROW","ROSWELL","NM","33.3","-104.5333","3669","co"
"KRTN","RTN","RATON AIRPORT","NM","36.75","-104.5","6352","co"
"KS42","S42","SPRINGER MUNI","NM","36.3315","-104.6179","5894","co"
"KSAF","SAF","SANTA FE","NM","35.6167","-106.0833","6345","co"
"KSKX","SKX","TAOS  (AWOS)","NM","36.45","-105.6667","7090","co"
"KSRR","SRR RUI","RUIDOSO        AWOS","NM","33.4667","-105.5333","6811","co"
"KSVC","SVC","SILVER CITY","NM","32.6333","-108.1667","5443","co"
"KSXU","","SANTA ROSA ROUTE 66","NM","34.9357","-104.6426","4791","co"
"KT16","T16","RESERVE","NM","33.6943","-108.85","6365","co"
"KTCC","TCC","TUCUMCARI","NM","35.1806","-103.6008","4064","co"
"KTCS","TCS","TRUTH OR CONSQ ASOS","NM","33.2333","-107.2667","4858","co"
"KXNI","","ANDREW OTHOLE MEMORI","NM","35.0607","-108.9376","6370","co"
"KZUN","ZUN","ZUNI","NM","35.1","-108.8","6447","co"
"LOMN5","","DRIPPING SPRINGS","NM","32.3222","-106.5865","5885","co"
"LRAN5","","LAGUNA","NM","35.052","-107.4234","5805","co"
"LUAN5","","LUNA","NM","33.8229","-108.9431","7046","co"
"LVPN5","","PECOS","NM","35.5458","-105.4941","8143","co"
"MAYN5","","MAYHILL","NM","32.9097","-105.4697","6471","co"
"MCRN5","","MCGREGGOR RANGE","NM","32.4313","-105.6217","4886","co"
"MCVN5","","MESA CHIVATO","NM","35.5264","-107.3211","8140","co"
"MGLN5","","MAGDALENA","NM","33.8511","-107.5391","8500","co"
"MGNN5","","MOGOLLON","NM","33.3905","-108.8066","7566","co"
"MLCN5","","MILLS CANYON","NM","36.055","-104.3244","5839","co"
"MPAN5","","PADUCA","NM","32.1797","-103.7216","3510","co"
"MSCN5","","MESCAL","NM","33.1581","-105.7688","6227","co"
"MTNN5","","MOUNTAINAIR","NM","34.5206","-106.2616","6488","co"
"QENN5","","QUEEN","NM","32.2036","-104.6902","5605","co"
"REMN5","","EIGHT MILE DRAW","NM","33.6506","-104.3213","3697","co"
"RESN5","","RESERVE","NM","33.7149","-108.7771","5839","co"
"RGMN5","","MONTANO","NM","35.1458","-106.6808","4975","co"
"RMAN5","","RAMAH","NM","34.8197","-108.2946","7604","co"
"SEVN5","","SEVILLETA","NM","34.377","-106.7979","4789","co"
"SFWN5","","SANTA FE WATERSHED","NM","35.6869","-105.8602","7674","co"
"SFXN5","","SANDIA LAB","NM","35.0041","-106.4114","6321","co"
"SLMN5","","SLAUGHTER","NM","34.0605","-108.4447","8680","co"
"SNDN5","","SAN ANDRES","NM","32.58","-106.525","6138","co"
"SNLN5","","SANDIA LAKES","NM","35.2296","-106.5905","4978","co"
"STLN5","","STONE LAKE","NM","36.7316","-106.8658","7385","co"
"TJRN5","","OAK FLATS","NM","35.0061","-106.3158","7650","co"
"TRUN5","","TRUCHAS","NM","36.0589","-105.7694","8284","co"
"TWRN5","","TOWER","NM","35.779","-106.2661","6529","co"
"WDRN5","","WILD RIVERS","NM","36.6947","-105.6687","7530","co"
"WPSN5","","WASHINGTON PASS","NM","36.0765","-108.8614","9352","co"
"ZNRN5","","ZUNI BUTTES","NM","35.1392","-108.9412","6612","co"
"CAAW","","SHEARWATER RCS","NS","44.63","-63.5133","79","co oc"
"CAHD","","HALIFAX_DOCKYARD","NS","44.66","-63.58","13","co oc"
"CAHK","","HALIFAX_KOOTENAY","NS","44.59","-63.55","170","co oc"
"CAHW","","HALIFAX_WINDSOR_PARK","NS","44.66","-63.61","167","co oc"
"CAOH","","UPPER_STEWIACKE_RCS","NS","45.2333","-63.05","82","co"
"CAOS","","OSBORNE_HEAD_DND","NS","44.61","-63.42","98","co oc"
"CAPR","","PARRSBORO","NS","45.4167","-64.35","101","co"
"CUVW","UVW","COPPER LAKE","NS","45.3833","-61.9667","315","oc"
"CWAH","WAH","AMHERST (AUTO)","NS","45.85","-64.2667","75","co"
"CWBK","WBK","CARIBOU POINT","NS","45.7667","-62.6833","7","co oc"
"CWBV","","BEAVER_ISLAND(MAPS)","NS","44.8167","-62.3333","52","oc"
"CWCP","","BACCARO POINT","NS","43.4494","-65.4714","42","co oc"
"CWEF","","ST._PAUL_ISL(MAPS)","NS","47.2167","-60.1333","88","oc"
"CWKG","","KEJIMKUJIK 1","NS","44.43","-65.2","541","co"
"CWOQ","WOQ","EDDY POINT","NS","45.5167","-61.25","203","oc"
"CWRN","WRN","HART_ISLAND_(MAPS)","NS","45.35","-60.98","13","oc"
"CWSA","WSA CYSA","SABLE ISLAND","NS","43.9333","-60.0167","13","oc"
"CWUR","WUR","TRURO (AUTO)","NS","45.3667","-63.2667","131","co"
"CWVE","WVE","INVERNESS (AUTO)","NS","46.2333","-61.3","128","oc"
"CWVU","WVU","BRIER ISLAND","NS","44.2833","-66.3333","52","co oc"
"CWWE","WWE","WESTERN HD.(AUTO)","NS","43.9833","-64.6667","30","co oc"
"CWXO","","ROWAN_GORILLA_III","NS","43.88","-60.55","144","oc"
"CWZU","","SHEARWATER_JETTY","NS","44.63","-63.52","19","co oc"
"CXCH","","CHETICAMP","NS","46.65","-60.95","144","oc"
"CXIB","","INGONISH BEACH CS","NS","46.67","-60.4","26","oc"
"CXKT","","KENTVILLE","NS","45.07","-64.49","161","co"
"CXLB","","LUNENBERG","NS","44.36","-64.2961","13","co"
"CXMI","","MCNABS_ISLAND","NS","44.6","-63.52","56","co oc"
"CXNM","","NORTH_MOUNTAIN","NS","46.82","-60.66","1440","oc"
"CXNP","","NAPPAN_AUTO","NS","45.7596","-64.2414","65","co"
"CXTD","","TRACADIE","NS","45.61","-61.68","219","oc"
"CYAW","YAW","HALIFAX/SHEARWAT.","NS","44.6333","-63.5","167","co oc"
"CYHZ","YHZ","HALIFAX","NS","44.8833","-63.5167","476","co"
"CYID","","DIGBY_ARPT_(AWRS)","NS","44.55","-65.78","499","co oc"
"CYPD","","PORT_HAWKESBURY","NS","45.67","-61.38","374","oc"
"CYQI","YQI","YARMOUTH","NS","43.8333","-66.0833","141","co"
"CYTN","","TRENTON","NS","45.61","-62.62","318","co oc"
"CYZX","YZX","GREENWOOD","NS","44.9833","-64.9167","92","co"
"CZDB","","DEBERT","NS","45.4167","-63.4667","123","co"
"CNVQ","","NORMAN_WELLS_CLIMAT","NT","65.2833","-126.75","307","ak"
"CWFD","","CAPE DYER AIRPORT","NT","66.58","-61.38","1289","oc"
"CWFL","WFL CYFL","FORT RELIANCE","NT","62.7167","-109.1667","538","ak"
"CWFX","","COLVILLE_LAKE","NT","67.0333","-126.0833","849","ak"
"CWFZ","","FORT RELIANCE","NT","62.7167","-109.1833","551","ak"
"CWID","","FORT_PROVIDENCE","NT","61.3167","-117.6","531","ak oc"
"CWJL","","FORT_LIARD","NT","60.23","-123.47","698","ak"
"CWKP","","KEATS_POINT","NT","69.6667","-121.6667","1082","ak"
"CWLI","","LIVERPOOL_BAY","NT","69.6","-130.9","335","ak"
"CWMT","","LAC LA MARTRE","NT","63.15","-117.27","889","ak"
"CWND","WND","PELLY ISLAND","NT","69.6333","-135.4333","102","ak"
"CWNV","","MACMILLAN_PASS","NT","63.25","-130.032","4524","ak"
"CWOB","WVX UBZ","BREVOORT ISLAND","NT","63.3333","-64.15","1234","oc"
"CWPX","","CAPE_PEEL_WEST","NT","69.03","-107.82","541","ak"
"CWQF","","RABBIT KETTLE AUT","NT","61.97","-127.22","2080","ak"
"CWQY","","HANBURY_RIVER(AUT)","NT","63.6","-105.1333","1040","ak"
"CWRH","","RESOLUTION_IS","NT","61.58","-64.65","1211","oc"
"CWRP","WRP","NICHOLSON PENINS.","NT","69.9333","-128.9667","292","ak"
"CWSY","","SACHS_HARBOUR(MAPS)","NT","72","-125.27","282","ak"
"CWTD","","ROBERTSON_LAKE(AUT)","NT","65.1","-102.43","800","ak"
"CWTE","WTE","TROUT LAKE","NT","60.4333","-121.2333","1634","ak"
"CWTW","WTW YTW","TUKTOYAKTUK","NT","69.45","-133","59","ak"
"CWUP","","CAPE_HOOPER","NT","68.47","-66.8","1316","oc"
"CWUZ","WUZ CYUZ","CAPE HOOPER","NT","68.4333","-66.7833","1316","oc"
"CWVD","","BROUGHTON_ISLAND","NT","67.53","-63.78","1880","oc"
"CWVH","","STORM HILLS","NT","68.9","-133.93","856","ak"
"CWVM","WVM","BROUGHTON IS.","NT","67.55","-63.7833","1880","oc"
"CWWO","WWO","CONTWOYTO LAKE","NT","65.4833","-110.3667","1480","ak"
"CWXR","","CROKER_RIVER","NT","69.28","-119.22","226","ak"
"CWYH","CYRH","RAE_LAKES","NT","64.1167","-117.3667","731","ak"
"CXAR","","ARVIAT_CLIMATE","NT","61.1","-94.0667","32","oc"
"CXCM","","CAMBRIDGE BAY GSN","NT","69.1081","-105.1383","62","ak"
"CXDE","","DELINE","NT","65.22","-123.43","699","ak"
"CXDK","","DEADMAN_VALLEY","NT","61.25","-124.4667","928","ak"
"CXHI","","HOLMAN CS","NT","70.77","-117.8","98","ak"
"CXLC","","LOWER_CARP_LAKE","NT","63.6","-113.85","1223","ak"
"CXLL","","LINDBERG_LANDING","NT","61.1167","-122.85","600","ak"
"CXQA","","QAVVIK LAKE","NT","68.26","-122.1","1739","ak"
"CXTN","","TUKTUT_NOGAIT","NT","69.1833","-122.35","1811","ak"
"CXTV","","TRAIL_VALLEY","NT","68.75","-133.5","278","ak"
"CYBB","","PELLY_BAY_AIRPORT","NT","68.53","-89.82","49","oc"
"CYBK","YBK","BAKER LAKE","NT","64.3","-96.0833","59","ak"
"CYCB","YCB","CAMBRIDGE BAY","NT","69.1","-105.1333","89","ak"
"CYCO","YCO","COPPERMINE","NT","67.8167","-115.1333","72","ak oc"
"CYCY","YCY","CLYDE AIRPORT","NT","70.4667","-68.6167","82","oc"
"CYEU","YEU CWEU","EUREKA","NT","80","-85.9333","33","oc"
"CYEV","YEV","INUVIK","NT","68.3","-133.4833","223","ak"
"CYFR","YFR","FT. RESOLUTION","NT","61.1833","-113.6833","538","ak"
"CYFS","YFS","FORT SIMPSON","NT","61.75","-121.2333","554","ak"
"CYGH","YGH","FORT GOOD HOPE","NT","66.2667","-128.6167","217","ak"
"CYGT","","IGLOOLIK_AIRPORT","NT","69.37","-81.82","167","oc"
"CYHI","YHI","HOLMAN","NT","70.7667","-117.8","118","ak"
"CYHY","YHY","HAY RIVER","NT","60.8333","-115.7833","545","ak"
"CYIX","YIX YZJ","PORT RADIUM(AUTO)","NT","66.0833","-117.9333","1437","ak"
"CYJF","","FORT_LIARD_AIRPORT","NT","60.23","-123.48","705","ak"
"CYKD","","AKLAVIK_AIRPORT","NT","68.22","-135","23","ak"
"CYLK","CXLU","LUTSEL KE","NT","62.42","-110.67","587","ak"
"CYOA","","EKATI","NT","64.7","-110.62","1539","ak"
"CYPC","","PAULATUK_AIRPORT","NT","69.35","-124.03","20","ak oc"
"CYSK","","SANIKILUAQ_AIRPORT","NT","56.53","-79.25","105","co"
"CYSM","YSM","FORT SMITH","NT","60.0167","-111.9667","666","ak"
"CYSY","YSY","SACHS HARBOUR","NT","72","-125.2667","276","ak"
"CYTE","YTE","CAPE DORSET","NT","64.2167","-76.5333","154","oc"
"CYUB","YUB","TUKTOYAKTUK","NT","69.4333","-133.0333","16","ak"
"CYUH","YUH CWXK","CLINTON POINT","NT","69.5833","-120.8","331","ak"
"CYUI","YUI","CAPE YOUNG","NT","68.9333","-116.9333","52","ak"
"CYUJ","YUJ","LADY FRANKLIN PT.","NT","68.4833","-113.2167","52","ak"
"CYUK","YUK","BYRON BAY","NT","68.75","-109.0667","302","ak"
"CYVL","","COLVILLE LAKE","NT","67.0212","-126.1286","850","ak"
"CYVN","YVN","CAPE DYER","NT","66.5833","-61.6167","1289","oc"
"CYVQ","YVQ","NORMAN WELLS","NT","65.2833","-126.8","240","ak"
"CYWE","","WEKWEETI","NT","64.1908","-114.0768","1217","ak"
"CYWJ","","FORT_FRANKLIN_ARPT","NT","65.2","-123.43","577","ak"
"CYWO","YWO","LUPIN AIRPORT","NT","65.7667","-111.25","1621","ak"
"CYWY","YWY","WRIGLEY","NT","63.2167","-123.4333","492","ak"
"CYXP","","PANGNIRTUNG_AIRPORT","NT","66.15","-65.72","75","oc"
"CYZF","YZF","YELLOWKNIFE","NT","62.4667","-114.4333","673","ak"
"CYZS","YZS","CORAL HARBOUR","NT","64.2","-83.3667","210","oc"
"CZCP","","CAPE_PARRY_AIRPORT","NT","70.17","-124.68","56","ak oc"
"CZEV","","INUVIK_CLIMATE","NT","68.3167","-133.5167","338","ak"
"CZFM","","FORT_MCPHERSON_ARPT","NT","67.4","-134.85","116","ak"
"CZFN","","FORT_NORMAN_AIRPORT","NT","64.92","-125.57","322","ak"
"CZFS","","FT_SIMPSON_CLIMATE","NT","61.7603","-121.2367","551","ak"
"CZGH","","FORT_GOOD_HOPE_CS","NT","66.2422","-128.6442","269","ak"
"CZHY","","HAY_RIVER","NT","60.8389","-115.7767","538","ak"
"CZPK","","PAULATUK_(AUTO)","NT","69.35","-124.0667","19","ak"
"CZSM","","FT_SMITH","NT","60.0261","-111.9294","666","ak"
"CZUB","","TUKTOYAKTUK_(AUTO)","NT","69.4333","-133.0167","19","ak"
"CZUE","ZUE","CAPE PARRY","NT","70.1667","-124.7","56","ak oc"
"CNBI","","BATHURST INLET","NU","66.8375","-108.0147","16","ak"
"CNCD","","CAPE DORSET CLIMATE","NU","64.2308","-76.5306","164","oc"
"CNCO","","KUGLUKTUK CLIMO","NU","67.8172","-115.1353","75","ak oc"
"CWIJ","","LUPIN_(MAPS)","NU","65.75","-111.2333","1630","ak"
"CWXP","","PANGNIRTUNG","NU","66.15","-65.7167","75","oc"
"CXBL","","BAKER LAKE CLIMATE","NU","64.316","-96","167","ak"
"CXYH","","YOHIN","NU","61.25","-123.75","669","ak"
"CYEK","","ARVIAT_AIRPORT","NU","61.1","-94.07","33","oc"
"CYRA","","RAE LAKES","NU","64.1167","-117.3094","723","ak"
"CYVM","YVM","QIKIQTARJUAQ","NU","67.55","-64.03","21","oc"
"CZCY","","CLYDE RIVER CLIMATE","NU","70.4833","-68.5167","89","oc"
"CZVM","","QIKIQTARJUAQ CLIMAT","NU","67.5475","-64.0333","20","oc"
"A3404","","JEAN","NV","35.7857","-115.357","3028","co"
"AFSN2","","AUSTIN","NV","39.5031","-117.0813","6310","co"
"ALLN2","","ALLIGATOR RIDGE","NV","39.7359","-115.5185","6675","co"
"ALRN2","","ANTELOPE LAKE","NV","41.6869","-116.7661","5460","co"
"BATN2","","BEACON LIGHT","NV","40.5663","-116.7576","4789","co"
"BDAN2","","BUDDY ADAMS","NV","37.0214","-116.609","4593","co"
"BKFN2","","BAKER FLAT","NV","39.0019","-114.2175","6840","co"
"BLUN2","","BLUEWING MOUNTAIN","NV","40.5015","-119.1216","4570","co"
"BRLN2","","BARREL SPRINGS","NV","41.9107","-119.9393","5731","co"
"BRPN2","","BLACK ROCK PLAYA","NV","40.759","-119.1976","3911","co"
"BUFN2","","BUFFALO CREEK","NV","40.5806","-119.7888","3940","co"
"CATN2","","CATNIP MOUNTAIN","NV","41.9219","-119.4971","5750","co"
"CCRN2","","CURRANT CREEK","NV","38.7588","-115.4121","5750","co"
"CEDN2","","CEDAR PASS","NV","39.7558","-114.1501","7314","co"
"CHAN5","","CHAMITA","NV","36.9564","-106.6569","8400","co"
"CMP03","","BEATTY","NV","36.9122","-116.7519","3311","co"
"CMP05","","CALIENTE","NV","37.6135","-114.5145","4381","co"
"CMP09","","GOLDFIELD","NV","37.7133","-117.2402","5625","co"
"CMP18","","PIOCHE","NV","37.9369","-114.4513","5926","co"
"CMP19","","RACHEL","NV","37.6433","-115.7391","4854","co"
"CMP27","","MESQUITE","NV","36.8144","-114.0506","1767","co"
"COIN2","","COILS CREEK","NV","39.8333","-116.4954","6745","co"
"COMN2","","COMBS CANYON","NV","39.3869","-116.183","6590","co"
"COYN2","","COYOTE WASH","NV","38.2819","-114.7586","5770","co"
"CRSN2","","CRANE SPRINGS","NV","40.4595","-115.8495","6414","co"
"CTLN2","","CATTLE CAMP","NV","38.9038","-114.8141","7025","co"
"CYVN2","","CHERRY VALLEY","NV","39.5844","-117.9439","7622","co"
"DBLN2","","DOUBLE H","NV","41.6525","-118.0441","6380","co"
"DECN2","","DECATHON  CANYON","NV","38.8018","-114.2805","8490","co"
"DEDN2","","DEAD CAMEL MOUNTAIN","NV","39.262","-118.943","4549","co"
"DESN2","","DESERT SPRINGS","NV","39.6725","-119.77","5280","co"
"DRYN2","","DRY CANYON","NV","41.444","-119.1144","4980","co"
"DWRN2","","WAMP SPRINGS","NV","36.5692","-115.0905","6027","co"
"DYRN2","","DYER","NV","37.6061","-117.9886","4883","co"
"EAPN2","","ELY","NV","39.3072","-114.8436","6222","co"
"FISN2","","FISH SPRINGS","NV","38.9247","-119.6417","5230","co"
"FOXN2","","FOX MOUNTAIN","NV","41.0061","-119.568","6890","co"
"FRDN5","","FRISCO DIVIDE","NV","33.7364","-108.945","8000","co"
"GALN2","","GALENA","NV","39.3794","-119.8319","5610","co"
"GRVN2","","DESATOYA MOUNTAIN","NV","39.302","-117.584","6152","co"
"IMWN2","","IMMIGRATION WASH","NV","37.9199","-114.1667","6230","co"
"JSPN2","","JUNIPER SPRINGS","NV","41.0805","-119.7767","5536","co"
"K01U","01U","DUCKWATER","NV","38.8533","-115.6347","5133","co"
"K05U","","EUREKA","NV","39.6021","-116.0063","5958","co"
"K06U","06U","JACKPOT/HAYDEN FIELD","NV","41.9758","-114.658","5224","co"
"K08U","08U","STEVENS-CROSBY","NV","41.5158","-115.8599","6397","co"
"K0L4","0L4","LIDA JUNCTION","NV","37.4919","-117.1884","4684","co"
"K0L7","0L7","JEAN","NV","35.7683","-115.3296","2835","co"
"K0L9","0L9","ECHO BAY","NV","36.311","-114.4639","1535","co"
"K10U","10U","OWYHEE","NV","41.9536","-116.1821","5377","co"
"K1L1","1L1","LINCOLN COUNTY","NV","37.7874","-114.4199","4831","co"
"K2Q9","2Q9","DYER","NV","37.6097","-118.0065","4899","co"
"K3Q0","3Q0","MINA","NV","38.3799","-118.0968","4557","co"
"K67L","67L","MESQUITE","NV","36.8331","-114.0559","1978","co"
"K9BB","9BB","WELLS","NV","41.1167","-114.9667","5650","co"
"K9U7","9U7","CURRANT RANCH","NV","38.736","-115.4803","5181","co"
"KAWH","","WILDHORSE RESERVOIR","NV","41.6358","-115.8008","6239","co"
"KBAM","","BATTLE MOUNTAIN","NV","40.599","-116.8743","4532","co"
"KBJN","","TONOPAH RANGE 74","NV","37.6142","-116.2642","5950","co"
"KBTY","","BEATTY","NV","36.8611","-116.7864","3169","co"
"KBVU","","BOULDER CITY MUNI","NV","35.9475","-114.8611","2201","co"
"KCXP","","CARSON CITY AIRPORT","NV","39.1923","-119.7326","4697","co"
"KDRA","DRA","MERCURY        ASOS","NV","36.6167","-116.0167","3311","co"
"KE85","E85","DENIO JUNCTION","NV","41.9541","-118.631","4202","co"
"KEKO","EKO","ELKO REGIONAL AIRPRT","NV","40.8264","-115.7875","5049","co"
"KELY","ELY","ELY          ASOS","NV","39.2833","-114.85","6262","co"
"KFLX","","FALLON MUNI","NV","39.4992","-118.7488","3966","co"
"KGAB","","GABBS","NV","38.9223","-117.9586","4699","co"
"KHND","","LAS VEGAS/HENDERSON","NV","35.9728","-115.1344","2492","co"
"KHTH","HTH","HAWTHORNE","NV","38.55","-118.6333","4216","co"
"KINS","INS","INDIAN SPRINGS GNRY","NV","36.5872","-115.6734","3133","co"
"KL23","L23","PAHUTE MESA AIRSTRIP","NV","37.1027","-116.3134","5068","co"
"KL63","","RANGE 63","NV","36.5333","-115.5667","3189","co"
"KL92","L92","ALAMO LANDING FIELD","NV","37.3634","-115.1955","3757","co"
"KLAS","LAS","LAS VEGAS    ASOS","NV","36.0833","-115.1667","2180","co"
"KLKN","","ELKO  WFO","NV","40.86","-115.7425","5224","co"
"KLOL","LOL","LOVELOCK","NV","40.0681","-118.5692","3899","co"
"KLSV","LSV","NELLIS AFB","NV","36.25","-115.0333","1867","co"
"KLWL","","WELLS","NV","41.1171","-114.9221","5769","co"
"KMEV","","MINDEN","NV","38.9963","-119.75","4721","co"
"KN15","N15","KINGSTON","NV","39.2027","-117.0689","6075","co"
"KN58","N58","TIGER FLD","NV","39.5598","-119.2427","4346","co"
"KN59","N59","ROSASCHI AIR PARK","NV","38.8394","-119.3382","4809","co"
"KN86","N86","SPANISH SPRINGS","NV","39.6712","-119.7252","4620","co"
"KNFL","NFL","FALLON NAS","NV","39.4166","-118.701","3934","co"
"KNSN2","","KANE SPRINGS","NV","37.2501","-114.7067","4382","co"
"KNXN2","","KNOX 2","NV","39.2728","-119.963","7568","co"
"KO43","O43","YERINGTON MUNI","NV","39.0054","-119.1565","4382","co"
"KOWY","OWY","OWYHEE","NV","41.95","-116.1","5401","co"
"KP38","","CALIENTE","NV","37.6122","-114.5263","4373","co"
"KP68","P68","EUREKA         ASOS","NV","39.6014","-116.0056","5945","co"
"KREV","","RENO  WFO","NV","39.5683","-119.7967","4973","co"
"KRNO","RNO","RENO         ASOS","NV","39.5","-119.7833","4400","co"
"KRTS","","RENO/STEAD","NV","39.6682","-119.8764","5052","co"
"KSPZ","","SILVER SPRINGS","NV","39.4031","-119.2512","4265","co"
"KTMT","","AUSTIN","NV","39.4679","-117.1974","5735","co"
"KTNX","TNX","TONOPAH TEST RANGE","NV","37.8","-116.7833","5548","co"
"KTPH","TPH","TONOPAH","NV","38.0511","-117.0903","5429","co"
"KU08","U08","PERKINS FIELD","NV","36.5681","-114.4433","1366","co"
"KU31","U31","AUSTIN","NV","39.5","-117.0833","6608","co"
"KU74","U74","CRESCENT VALLEY","NV","40.4159","-116.5635","4791","co"
"KUCC","UCC","YUCCA FLAT AIR SP","NV","36.95","-116.05","3921","co"
"KVEF","","LAS VEGAS  WFO","NV","36.0467","-115.1844","2286","co"
"KVGT","","NORTH_LAS_VEGAS","NV","36.2117","-115.1958","2202","co"
"KWMC","WMC","WINNEMUCA    ASOS","NV","40.8966","-117.8059","4308","co"
"KYCN2","","KYLE CANYON","NV","36.2667","-115.6","7200","co"
"LKTN5","","LOOKOUT MOUNTAIN","NV","33.3603","-107.8311","8500","co"
"LONN2","","LONG HOLLOW","NV","41.5386","-116.2183","5820","co"
"LVYN2","","LITTLE VALLEY (WRCC)","NV","39.2444","-119.8808","6310","co"
"MCDN2","","MCDERMITT","NV","41.9961","-117.72","4527","co"
"MCHN2","265400","MOUNT CHARLESTON F S","NV","36.2597","-115.6417","7600","co"
"MJBN2","","MAJUBA","NV","40.7728","-118.5198","5293","co"
"MORN2","","MOREY CREEK","NV","41.4535","-117.6219","5500","co"
"MPVN2","","MARTIN CREEK","NV","41.6775","-117.3071","6439","co"
"MTHN2","","MATHER","NV","39.0228","-114.2722","9268","co"
"MTSN2","","MOUNTAIN SPRINGS","NV","36.0305","-115.5166","5600","co"
"ORWN2","","ORIENTAL WASH","NV","37.2339","-117.4955","4100","co"
"PANN2","","PANCAKE","NV","38.3029","-116.1934","5165","co"
"POCN2","","POLE CREEK","NV","41.8768","-115.2581","8502","co"
"PRAN2","","NRAWS 1 (RENO)","NV","39.5416","-119.675","5450","co"
"RBTN2","","RED BUTTE","NV","39.9893","-117.3197","5026","co"
"RBVN2","","RUBY VALLEY","NV","40.7281","-115.2455","6900","co"
"RLKN2","","RUBY LAKE","NV","40.1731","-115.4855","5970","co"
"RRKN2","","RED ROCK","NV","36.1347","-115.43","3756","co"
"RSCN2","","ROCK SPRING CREEK","NV","41.6433","-114.4363","5427","co"
"SEVN2","","SEVEN MILE","NV","39.0662","-116.3145","7725","co"
"SIAN2","","SIARD","NV","40.3943","-117.6256","4600","co"
"SKYN2","","SKYLAND","NV","39.023","-119.9408","6599","co"
"SPGN2","","SPRING GULCH","NV","40.5931","-114.2049","5470","co"
"SPMN2","","SPRUCE MOUNTAIN","NV","40.4381","-114.8101","6296","co"
"STMN2","","STAG MOUNTAIN","NV","41.5171","-115.3909","6790","co"
"TEXN2","","TEXAS SPRINGS","NV","41.8009","-118.4513","6162","co"
"TMBN2","","TIMBER MTN","NV","38.3772","-115.5061","9000","co"
"TQIN2","","QUIMA PEAK","NV","38.4867","-117.095","7984","co"
"WSBN2","","WINNEMUCCA SEAT BASE","NV","40.9048","-117.8105","4290","co"
"YCGN2","","ASH MEADOWS","NV","36.4088","-116.3383","2091","co"
"44017","","MONTAUK POINT","NY","40.69","-72.05","16","co oc"
"44020","","NANTUCKET SOUND","NY","41.443","-70.186","16","co oc"
"44022","","EXECUTION ROCKS","NY","40.8833","-73.7283","11","co"
"44025","","LONG ISLAND","NY","40.2503","-73.1664","16","co oc"
"44039","","CNTL LONG IS SOUND","NY","41.1375","-72.655","11","co oc"
"44040","","WRN LONG IS SOUND","NY","40.9558","-73.58","11","co"
"44060","","ERN LONG IS SOUND","NY","41.2633","-72.0667","11","co oc"
"44065","","NEW YORK HARBOR","NY","40.369","-73.703","16","co oc"
"45012","","LAKE ONTARIO","NY","43.6192","-77.405","245","co oc"
"ABMN6","","IROQUOIS","NY","43.1129","-78.4043","628","co"
"APBN6","","ALBANY PINE BUSH","NY","42.7014","-73.9336","345","co"
"BATA","","BATAVIA","NY","43.0199","-78.1357","906","co"
"BCHN6","","STONYKILL","NY","41.5414","-73.95","200","co"
"BELL","","BELLEVILLE","NY","43.7896","-76.1137","475","co"
"BFAN6","","BRASHER FALLS","NY","44.8185","-74.7634","179","co"
"BLNN6","","CATSKILL CENTER","NY","42.0275","-74.2689","670","co"
"BROC","","BROCKPORT","NY","43.2084","-77.9659","563","co"
"BUFN6","","BUFFALO","NY","42.8767","-78.89","579","co"
"BURT","","BURT","NY","43.317","-78.749","315","co"
"CLIF","","CLIFTON SPRINGS","NY","43.0148","-77.1852","628","co"
"CLYM","","CLYMER","NY","42.0245","-79.6241","1477","co"
"COBL","","COBLESKILL","NY","42.6763","-74.508","1076","co"
"COPE","","COPENHAGEN","NY","43.9206","-75.6079","817","co"
"CROG","","CROGHAN","NY","43.975","-75.201","1375","co"
"CSQR","","CENTRAL SQUARE","NY","43.3261","-76.1045","453","co"
"DBLN6","","DUNKIRK","NY","42.4933","-79.3533","600","co oc"
"DELHI","","DELHI 4.7 NW","NY","42.3248","-74.9863","2170","co"
"EAUR","","EAST AURORA","NY","42.7135","-78.6317","1237","co"
"EDWA","","EDWARDS","NY","44.3215","-75.2438","682","co"
"ELLE","","ELLENBURG","NY","44.8955","-73.845","977","co"
"GLFD","","GLENFIELD","NY","43.7168","-75.4093","838","co"
"GMFN6","","GANG MILLS","NY","42.1","-77.1","1100","co"
"GROV","","GROVE","NY","42.4895","-77.9495","2000","co"
"HAMM","","HAMMOND","NY","44.513","-75.6173","367","co"
"ILAK","","INDIAN LAKE","NY","43.7907","-74.2393","1621","co"
"K01G","01G","PERRY-WARSAW","NY","42.7414","-78.0521","1558","co"
"K0B8","0B8","ELIZABETH FIELD","NY","41.2521","-72.0316","7","co oc"
"K0G7","0G7","FINGER LAKES RGNL","NY","42.8836","-76.7812","492","co"
"K1B1","1B1","COLUMBIA COUNTY","NY","42.2913","-73.7103","198","co"
"K1I1","1I1","MARCY FIELD","NY","44.2209","-73.788","985","co"
"K23N","23N","BAYPORT AERODROME","NY","40.7576","-73.0527","39","co oc"
"K3C8","3C8","CALVERTON EXECUTIVE","NY","40.9151","-72.7919","75","co oc"
"K45N","45N","BAYSHORE FIRE ISL","NY","40.6333","-73.2667","99999","oc"
"K4B6","4B6","TICONDEROGA MUNI","NY","43.8773","-73.4131","274","co"
"K4B7","4B7","SCHROON LAKE","NY","43.8626","-73.7405","834","co"
"K5B2","5B2","SARATOGA COUNTY","NY","43.0507","-73.8616","434","co"
"K6B9","","SKANEATELES","NY","42.9139","-76.4408","1039","co"
"K7N1","7N1","CORNING-PAINTED POST","NY","42.1801","-77.1217","962","co"
"KALB","ALB","ALBANY         ASOS","NY","42.75","-73.8","292","co"
"KALY","","ALBANY  WFO","NY","42.748","-73.8033","285","co"
"KART","ART","WATERTOWN","NY","43.9889","-76.0264","328","co"
"KBGM","BGM","BINGHAMTON","NY","42.2167","-75.9833","1629","co"
"KBUF","BUF","BUFFALO","NY","42.9333","-78.7333","706","co"
"KCZG","","TRI-CITIES","NY","42.0785","-76.0963","833","co"
"KDKK","","DUNKIRK/CHAUTAUQUA_C","NY","42.5","-79.28","663","co oc"
"KDSV","","DANSVILLE","NY","42.5694","-77.7144","649","co"
"KELM","ELM","ELMIRA","NY","42.1667","-76.9","951","co"
"KELZ","","WELLSVILLE MUNICIPAL","NY","42.1075","-77.9844","2123","co"
"KFOK","FOK","WESTHAMPTON BEACH","NY","40.85","-72.6333","66","co oc"
"KFRG","FRG","FARMINGDALE","NY","40.7289","-73.4133","135","co oc"
"KFZY","KN00 N00","FULTON","NY","43.3497","-76.3847","475","co"
"KGFL","GFL","GLENS FALLS","NY","43.3381","-73.6106","320","co"
"KGTB","GTB","FORT DRUM","NY","44.05","-75.7333","679","co"
"KGVQ","","GENESEE COUNTY","NY","43.0318","-78.1697","914","co"
"KHPN","HPN","WHITE PLAINS","NY","41.0619","-73.7044","379","co"
"KHTF","","HORNELL MUNI","NY","42.3821","-77.6821","1219","co"
"KHTO","HTO","EAST HAMPTON","NY","40.9667","-72.25","55","co oc"
"KHWV","","SHIRLEY/BROOKHAVEN","NY","40.8217","-72.8689","82","co oc"
"KIAG","IAG","NIAGARA FALLS","NY","43.1083","-78.9381","591","co"
"KISP","ISP","ISLIP","NY","40.7953","-73.1003","108","co oc"
"KITH","ITH","ITHACA","NY","42.4833","-76.4667","1099","co"
"KIUA","","CANANDAIGUA","NY","42.9089","-77.3252","814","co"
"KJFK","JFK","NEW YORK-KENNEDY","NY","40.65","-73.7833","22","co"
"KJHW","JHW","JAMESTOWN","NY","42.15","-79.25","1723","co"
"KJRB","","DOWNTOWN MANHATTAN","NY","40.7012","-74.009","23","co"
"KK09","K09","PISECO","NY","43.4533","-74.515","1703","co"
"KLGA","LGA","NEW YORK-LAGUARD.","NY","40.7667","-73.9","31","co"
"KLKP","","LAKE PLACID","NY","44.2645","-73.9619","1747","co"
"KMAL","","MALONE-DUFORT","NY","44.8537","-74.3289","790","co"
"KMGJ","","MONTGOMERY","NY","41.5092","-74.265","365","co"
"KMONE","MONE","ONTARIO EAST","NY","43.5","-77","246","co oc"
"KMONW","MONW","ONTARIO WEST","NY","43.5","-78.6667","246","co oc"
"KMSS","MSS","MASSENA","NY","44.9331","-74.8492","214","co"
"KMSV","MSV","MONTICELLO","NY","41.7","-74.8","1414","co"
"KMTP","","MONTAUK_AIRPORT","NY","41.07","-71.92","7","co oc"
"KN03","","CHASE FIELD","NY","42.5926","-76.2149","1198","co"
"KN23","N23","SIDNEY MUNI","NY","42.3026","-75.416","1027","co"
"KN66","","ONEONTA","NY","42.5248","-75.0645","1763","co"
"KN72","N72","WARWICK MUNI","NY","41.2876","-74.2871","540","co"
"KN89","N89","JOSEPH Y RESNICK","NY","41.7279","-74.3774","292","co"
"KNY0","NY0","FULTON COUNTY","NY","42.9982","-74.3296","881","co"
"KNYC","","NEW YORK CITY","NY","40.7833","-73.9667","89","co"
"KOGS","","OGDENSBURG","NY","44.6819","-75.4655","299","co"
"KOIC","","LT WARREN EATON","NY","42.5666","-75.5241","1024","co"
"KOKX","","UPTON  WFO","NY","40.8656","-72.865","85","co oc"
"KOLE","","OLEAN_MUNICIPAL","NY","42.2413","-78.3714","2136","co"
"KPBG","PBG","PLATTSBURGH AFB","NY","44.65","-73.4667","236","co"
"KPEO","","PENN YAN","NY","42.6431","-77.0494","903","co"
"KPLB","","PLATTSBURGH-CLINTON","NY","44.6822","-73.5278","372","co"
"KPOU","POU","POUGHKEEPSIE","NY","41.6256","-73.8819","155","co"
"KPTD","","POTSDAM","NY","44.6767","-75.9485","474","co"
"KPTN6","NP017","KINGS POINT","NY","40.811","-73.7653","15","co"
"KRME","RME","GRIFFISS AFB","NY","43.2333","-75.4","505","co"
"KROC","ROC","ROCHESTER","NY","43.1167","-77.6667","555","co"
"KSCH","SCH","SCHENECTADY","NY","42.85","-73.95","377","co"
"KSLK","SLK","SARANAC LAKE","NY","44.3931","-74.2028","1663","co"
"KSWF","SWF","NEWBURGH","NY","41.5","-74.1","469","co"
"KSYR","SYR","SYRACUSE     ASOS","NY","43.1167","-76.1167","407","co"
"KUCA","UCA","UTICA","NY","43.1436","-75.3844","711","co"
"KVGC","","HAMILTON MUNI","NY","42.8434","-75.5612","1137","co"
"LPSN6","","LAKE PLEASANT","NY","43.4701","-74.4131","1800","co"
"LWLN6","","LOWVILLE","NY","43.8097","-75.4733","740","co"
"MEDI","","MEDINA","NY","43.2267","-78.3093","533","co"
"MHRN6","","MARINERS HARBOR","NY","40.641","-74.162","151","co"
"MVAN6","","MT VANHOEVENBERG","NY","44.2","-73.9","2000","co"
"NEWC","","NEWCOMB","NY","43.9733","-74.2227","1645","co"
"NHUD","","NORTH HUDSON","NY","44.0131","-73.7052","981","co"
"NIAN6","","NIAGARA INTAKE","NY","43.077","-79.013","33","co"
"OBGN6","","OGDENSBURG","NY","44.4211","-75.2942","30","co"
"OLCN6","","OLCOTT HARBOR","NY","43.3406","-78.7194","246","co"
"OLDF","","OLD FORGE","NY","43.7416","-74.9779","1753","co"
"OSCE","","OSCEOLA","NY","43.4992","-75.7118","1093","co"
"OSGN6","","OSWEGO","NY","43.4633","-76.5115","256","co"
"PSTN6","","STURGEON POINT","NY","42.691","-79.047","588","co"
"RAND","","RANDOLPH","NY","42.1493","-78.901","1473","co"
"RCRN6","","ROCHESTER","NY","43.268","-77.625","252","co"
"REDF","","REDFIELD","NY","43.6222","-75.8777","1248","co"
"RPRN6","","ROCHESTER","NY","43.2575","-77.5922","246","co"
"SBFN6","","SHERBURNE","NY","42.7","-75.5","1100","co"
"SBRI","","SOUTH BRISTOL","NY","42.7522","-77.3593","1147","co"
"SFAN6","","SCHUYLER FALLS","NY","44.6","-73.6","650","co"
"SHPN6","","SARA","NY","43.0097","-73.6507","375","co"
"SRON6","","SCHROON LAKE","NY","43.8","-73.7","820","co"
"STEP","","STEPHENTOWN","NY","42.5262","-73.3591","951","co"
"TANN","","TANNERSVILLE","NY","42.1707","-74.1134","2334","co"
"TICO","","TICONDEROGA","NY","43.8747","-73.4188","274","co"
"TUPP","","TUPPER LAKE","NY","44.2213","-74.4383","1650","co"
"WARS","","WARSAW","NY","42.7799","-78.2089","1774","co"
"WELL","309055","WELLESLEY ISLAND","NY","44.3078","-76.0086","285","co"
"WFM","","WHITEFACE MOUNTAIN B","NY","44.3932","-73.8588","2016","co"
"WNKN6","","WANAKENA","NY","44.1667","-74.9","1500","co"
"WOLC","","WOLCOTT","NY","43.2287","-76.8426","398","co"
"YGNN6","","NIAGRA COAST GUARD","NY","43.2614","-79.0642","240","co"
"YORK","","YORK","NY","42.855","-77.8478","584","co"
"45005","","W ERIE","OH","41.6767","-82.3983","571","co oc"
"45169","","CLEVELAND","OH","41.592","-81.792","571","co oc"
"BLRO1","","BLUE ROCK","OH","40.0042","-82.0808","641","co"
"CHEO1","","CHILLICOTHE","OH","39.3858","-82.985","630","co"
"CNDO1","","CLEVELAND","OH","41.54","-81.635","578","co"
"FAIO1","","FAIRPORT","OH","41.76","-81.281","579","co oc"
"GELO1","","GENEVA ON THE LAKE","OH","41.8597","-80.9739","581","co oc"
"HHLO1","","HURON LGT","OH","41.4006","-82.5453","581","co"
"I67","","CINCINNATI WEST AIRP","OH","39.26","-84.77","584","co"
"I68","","LEBANON WARREN COUNT","OH","39.46","-84.25","898","co"
"JACO2","","3NW JACKSON","OH","39.0791","-82.7064","845","co"
"K02G","02G","COLUMBIANA COUNTY","OH","40.6733","-80.6414","1161","co"
"K0G6","0G6","WILLIAMS COUNTY","OH","41.4673","-84.5068","730","co"
"K10G","10G","HOLMES COUNTY","OH","40.5367","-81.9559","1227","co"
"K16G","16G","SENECA COUNTY","OH","41.0941","-83.2125","786","co"
"K17G","17G","PORT BUCYRUS-CRAWFOR","OH","40.7816","-82.9748","1008","co"
"K1G0","1G0","WOOD COUNTY","OH","41.391","-83.6301","673","co"
"K1G3","1G3","KENT STATE UNIV","OH","41.1514","-81.4151","1134","co"
"K1G5","1G5","MEDINA MUNI","OH","41.1314","-81.7649","1190","co"
"K22I","22I","VINTON COUNTY","OH","39.3281","-82.4418","958","co"
"K2G2","2G2","JEFFERSON COUNTY AIR","OH","40.3606","-80.7017","1198","co"
"K3G3","3G3","WADSWORTH MUNI","OH","41.0032","-81.7564","974","co"
"K3G4","3G4","ASHLAND COUNTY","OH","40.903","-82.2556","1207","co"
"K3T7","3T7","MIDDLE BASS ISLAND","OH","41.6884","-82.8082","579","co oc"
"K3W2","3W2","PUT IN BAY","OH","41.6367","-82.8283","595","co oc"
"K3X5","3X5","NORTH BASS ISLAND","OH","41.718","-82.8211","594","co oc"
"K4G5","4G5","MONROE COUNTY","OH","39.7791","-81.1028","1197","co"
"K4I3","4I3","KNOX_COUNTY","OH","40.3287","-82.5238","1192","co"
"K4I9","4I9","MORROW COUNTY","OH","40.5245","-82.8501","1086","co"
"K56D","56D","WYANDOT COUNTY","OH","40.8834","-83.3145","830","co"
"K5A1","5A1","NORWALK-HURON COUNTY","OH","41.2448","-82.5512","853","co"
"K5G7","5G7","BLUFFTON","OH","40.8854","-83.8686","851","co"
"K6D7","6D7","DESHLER MUNI LANDING","OH","41.2154","-83.8709","706","co"
"K6G5","6G5","BARNESVILLE-BRADFIEL","OH","40.0024","-81.1918","1312","co"
"K7G8","7G8","GEAUGA COUNTY","OH","41.4496","-81.0629","1174","co"
"K7W5","7W5","HENRY COUNTY","OH","41.3743","-84.0679","683","co"
"K89D","89D","KELLEYS ISLAND LAND","OH","41.6032","-82.6851","598","co oc"
"K8G1","8G1","WILLARD","OH","41.0388","-82.7246","967","co"
"K8G6","8G6","HARRISON COUNTY","OH","40.2384","-81.0129","1176","co"
"KAKR","","AKRON_FULTON_INTL_AR","OH","41.0375","-81.4669","1066","co"
"KAMT","","ALEXANDER SALAMON","OH","38.8517","-83.566","896","co"
"KAOH","","LIMA","OH","40.7081","-84.0214","975","co"
"KAXV","","WAPAKONETA NEIL ARMS","OH","40.49","-84.3","912","co"
"KBJJ","","WOOSTER","OH","40.8731","-81.8867","1137","co"
"KBKL","BKL","BURKE LAKEFRNT AP","OH","41.5167","-81.6833","584","co"
"KCAK","CAK","AKRON CANTON ASOS","OH","40.9167","-81.4333","1236","co"
"KCDI","","CAMBRIDGE MUNI","OH","39.975","-81.5776","799","co"
"KCGF","CGF","CUYAHOGA CO APRT","OH","41.5667","-81.4833","929","co oc"
"KCLE","CLE","CLEVELAND","OH","41.4","-81.85","805","co"
"KCMH","CMH","COLUMBUS","OH","40","-82.8833","833","co"
"KCQA","","LAKEFIELD","OH","40.4843","-84.5582","894","co"
"KCYO","","PICKAWAY COUNTY MEMO","OH","39.516","-82.9821","685","co"
"KDAY","DAY","DAYTON","OH","39.9","-84.2","1003","co"
"KDFI","","DEFIANCE_MEMORIAL_AI","OH","41.34","-84.43","709","co"
"KDLZ","","DELAWARE  OH","OH","40.2797","-83.1148","945","co"
"KEDJ","","BELLEFONTAINE REGION","OH","40.37","-83.82","1122","co"
"KEOP","","PIKE COUNTY","OH","39.167","-82.9283","661","co"
"KFDY","FDY","FINDLAY","OH","41.0167","-83.6667","800","co"
"KFFO","FFO","WRIGHT-PATTERSON","OH","39.8333","-84.05","827","co"
"KFZI","","FOSTORIA METROPOLITA","OH","41.1908","-83.3931","752","co"
"KGAS","","GALLIA-MEIGS RGNL","OH","38.8341","-82.1634","566","co"
"KGEO","","BROWN COUNTY","OH","38.8819","-83.8827","958","co"
"KGQQ","","GALION MUNI","OH","40.7534","-82.7238","1224","co"
"KHAO","","HAMILTON","OH","39.3614","-84.5208","634","co"
"KHOC","","HILLSBORO HIGHLAND C","OH","39.19","-83.54","977","co"
"KHTW","","LAWRENCE COUNTY AIRP","OH","38.4191","-82.4948","567","co"
"KHZY","K7G2","ASHTABULA","OH","41.78","-80.7","922","co"
"KI10","I10","NOBLE COUNTY","OH","39.801","-81.5363","879","co"
"KI17","I17","PIQUA AIRPORT- HARTZ","OH","40.1647","-84.3084","993","co"
"KI19","I19","XENIA GREENE COUNTY","OH","39.6907","-83.9928","949","co"
"KI23","I23","WASHINGTON CH FAYETT","OH","39.5704","-83.4205","980","co"
"KI40","I40","RICHARD DOWNING","OH","40.3102","-81.8524","979","co"
"KI43","I43","JAMES A RHODES","OH","38.9814","-82.5779","726","co"
"KI66","I66","WILMINGTON CLINTON C","OH","39.5025","-83.8633","1033","co"
"KI67","","HARRISON","OH","39.2589","-84.7743","584","co"
"KI68","","WARREN","OH","39.4664","-84.2532","898","co"
"KI69","","BATAVIA","OH","39.0784","-84.2102","837","co"
"KI71","I71","MORGAN COUNTY","OH","39.6542","-81.8032","1000","co"
"KI74","I74","URBANA GRIMES FIELD","OH","40.1324","-83.7541","1068","co"
"KI86","I86","PERRY COUNTY","OH","39.6916","-82.1978","1051","co"
"KI95","I95","HARDIN COUNTY","OH","40.6101","-83.6443","1029","co"
"KILN","","WILMINGTON","OH","39.4283","-83.7792","1071","co"
"KLCK","LCK","RICKENBACKER AFB","OH","39.8167","-82.9333","745","co"
"KLHQ","LHQ","LANCASTER      ASOS","OH","39.75","-82.6667","869","co"
"KLNN","LNN","WILLOUGHBY","OH","41.684","-81.3898","627","co oc"
"KLPR","K22G","LORAIN/ELYRIA","OH","41.3461","-82.1794","794","co"
"KLUK","LUK","CINCINNATI/LUNK ASOS","OH","39.1","-84.4333","489","co"
"KMERW","MERW","ERIE WEST","OH","41.8333","-82","571","co oc"
"KMFD","MFD","MANSFIELD","OH","40.8167","-82.5167","1296","co"
"KMGY","","DAYTON_WRIGHT BROS","OH","39.5936","-84.2264","961","co"
"KMNN","","MARION","OH","40.62","-83.06","994","co"
"KMRT","","MARYSVILLE CNTY AP","OH","40.2247","-83.3516","1021","co"
"KMWO","","HOOK_FIELD_MUNI_ARPT","OH","39.531","-84.3953","649","co"
"KOSU","OSU","OHIO STATE UNIV.","OH","40.0833","-83.0667","906","co"
"KOWX","","PUTNAM COUNTY","OH","41.0356","-83.9819","763","co"
"KOXD","","OXFORD MIAMI UNIVERS","OH","39.5","-84.78","1040","co"
"KPCW","","PORT CLINTON","OH","41.5163","-82.8687","584","co"
"KPHD","","HARRY_CLEVER_FIELD","OH","40.4719","-81.4236","895","co"
"KPMH","","GREATER PORTSMOUTH R","OH","38.8405","-82.8473","663","co"
"KPOV","K29G","RAVENA/PORTAGE","OH","41.2102","-81.2516","1198","co"
"KRZT","","CHILLICOTHE ROSS COU","OH","39.44","-83.02","725","co"
"KS24","S24","SANDUSKY COUNTY RGNL","OH","41.2958","-83.0372","665","co"
"KSCA","","SIDNEY MUNICIPAL AIR","OH","40.24","-84.15","1044","co"
"KSGH","SGH","SPRINGFIELD","OH","39.8333","-83.8333","1053","co"
"KTDZ","","TOLEDO/METCALF_FIELD","OH","41.5631","-83.4764","624","co"
"KTOL","TOL","TOLEDO","OH","41.6","-83.8","692","co"
"KTSO","","CARROLL COUNTY-TOLSO","OH","40.5617","-81.0781","1164","co"
"KTZR","","COLUMBUS/BOLTON_FLD","OH","39.9","-83.13","919","co"
"KUNI","","OHIO_UNIV_ARPT","OH","39.2119","-82.2293","766","co"
"KUSE","","WAUSEON","OH","41.6101","-84.1272","781","co"
"KUYF","","LONDON","OH","39.9327","-83.462","1083","co"
"KVES","VES","VERSAILLES","OH","40.2044","-84.5319","1007","co"
"KVNW","","VAN WERT COUNTY","OH","40.8638","-84.6064","787","co"
"KVTA","K2I8","NEWARK","OH","40.0228","-82.4625","883","co"
"KYNG","YNG","YOUNGSTOWN   ASOS","OH","41.2667","-80.6667","1186","co"
"KZZV","ZZV","ZANESVILLE","OH","39.9461","-81.8931","880","co"
"MRHO1","","MARBLE HEAD","OH","41.5442","-82.7317","577","co oc"
"MSFO1","","MAUMEE","OH","41.5305","-83.9294","612","co"
"PMH","","PORTSMOUTH REGIONAL","OH","38.84","-82.85","663","co"
"SBIO1","","SOUTH BASS ISLAND","OH","41.6288","-82.8407","580","co oc"
"SDFO1","","DEAN","OH","38.6939","-82.6397","993","co"
"THLO1","","TOLEDO HARBOR","OH","41.8256","-83.1936","569","co oc"
"VFFO1","","VINTON FURNACE","OH","39.2001","-82.3942","920","co"
"ZSFO1","","ZALESKI","OH","39.2916","-82.3923","730","co"
"BRKO2","","BROKEN BOW","OK","34.05","-94.7372","500","co"
"CRWO2","","CHEYENNE","OK","35.7081","-99.9047","2352","co"
"CVWO2","","CLEARVIEW","OK","35.4254","-96.1962","980","co"
"K08F","08F","CITY OF COALGATE","OK","34.5318","-96.2331","615","co"
"K0F7","0F7","FOUNTAINHEAD LODGE A","OK","35.3887","-95.6003","670","co"
"K0F9","0F9","TISHOMINGO AIRPARK","OK","34.1985","-96.6745","647","co"
"K17K","17K","BOISE CITY","OK","36.7743","-102.5104","4174","co"
"K1F0","","ARDMORE_DOWNTOWN_EXE","OK","34.17","-97.12","843","co"
"K1F4","1F4","MADILL MUNI","OK","34.1404","-96.812","890","co"
"K1K2","1K2","LINDSAY MUNI","OK","34.8495","-97.5853","968","co"
"K1K4","1K4","DAVID JAY PERRY","OK","35.1551","-97.4704","1169","co"
"K1K5","1K5","WAYNOKA MUNI","OK","36.5713","-98.8547","1544","co"
"K1K8","1K8","SOUTH GRAND LAKE RGN","OK","36.5464","-95.0135","783","co"
"K1O1","1O1","GRANDFIELD MUNI","OK","34.2376","-98.742","1128","co"
"K1O4","1O4","THOMAS MUNI","OK","35.7337","-98.7305","1733","co"
"K1O8","1O8","TIPTON MUNI","OK","34.4586","-99.1713","1248","co"
"K1S4","1S4","SEILING","OK","36.1554","-98.9337","1746","co"
"K2F6","2F6","SKIATOOK MUNI","OK","36.3551","-96.0107","670","co"
"K2K1","2K1","POND CREEK MUNI","OK","36.6625","-97.8087","1061","co"
"K2K4","2K4","SCOTT FIELD","OK","34.8926","-99.5282","1644","co"
"K2O8","2O8","HINTON MUNI","OK","35.5072","-98.3426","1587","co"
"K3F7","3F7","JONES MEMORIAL","OK","35.807","-96.422","852","co"
"K3O3","3O3","PURCELL MUNI - STEVE","OK","34.9833","-97.3826","1143","co"
"K3O4","3O4","SAYRE MUNI","OK","35.1677","-99.6578","1937","co"
"K3O5","3O5","WALTERS MUNI","OK","34.3726","-98.4059","1058","co"
"K44M","44M","TENKILLER LAKE AIRPA","OK","35.705","-94.9361","877","co"
"K4F1","4F1","WESTPORT","OK","36.2214","-96.3465","901","co"
"K4O4","","IDABEL/MCCURTAIN CO","OK","33.9094","-94.8594","472","co"
"K4O5","4O5","CHEROKEE MUNI","OK","36.7883","-98.3584","1179","co"
"K5O1","5O1","VICI MUNI","OK","36.1411","-99.3034","2268","co"
"K6F1","6F1","TALIHINA MUNI","OK","34.7078","-95.0738","687","co"
"K6K4","6K4","FAIRVIEW MUNI","OK","36.2912","-98.4758","1274","co"
"K80F","80F","ANTLERS MUNI","OK","34.1936","-95.6499","577","co"
"K86F","86F","CARNEGIE MUNI","OK","35.1237","-98.5753","1354","co"
"K90F","90F","BROKEN BOW","OK","34.0132","-94.7583","404","co"
"K91F","91F","CARLTON LANDING FIEL","OK","35.1564","-95.6213","851","co"
"K92F","92F","CHATTANOOGA SKY HARB","OK","34.3689","-98.6821","1135","co"
"K93F","93F","MIGNON LAIRD MUNI","OK","35.6032","-99.703","2093","co"
"K95F","95F","CLEVELAND MUNI","OK","36.2842","-96.4633","976","co"
"K97F","97F","CRAZY HORSE MUNI","OK","34.5465","-97.1084","940","co"
"KADH","","ADA","OK","34.81","-96.67","1017","co"
"KADM","ADM","ARDMORE","OK","34.3","-97.0167","761","co"
"KAQR","","ATOKA MUNI ARPT","OK","34.4","-96.15","591","co"
"KAVK","","ALVA REGIONAL AIRPT","OK","36.77","-98.67","1473","co"
"KAXS","","ALTUS/QUARTZ MTN RGN","OK","34.6988","-99.3381","1433","co"
"KBFK","","BUFFALO MUNI","OK","36.8633","-99.6187","1822","co"
"KBKN","","BLACKWELL_TONKAWA","OK","36.7451","-97.3496","1030","co"
"KBVO","BVO","BARTLESVILLE","OK","36.75","-96","715","co"
"KCHK","","CHICKASHA MUNI ARPT","OK","35.1","-97.97","1152","co"
"KCLK","","CLINTON RGNL AP","OK","35.5383","-98.9327","1615","co"
"KCQB","","CHANDLER MUNI AIRPOR","OK","35.72","-96.82","984","co"
"KCSM","CSM","CLINTON","OK","35.35","-99.2","1923","co"
"KCUH","","CUSHING MUNI AP","OK","35.9499","-96.7731","916","co"
"KDUA","","EAKER FIELD AIRPORT","OK","33.94","-96.39","699","co"
"KDUC","","HALLIBURTON FIELD","OK","34.47","-97.96","1112","co"
"KEND","END","VANCE AFB","OK","36.35","-97.9167","1306","co"
"KF08","F08","EUFAULA MUNI","OK","35.2983","-95.6274","635","co"
"KF09","F09","OLUSTEE MUNI","OK","34.5126","-99.4295","1346","co"
"KF10","F10","HENRYETTA MUNI","OK","35.4069","-96.0158","849","co"
"KF22","F22","PERRY MUNI","OK","36.3856","-97.2772","1003","co"
"KF30","F30","SULPHUR MUNI","OK","34.527","-96.9902","1071","co"
"KF31","F31","LAKE TEXOMA STATE PA","OK","33.9911","-96.6427","693","co"
"KF32","F32","HEALDTON MUNI","OK","34.2549","-97.4729","956","co"
"KF36","F36","CORDELL MUNI","OK","35.2963","-98.9677","1589","co"
"KF68","F68","ANADARKO MUNI","OK","35.0522","-98.2641","1291","co"
"KF81","F81","OKEMAH MUNI","OK","35.4053","-96.3055","876","co"
"KF92","F92","KINGFISHER","OK","35.8767","-97.9529","1072","co"
"KF99","F99","HOLDENVILLE MUNI","OK","35.0859","-96.4167","861","co"
"KFDR","","FREDERICK MUNICIPAL","OK","34.3522","-98.9847","1253","co"
"KFSI","FSI","FORT SILL","OK","34.65","-98.4","1181","co"
"KGAG","GAG","GAGE","OK","36.3","-99.7667","2202","co"
"KGCM","","CLAREMORE RGNL ARPT","OK","36.29","-95.48","725","co"
"KGMJ","","GROVE MUNI AIRPORT","OK","36.61","-94.74","833","co"
"KGOK","","GUTHRIE MUNICIPAL AI","OK","35.8497","-97.4156","1073","co"
"KGUY","","GUYMON MUNICIPAL AIR","OK","36.685","-101.5078","3123","co"
"KGZL","","STIGLER","OK","35.2891","-95.0939","600","co"
"KH04","H04","VINITA MUNI","OK","36.6146","-95.1517","695","co"
"KH05","H05","WILBURTON MUNI","OK","34.9202","-95.3939","670","co"
"KH66","H66","NOWATA MUNI","OK","36.7209","-95.6253","679","co"
"KH68","H68","HEFNER-EASLEY","OK","35.9657","-95.3418","599","co"
"KH71","H71","MID-AMERICA INDUSTRI","OK","36.2254","-95.3301","622","co"
"KH76","H76","PAWHUSKA MUNI","OK","36.6717","-96.4056","1000","co"
"KH92","H92","HOMINY MUNI","OK","36.4428","-96.3872","825","co"
"KH97","H97","PAWNEE MUNI","OK","36.3773","-96.8052","875","co"
"KHBR","HBR","HOBART","OK","35","-99.05","1570","co"
"KHHW","","HUGO","OK","34.0348","-95.5419","472","co"
"KJSV","","SALLISAW MUNI ARPT","OK","35.44","-94.8","528","co"
"KJWG","","WATONGA AIRPORT","OK","35.86","-98.42","1549","co"
"KK44","K44","BEAVER MUNI","OK","36.7979","-100.5269","2491","co"
"KK49","K49","TEXHOMA MUNICIPAL","OK","36.5056","-101.8137","3462","co"
"KK77","K77","FREEDOM MUNI","OK","36.7585","-99.102","1517","co"
"KLAW","LAW","LAWTON MUNI  FAA","OK","34.5667","-98.4167","1108","co"
"KLTS","LTS","ALTUS AFB","OK","34.65","-99.2667","1378","co"
"KMDF","","MOORELAND MUNI","OK","36.4848","-99.1942","1970","co"
"KMIO","","MIAMI RGNL","OK","36.9092","-94.8875","806","co"
"KMKO","MKO","MUSKOGEE","OK","35.6667","-95.3667","610","co"
"KMLC","MLC","MCALESTER","OK","34.8833","-95.7833","770","co"
"KO13","O13","HADDOCK FIELD","OK","35.2008","-99.8811","2097","co"
"KO35","O35","HOLLIS MUNI","OK","34.7053","-99.9086","1659","co"
"KO45","O45","HOOKER MUNI","OK","36.8571","-101.2271","3000","co"
"KO47","O47","PRAGUE MUNI","OK","35.4808","-96.7188","1041","co"
"KO53","O53","MEDFORD MUNI","OK","36.7906","-97.749","1092","co"
"KO65","O65","CHRISTMAN AIRFIELD","OK","36.1125","-98.3087","1208","co"
"KOJA","","THOMAS_P_STAFFORD_AR","OK","35.5448","-98.6685","1604","co"
"KOKC","OKC","OKLAHOMA CTY ASOS","OK","35.4","-97.6","1304","co"
"KOKM","","OKMULGEE RGNL ARPT","OK","35.67","-95.95","722","co"
"KOUN","","NORMAN  WFO","OK","35.2435","-97.4708","1182","co"
"KOWP","","SAND SPRINGS","OK","37.1752","-96.1518","892","co"
"KPGO","PGO","PAGE (AMOS)","OK","34.6833","-94.6167","2661","co"
"KPNC","PNC","PONCA CITY","OK","36.7367","-97.1019","999","co"
"KPVJ","","PAULS VALLEY MUNI","OK","34.71","-97.22","968","co"
"KPWA","PWA","OKLAHOMA CITY","OK","35.5333","-97.6333","1299","co"
"KRCE","","OKLAHOMA_CITY","OK","35.4881","-97.8236","1355","co"
"KRKR","","POTEAU","OK","35.02","-94.62","453","co"
"KRQO","","EL RENO RGNL AP","OK","35.4726","-98.0053","1417","co"
"KRVS","","TULSA","OK","36.0425","-95.9894","625","co"
"KSNL","","SHAWNEE MUNI AIRPORT","OK","35.36","-96.94","1073","co"
"KSRE","","SEMINOLE_MUNI_ARPT","OK","35.2747","-96.6752","1023","co"
"KSUD","","STROUD MUNI","OK","35.7896","-96.6557","901","co"
"KSWO","SWO","STILLWATER","OK","36.1667","-97.0833","984","co"
"KTIK","TIK","TINKER AFB","OK","35.4167","-97.3833","1293","co"
"KTQH","","TAHLEQUAH MUNI ARPT","OK","35.93","-95","873","co"
"KTUL","TUL KTSA","TULSA        ASOS","OK","36.2","-95.9","676","co"
"KWDG","WDG","ENID","OK","36.3792","-97.7911","1168","co"
"KWWR","","WEST WOODWARD","OK","36.4333","-99.5333","2188","co"
"PEOO2","","OKEOA_PORT1","OK","35.2289","-96.6903","934","co"
"PWKO2","","OSAGE","OK","36.5974","-96.2979","847","co"
"THKO2","","KIAMICHI","OK","34.7756","-94.8978","2392","co"
"WMRO2","","WICHITA","OK","34.7607","-98.7419","1832","co"
"COTL","","BIG TROUT LAKE","ON","53.8161","-89.8917","735","co"
"CTAE","","ALFRED","ON","45.555","-74.8756","187","co"
"CTAG","","FORT FRANCES RCS","ON","48.6511","-93.4389","1122","co"
"CTAL","","ALEXANDRIA","ON","45.3167","-74.6167","252","co"
"CTBO","","BROCKVILLE CLIMATE","ON","44.6353","-75.7483","398","co"
"CTBT","","BEATRICE_CLIMATE","ON","45.1403","-79.4028","974","co"
"CTCK","","MOOSE_CREEK","ON","45.2511","-74.9628","279","co"
"CTCW","","CORNWALL","ON","45.0333","-74.6833","190","co"
"CTGT","","GUELPH_TURFGRASS","ON","43.55","-80.2167","1066","co"
"CTKG","","KINGSTON CLIMATE","ON","44.2233","-76.5994","305","co"
"CTKR","","KENORA RCS","ON","49.7906","-94.3778","1355","co"
"CTMS","","TIMMINS CLIMATE","ON","48.5572","-81.3903","965","co"
"CTNK","","ALGONQUIN_PARK_EGAT","ON","45.5333","-78.2667","1345","co"
"CTPM","","PEMBROKE CLIMATE","ON","48.6672","-53.1142","85","oc"
"CTPQ","","PETERBOROUGH_TRENT","ON","44.35","-78.3","712","co"
"CTRA","","RAWSON_LAKE_(AUT)","ON","49.6642","-93.7328","1427","co"
"CTTR","","TOBERMORY_RCS","ON","45.2333","-81.6333","702","co oc"
"CTWL","","WELLAND_PELHAM","ON","42.9667","-79.3333","584","co"
"CTWN","","WINCHESTER","ON","45.05","-75.3333","246","co"
"CTXR","","EARLTON CLIMATE","ON","47.695","-79.8489","797","co"
"CTZR","","SARNIA_CLIMATE","ON","43","-82.3","594","co"
"CWAB","WAB","TROWBRIDGE","ON","48.3","-88.8667","715","co oc"
"CWAJ","WAJ","ERIEAU","ON","42.25","-81.9","584","co oc"
"CWBE","WBE","KILLARNEY (AUTO)","ON","45.9667","-81.4833","643","co"
"CWBT","","LONGUE_PT_DE_MONGUE","ON","50.27","-64.23","36","co oc"
"CWCH","WCH CWIB CYIB","ATIKOKAN","ON","48.75","-91.6167","1277","co"
"CWCI","WCI","CARIBOU ISLAND","ON","47.3333","-85.8333","535","co oc"
"CWCJ","","PUKASKWA_PARK","ON","48.6","-86.3","676","co"
"CWCO","","COLLINGWOOD","ON","44.5","-80.2167","725","co"
"CWDD","WDD","BELLE RIVER AUTO","ON","42.3","-82.7","604","co oc"
"CWDF","WDF","OLIPHANT","ON","44.7333","-81.2833","597","co oc"
"CWDN","WDN","WASAGA BEACH","ON","44.5","-80.05","587","co"
"CWDV","WDV","UPSALA (AUTO)","ON","49.0333","-90.4667","1604","co"
"CWEC","","WELCOME_ISL_(AUTO8)","ON","48.3667","-89.1167","627","co"
"CWGD","WGD CYGD","GODERICH","ON","43.7667","-81.7167","702","co"
"CWGG","WGG","GREAT DUCK ISL","ON","45.65","-82.9667","600","co oc"
"CWGH","WGH","GRENADIER ISLAND","ON","44.4167","-75.85","269","co"
"CWGL","WGL","LAGOON_CITY","ON","44.53","-79.22","725","co"
"CWGQ","WGQ","ROQUEMAURE","ON","48.6333","-79.45","883","co"
"CWKK","","KATATOTA_ISLAND","ON","49.7167","-88.3333","856","co"
"CWLF","WLF WLH","LANSDOWNE HOUSE","ON","52.2333","-87.8833","840","co"
"CWLS","WLS","MT. FOREST","ON","43.9833","-80.75","1362","co"
"CWMZ","WMZ","WESTERN ISLAND","ON","45.0333","-80.3667","627","co oc"
"CWNB","WNB","SOUTHEAST SHOAL","ON","41.8333","-82.4667","640","co oc"
"CWNC","WNC","COBOURG (AUTO)","ON","43.95","-78.1667","256","co oc"
"CWNL","WNL","GREAT DUCK ISL.","ON","45.6333","-82.9667","600","co oc"
"CWNZ","WNZ","NAGAGAMI (AUTO)","ON","49.75","-84.1667","86","co"
"CWPB","WPB","BEAUSOLIEL ISLAND","ON","44.85","-79.8667","600","co"
"CWPC","WPC","PORT COLBORNE AUT","ON","42.8667","-79.25","604","co"
"CWPS","WPS","LONG POINT (AUT)","ON","42.5667","-80.05","574","co"
"CWQP","WQP","POINT PETRE(AUTO)","ON","43.8333","-77.15","259","co oc"
"CWRK","WRK","BANCROFT_AUTO8","ON","45.07","-77.87","1086","co"
"CWSI","WSI WMK","SIMCOE (AUTO)","ON","42.85","-80.2667","791","co"
"CWUK","","CHAPAIS","ON","49.8167","-74.9833","1250","co"
"CWWB","WWB","BURLINGTON PIERS","ON","43.3","-79.8","249","co"
"CWWN","","PEAWANUCK_(MAPS)","ON","54.98","-85.43","170","co"
"CWWX","WWX","COVE ISLAND","ON","45.3333","-81.7333","594","co oc"
"CWWZ","WWZ","PORT WELLER(AUTO)","ON","43.25","-79.2167","259","co"
"CWYW","WYW","ARMSTRONG","ON","50.3","-89.0333","1152","co"
"CXBI","","BARRIE-ORO","ON","44.4833","-79.55","948","co"
"CXCA","","CAMERON FALLS","ON","49.15","-88.35","700","co"
"CXCY","","CYPRUS LAKE CS","ON","45.23","-81.53","623","co oc"
"CXDI","","DELHI CS","ON","42.87","-80.55","761","co"
"CXEA","","EAR FALLS","ON","50.63","-93.22","1165","co"
"CXET","","EGBERT CS","ON","44.23","-79.78","824","co"
"CXHA","","HARROW CDA AUTO","ON","42.03","-82.9","627","co oc"
"CXHM","","HAMILTON RBG CS","ON","43.29","-79.91","351","co"
"CXKA","","KAPUKASING CDA","ON","49.41","-82.44","715","co"
"CXKE","","KEMPTVILLE CS","ON","45","-75.63","326","co"
"CXKI","","KIRKLAND_LAKE_CS","ON","48.15","-80","1063","co"
"CXOA","","OTTAWA_CDA_RCS","ON","45.3833","-75.7167","259","co"
"CXPC","","PARRY SOUND CCG","ON","45.34","-80.04","577","co"
"CXQT","","N ONTARIO PORTABLE","ON","48.4333","-89.2167","602","co"
"CXRG","","RIDGETOWN_RCS","ON","42.45","-81.88","675","co"
"CXTO","","TORONTO CITY","ON","43.6667","-79.4","371","co"
"CXVN","","VINELAND STATION RCS","ON","43.18","-79.4","259","co oc"
"CXZC","","MOOSONEE_RCS","ON","51.3","-80.6167","29","co"
"CYAM","YAM","SAULT STE MARIE","ON","46.4833","-84.51","630","co"
"CYAT","","ATTAWAPISKAT","ON","52.9275","-82.4319","30","co"
"CYBN","","BORDEN","ON","44.27","-79.93","732","co"
"CYCK","","CHATHAM","ON","42.3062","-82.0817","645","co oc"
"CYEL","YEL","ELLIOT LAKE","ON","46.35","-82.55","1079","co oc"
"CYER","","FORT_SEVERN","ON","56.02","-87.68","52","co"
"CYGK","YGK WGK","KINGSTON","ON","44.2167","-76.6","305","co"
"CYGQ","YGQ","GERALDTON","ON","49.7","-86.95","1086","co"
"CYHD","YHD","DRYDEN","ON","49.8333","-92.75","1352","co"
"CYHM","YHM","HAMILTON","ON","43.1667","-79.9333","778","co"
"CYKF","YKF","WATERLOO-WELLING.","ON","43.4667","-80.3833","1030","co"
"CYKP","","OGOKI POST","ON","51.6587","-85.901","587","co"
"CYKZ","","TORONTO_BUTTONVILLE","ON","43.87","-79.37","650","co"
"CYLD","YLD","CHAPLEAU","ON","47.8333","-83.4333","1404","co"
"CYLH","YLH","LANSDOWNE HOUSE","ON","52.1954","-87.9341","833","co"
"CYMO","YMO","MOOSONEE","ON","51.2667","-80.65","33","co"
"CYOO","","OSHAWA","ON","43.9228","-78.8833","459","co"
"CYOW","YOW UUP","OTTAWA","ON","45.3167","-75.6667","374","co"
"CYPL","YPL CWPL","PICKLE LAKE","ON","51.4667","-90.2","1224","co"
"CYPO","","PEAWANUCK","ON","54.9881","-85.4433","174","co"
"CYPQ","YPQ","PETERBOROUGH","ON","44.2333","-78.3667","627","co"
"CYQA","YQA","MUSKOKA","ON","44.9667","-79.3","925","co"
"CYQG","YQG","WINDSOR","ON","42.2667","-82.9667","623","co oc"
"CYQK","YQK","KENORA","ON","49.7833","-94.3667","1348","co"
"CYQT","YQT","THUNDER BAY","ON","48.3667","-89.3167","653","co"
"CYRL","YRL","RED LAKE","ON","51.0667","-93.8","1257","co"
"CYSB","YSB","SUDBURY","ON","46.6333","-80.8","1142","co"
"CYSN","YSN","ST. CATHARINES","ON","43.2","-79.1667","322","co"
"CYSP","","MARATHON","ON","48.7553","-86.3444","1033","co"
"CYTJ","YTJ","TERRACE BAY","ON","48.8167","-87.1","951","co"
"CYTL","YTL CWTL","BIG TROUT LAKE","ON","53.8333","-89.8667","722","co"
"CYTR","YTR","TRENTON","ON","44.1167","-77.5333","282","co"
"CYTS","YTS","TIMMINS","ON","48.5667","-81.3833","968","co"
"CYTZ","YTZ CWTZ","TORONTO CITY CENTER","ON","43.6333","-79.4","253","co"
"CYVV","YVV","WIARTON","ON","44.75","-81.1","728","co oc"
"CYWA","YWA","PETAWAWA","ON","45.95","-77.3167","427","co"
"CYXL","YXL","SIOUX LOOKOUT","ON","50.1167","-91.9","1280","co"
"CYXR","YXR","EARLTON","ON","47.7","-79.85","797","co"
"CYXU","YXU","LONDON","ON","43.0333","-81.15","912","co"
"CYXZ","YXZ CWXZ","WAWA","ON","47.9667","-84.7833","942","co"
"CYYB","YYB","NORTH BAY","ON","46.3667","-79.4167","1214","co"
"CYYU","YYU","KAPUSKASING","ON","49.4167","-82.4667","745","co"
"CYYW","YYW","ARMSTRONG","ON","50.2833","-88.9167","1060","co"
"CYYZ","YYZ","TORONTO","ON","43.6833","-79.6333","568","co"
"CYZD","YZD","DOWNSVIEW APRT","ON","43.75","-79.4833","650","co"
"CYZE","YZE CTZE","GORE BAY","ON","45.8833","-82.5667","633","co oc"
"CYZR","YZR","SARNIA","ON","43","-82.3167","594","co"
"CZEL","","ELORA_RCS","ON","43.6421","-80.4116","1234","co"
"CZMD","","MUSKRAT_DAM","ON","53.4333","-91.7667","912","co"
"CZSJ","","SANDY_LAKE","ON","53.05","-93.33","951","co"
"CZTB","","THUNDER_BAY","ON","48.3694","-89.3272","653","co"
"356033","","NEWPORT 1 SE","OR","44.6247","-124.0468","8","co oc"
"359588","","YACHATS","OR","44.3192","-124.1131","61","co"
"46002","6002","OREGON","OR","42.589","-130.4739","16","oc"
"46015","","PORT ORFORD","OR","42.76","-124.83","16","co oc"
"46029","","COL RIVER BAR","OR","46.14","-124.51","16","co oc"
"46050","","YAQUINA BAY","OR","44.64","-124.5","16","co oc"
"46089","","TILLAMOOK","OR","45.8814","-125.7664","16","co oc"
"AGFO3","","AGNESS2","OR","42.5522","-124.0577","247","co"
"ALFO3","","ALLISON","OR","43.9214","-119.5963","5320","co"
"ARFO3","","PARKER MOUNTAIN","OR","42.105","-122.2789","5280","co"
"ASTO3","","9439040-ASTORIA","OR","46.2083","-123.7667","23","co oc"
"ATFO3","","ANTELOPE","OR","44.0397","-118.4163","6460","co"
"BAFO3","","BALD MTN","OR","43.5574","-118.407","5592","co"
"BBFO3","","ZIM","OR","42.685","-122.3902","4089","co"
"BCFO3","","BOARD CREEK","OR","44.5981","-119.3076","4770","co"
"BDFO3","","RYE MOUNTAIN","OR","45.2173","-123.5357","2000","co"
"BEFO3","","BLUE RIDGE","OR","45.5075","-121.7188","3763","co"
"BGFO3","","BADGER CREEK","OR","44.0339","-120.4072","5710","co"
"BHRO3","","BOARD HOLLOW","OR","44.6039","-120.6847","4188","co"
"BKFO3","","BALD KNOB","OR","42.6936","-124.0394","3630","co"
"BLKO3","","BLACK MTN RIDGE","OR","45.5736","-118.2386","4965","co"
"BNFO3","","BURNT RIDGE","OR","43.2028","-123.7175","2955","co"
"BOFO3","","BOULDER CREEK","OR","44.7219","-122.003","3570","co"
"BONO3","K20S","BONNEVILLE","OR","45.6333","-121.95","62","co"
"BQFO3","","BASQUE HILLS","OR","42.2547","-118.9677","5080","co"
"BRUO3","","BRUSH CREEK","OR","44.2843","-122.8494","2130","co"
"BTFO3","","ROBERTS BUTTE","OR","45.6817","-117.2063","4263","co"
"BUCO3","","BUCKHORN SPRINGS","OR","42.1206","-122.5639","2780","co"
"BWFO3","","BROWNS WELL","OR","43.5628","-120.2361","4565","co"
"BWSO3","","BEND WATERSHED","OR","44.0309","-121.5812","5330","co"
"BYFO3","","BLUE CANYON","OR","44.67","-117.9336","4200","co"
"CAFO3","","CABIN LAKE","OR","43.4993","-121.0583","4560","co"
"CARO3","CARO 83S","CAPE ARAGO","OR","43.3417","-124.375","76","co oc"
"CCRO3","","GREEN MOUNTAIN","OR","43.7253","-122.8055","3064","co"
"CDFO3","","CEDAR","OR","45.2117","-123.7719","2220","co"
"CDNO3","","CONDON","OR","44.95","-119.95","2830","co"
"CEFO3","","CASE","OR","44.9711","-118.9297","3800","co"
"CGFO3","","COLGATE","OR","44.3169","-121.6069","3231","co"
"CHRO3","","CHARLOTTE RIDGE","OR","43.6692","-123.9436","1220","co"
"CIFO3","","CINNAMON","OR","43.3208","-122.1066","4834","co"
"CLFO3","","CALIMUS","OR","42.6314","-121.5597","6629","co"
"CNFO3","","CANNIBAL MOUNTAIN","OR","44.3489","-123.8866","1939","co"
"CPFO3","","CRANE PRAIRIE","OR","44.1572","-118.4713","5500","co"
"CQFO3","","CHILOQUIN","OR","42.5771","-121.8936","4495","co"
"CRLO3","","CRATER LAKE","OR","42.8967","-122.1328","6475","co"
"CSFO3","","COLD SPRINGS","OR","44.3551","-120.1336","4640","co"
"CVEO3","","COVE","OR","45.2964","-117.79","3130","co"
"CVFO3","","CALVERT PEAK","OR","42.7791","-123.7346","3822","co"
"CWFO3","","CROW FLAT","OR","43.8412","-118.952","5172","co"
"DSRO3","","NRAWS 3 (DODSON)","OR","45.6043","-122.0433","51","co"
"DTRO","","DETROIT LAKE","OR","44.73","-122.179","1675","co"
"DTTO3","","DETROIT DAM","OR","44.7244","-122.2536","1220","co"
"DUNO3","","DUNES","OR","43.9578","-124.1197","120","co"
"DVLO3","","DEVILS GRAVEYARD","OR","43.7201","-123.6295","1550","co"
"EGKO3","","EAGLE CREEK","OR","45.368","-122.3311","732","co"
"EKCO3","","ELK CREEK","OR","44.7578","-117.9711","6576","co"
"EMFO3","","EMIGRANT","OR","43.483","-122.2302","3840","co"
"ENFO3","","EDEN","OR","45.8764","-117.6163","4200","co"
"EVFO3","","EVANS CREEK","OR","42.5977","-123.105","3257","co"
"FAFO3","","FLAGSTAFF HILL","OR","44.8141","-117.7289","3945","co"
"FEFO3","","FIELDS","OR","43.6805","-122.302","3373","co"
"FFFO3","","FISH FIN RIM","OR","42.4718","-119.1783","4907","co"
"FGFO3","","P HILL","OR","42.8233","-118.9352","4860","co"
"FKFO3","","FORT ROCK","OR","43.432","-120.8384","4413","co"
"FLFO3","","FOSTER FLAT","OR","42.9736","-119.2461","5000","co"
"FMFO3","","FALL MOUNTAIN","OR","44.2969","-119.0369","5949","co"
"FNWO3","","CORVALLIS","OR","44.4183","-123.3252","308","co"
"FOGO","","FOREST GROVE","OR","45.553","-123.084","180","co"
"FPRO3","","FLYNN PRAIRIE","OR","42.3956","-124.3786","1543","co oc"
"GDFO3","","GRANDAD","OR","43.4158","-122.5772","2900","co"
"GELO3","","GELLATLY","OR","44.6078","-123.475","860","co"
"GOVO3","","GOVERNMENT CAMP","OR","45.3014","-121.7411","3980","co"
"GPFO3","","GOODWIN PEAK","OR","43.928","-123.8902","1800","co"
"GPSO3","353445","GRANTS PASS","OR","42.4372","-123.3578","925","co"
"GRBO3","","GERBER RESERVOIR","OR","42.206","-121.138","4950","co"
"GSFO3","","GRASSY MOUNTAIN","OR","42.6261","-117.3951","4560","co"
"HHFO3","","HEHE 1","OR","44.9559","-121.4991","2679","co"
"HOXO3","","HOOD RIVER","OR","45.6847","-121.5175","500","co"
"HRLO3","","HARL BUTTE","OR","45.3192","-116.8675","6071","co"
"HSFO3","","HORSE CREEK","OR","44.9408","-122.4008","3402","co"
"HWYO3","","HALFWAY","OR","44.8783","-117.113","2665","co"
"HYFO3","","HAYSTACK","OR","44.4497","-121.1297","3168","co"
"IRFO3","","BRER RABBIT","OR","44.3239","-119.7691","5719","co"
"JDRO3","354291","JOHN DAY","OR","44.4233","-118.9594","3063","co"
"JRFO3","","J RIDGE","OR","45.1139","-118.4038","5180","co"
"K00S","00S","MC KENZIE BRIDGE STA","OR","44.1816","-122.0856","1620","co"
"K05S","05S","VERNONIA MUNI","OR","45.8521","-123.2429","650","co"
"K12S","12S","MONUMENT MUNI","OR","44.8315","-119.4297","2323","co"
"K16S","16S","MYRTLE CREEK MUNI","OR","42.9973","-123.3153","619","co"
"K1S8","1S8","ARLINGTON MUNI","OR","45.7226","-120.177","890","co"
"K22S","22S","PAISLEY","OR","42.718","-120.5628","4395","co"
"K24S","24S","PINEHURST STATE","OR","42.1102","-122.3831","3643","co"
"K25U","25U","MEMALOOSE","OR","45.4279","-116.6939","6708","co"
"K26U","26U","MC DERMITT STATE","OR","42.0103","-117.7271","4478","co"
"K28U","28U","OWYHEE RESERVOIR STA","OR","43.4248","-117.3457","2680","co"
"K2S7","2S7","CHILOQUIN STATE","OR","42.5793","-121.879","4221","co"
"K35S","35S","WASCO STATE","OR","45.5892","-120.674","1503","co"
"K3S4","3S4","ILLINOIS VALLEY","OR","42.1036","-123.6824","1394","co"
"K3S6","3S6","TOKETEE STATE","OR","43.2234","-122.4212","3361","co"
"K3S7","3S7","NEHALEM BAY STATE","OR","45.6981","-123.9296","30","co oc"
"K3S8","3S8","GRANTS PASS","OR","42.4333","-123.3167","930","co"
"K3S9","3S9","CONDON","OR","45.2333","-120.1833","2830","co"
"K45S","45S","SILVER LAKE F S STRI","OR","43.111","-121.0942","4492","co"
"K4BK","4BK","BROOKINGS","OR","42.05","-124.2833","85","co oc"
"K4LW","4LW","LAKE VIEW","OR","42.2167","-120.35","4774","co"
"K4S1","4S1","GOLD BEACH MUNI","OR","42.4154","-124.4249","21","co oc"
"K4S2","4S2","KEN JERNSTEDT AIRFIE","OR","45.6728","-121.5339","638","co"
"K4S7","4S7","MALIN","OR","42.0011","-121.3964","4053","co"
"K4S9","4S9","MULINO STATE","OR","45.2166","-122.5902","260","co"
"K4UK","4UK","UKIAH","OR","45.1333","-118.9333","3355","co"
"K56S","56S","SEASIDE MUNI","OR","46.015","-123.9077","12","co oc"
"K5J0","","JOHN_DAY_STATE_ARPT","OR","44.4","-118.97","3698","co"
"K5S0","5S0","OAKRIDGE STATE","OR","43.7526","-122.5045","1393","co"
"K5S2","5S2","CRESCENT LAKE STATE","OR","43.5326","-121.95","4810","co"
"K5S4","5S4","TOLEDO STATE","OR","44.601","-123.9396","12","co"
"K5S6","5S6","CAPE BLANCO STATE","OR","42.858","-124.5178","214","co oc"
"K61S","61S","COTTAGE GROVE STATE","OR","43.8041","-123.0321","645","co"
"K62S","62S","CHRISTMAS VALLEY","OR","43.2363","-120.6647","4320","co"
"K64S","64S","PROSPECT STATE","OR","42.7426","-122.489","2578","co"
"K6S2","","FLORENCE MUNI ARPT","OR","43.9828","-124.1114","52","co"
"K6S6","6S6","POWERS","OR","42.8694","-124.059","326","co"
"K77S","77S","HOBBY FIELD","OR","43.9308","-123.0067","541","co"
"K7S5","7S5","INDEPENDENCE STATE","OR","44.8672","-123.1982","180","co"
"K8S3","8S3","SANTIAM JUNCTION STA","OR","44.4346","-121.9423","3780","co"
"K8S4","8S4","ENTERPRISE MUNI","OR","45.4248","-117.2648","3957","co"
"K92S","92S","CAPE BLANCO","OR","42.8333","-124.5667","187","co oc"
"K9S3","9S3","LAKESIDE MUNICIPAL","OR","43.5832","-124.1804","20","co"
"K9S9","9S9","LEXINGTON","OR","45.4541","-119.6903","1635","co"
"KAST","AST","ASTORIA      ASOS","OR","46.15","-123.8833","22","co oc"
"KBDN","","BEND MUNI ARPT","OR","44.0946","-121.2002","3461","co"
"KBFO3","","KELSEY BUTTE","OR","43.9011","-117.9871","5187","co"
"KBKE","BKE","BAKER","OR","44.8428","-117.8086","3367","co"
"KBNO","BNO 4BW","BURNS        ASOS","OR","43.5833","-118.95","4170","co"
"KBOK","","BROOKINGS AP","OR","42.0746","-124.2901","459","co oc"
"KC99","C99","CRATER LAKE HQ","OR","42.9","-122.1333","6475","co"
"KCVO","CVO","CORVALLIS (AWOS)","OR","44.5","-123.2833","241","co"
"KCZK","CZK","CASCADE LOCKS","OR","45.6833","-121.8833","151","co"
"KDLS","DLS DLE","THE DALLES","OR","45.6194","-121.1714","235","co"
"KDR9","DR9","DETROIT DAM","OR","44.7167","-122.25","1220","co"
"KEEO3","","KEENEY TWO","OR","44.6661","-118.9219","5120","co"
"KEUG","EUG","EUGENE       ASOS","OR","44.1167","-123.2167","373","co"
"KGCD","","GRANT_CNTY_RGNL_ARPT","OR","44.4042","-118.9625","3697","co"
"KGO9","GO9","GOVERNMENT CAMP","OR","45.3","-121.75","3980","co"
"KHIO","HIO","HILLSBORO/PORTLAND","OR","45.5481","-122.9544","229","co"
"KHR9","HR9","HOOD R EXP STA","OR","45.6833","-121.5167","500","co"
"KHRI","KS22","HERMISTON","OR","45.8258","-119.2611","646","co"
"KJNW","JNW","NEWPORT SAWRS PT","OR","44.5667","-124.066","157","co oc"
"KJSY","","JOSEPH STATE","OR","45.3596","-117.2538","4121","co"
"KLGD","LGD","LA GRANDE  (AWOS)","OR","45.28","-118","2713","co"
"KLKV","LKV","LAKEVIEW  (AWOS)","OR","42.1667","-120.4","4728","co"
"KLMT","LMT","KLAMATH FALLS","OR","42.15","-121.7333","4091","co"
"KM50","M50","BOARDMAN","OR","45.8148","-119.8205","396","co"
"KMEH","MEH","MEACHAM (AMOS)","OR","45.5","-118.4","3726","co"
"KMF9","MF9","MT.FANNY","OR","45.3167","-117.7333","7022","co"
"KMFR","MFR","MEDFORD","OR","42.3667","-122.8667","1329","co"
"KMMV","","MCMINNVILLE","OR","45.1961","-123.1322","160","co"
"KMR9","MR9","MORO","OR","45.4833","-120.7167","1870","co"
"KMRO3","","KLAMATH MARSH","OR","42.9533","-121.5819","4531","co"
"KNNCR","NNCR","COLUMBIA R LS","OR","46.1833","-124.1833","99999","oc"
"KONO","ONO","ONTARIO","OR","44.0167","-117.0167","2190","co"
"KONP","ONP","NEWPORT","OR","44.5833","-124.05","161","co"
"KOTH","OTH","NORTH BEND","OR","43.4167","-124.25","17","co"
"KP88","P88","ROME (RAMOS)","OR","42.8833","-117.65","3812","co"
"KPDT","PDT","PENDLETON    ASOS","OR","45.6833","-118.85","1495","co"
"KPDX","PDX","PORTLAND","OR","45.5958","-122.6092","19","co"
"KPFC","","PACIFIC CITY STATE","OR","45.1994","-123.9619","10","co oc"
"KPQR","","PORTLAND  WFO","OR","45.5606","-122.5369","24","co"
"KR03","R03","ALKALI LAKE STATE","OR","43.0874","-119.9761","4312","co"
"KR33","R33","WAKONDA BEACH STATE","OR","44.3846","-124.0851","41","co"
"KRBG","RBG","ROSEBURG       ASOS","OR","43.2333","-123.3667","525","co"
"KRDM","RDM","REDMOND","OR","44.2667","-121.15","3084","co"
"KREO","","ROME","OR","42.59","-117.87","4049","co"
"KS03","S03","ASHLAND MUNI-SUMNER","OR","42.1903","-122.6606","1889","co"
"KS05","S05","BANDON STATE","OR","43.0865","-124.4079","122","co oc"
"KS12","S12","ALBANY MUNI","OR","44.6378","-123.0594","227","co"
"KS30","S30","LEBANON STATE","OR","44.5311","-122.9297","349","co"
"KS33","S33","MADRAS MUNICIPAL","OR","44.6702","-121.1551","2437","co"
"KS39","","PRINEVILLE","OR","44.287","-120.9038","3251","co"
"KS45","S45","SILETZ BAY STATE","OR","44.8768","-124.0286","69","co oc"
"KS47","","TILLAMOOK","OR","45.42","-123.82","36","co"
"KS49","S49","MILLER MEMORIAL AIRP","OR","43.9638","-117.2593","2249","co"
"KSLE","SLE","SALEM        ASOS","OR","44.9167","-123","201","co"
"KSPB","K1S4","SCAPPOOSE","OR","45.78","-122.84","56","co"
"KSXT","SXT","SEXTON SMT   ASOS","OR","42.6167","-123.3667","3841","co"
"KTMK","","TILLAMOOK_ARPT","OR","45.4182","-123.8144","36","co"
"KTTD","TTD","PORTLAND/TROUTDALE","OR","45.5511","-122.4089","29","co"
"KU33","U33","JOHN DAY","OR","44.4333","-118.95","3063","co"
"KUAO","3S2","AURORA STATE","OR","45.25","-122.77","197","co"
"LAGO3","","LAGRANDE 1","OR","45.5506","-118.0133","3079","co"
"LBFO3","","LAVA BUTTE","OR","43.9252","-121.3431","4650","co"
"LGFO3","","LOG CREEK","OR","45.4967","-121.8952","2800","co"
"LGPO3","","LONG PRAIRIE","OR","42.9533","-124.2233","1093","co"
"LLCI1","","NRAWS 5 (WINDY)","OR","44.5868","-117.7879","6308","co"
"LLEI1","","NRAWS 6 (CORNET)","OR","44.5745","-117.8935","6626","co"
"LLHO3","","NRAWS 17","OR","44.4399","-118.42","6748","co"
"LMCO3","","LITTLE MCCOY CREEK","OR","42.7081","-118.51","5080","co"
"LOFO3","","HIGH POINT","OR","43.9064","-123.3795","1935","co"
"MEFO3","","METOLIUS ARM","OR","44.6276","-121.6148","3440","co"
"MGFO3","","MORGAN MOUNTAIN","OR","44.5013","-117.2982","4200","co"
"MHM54","","MOUNT HOOD MEADOWS","OR","45.332","-121.666","5380","co"
"MITO3","KOR6","MITCHELL","OR","44.5667","-120.1667","2645","co"
"MLFO3","","MERLIN","OR","42.4997","-123.3691","1144","co"
"MLLO3","","MILLER","OR","46.0225","-123.2716","1031","co"
"MMFO3","","MUTTON MOUNTAIN","OR","44.9255","-121.1977","4011","co"
"MMRO3","","MIDDLE MTN","OR","45.5794","-121.5969","2544","co"
"MSFO3","","MOUNT STELLA","OR","42.9361","-122.4347","4700","co"
"MUDO3","","MUD RIDGE","OR","45.254","-121.737","4070","co"
"NBKO3","","NORTH BANK","OR","43.3555","-123.1915","1913","co"
"NPFO3","","NORTH POLE RIDGE","OR","45.0275","-120.5361","3480","co"
"NWPO3","NWPO NOR","NEWPORT","OR","44.6133","-124.0667","36","co oc"
"OD137","","UNITY","OR","44.4408","-118.1932","4003","co"
"OD141","","BROGAN HILL","OR","44.2774","-117.6491","3976","co"
"ODT03","","WILLAMETTE PASS","OR","43.597","-122.033","5080","co"
"ODT13","","TIMBER JUNCTION","OR","45.76","-123.301","779","co"
"ODT49","","WARDS BUTTE / COTTAG","OR","43.752","-123.145","720","co"
"ODT78","","CASCADE LOCKS","OR","45.669","-121.885","209","co"
"OKFO3","","BLACK ROCK","OR","43.5281","-121.8158","4891","co"
"OMFO3","","ONION MOUNTAIN LOOKO","OR","42.4541","-123.6161","4429","co"
"OOFO3","","MOON HILL","OR","42.8592","-118.6788","6100","co"
"OWFO3","","OWYHEE RIDGE","OR","43.5177","-117.2396","4400","co"
"OYFO3","","HOYT CREEK","OR","42.9764","-121.4219","5445","co"
"PAFO3","","PATJENS","OR","45.3219","-120.9291","2170","co"
"PANO3","","PANHANDLE","OR","42.7694","-122.0638","4400","co"
"PARO","","PARKDALE","OR","45.544","-121.617","1480","co"
"PEFO3","","PEBBLE","OR","44.2367","-121.995","3450","co"
"PKFO3","","BUCKEYE","OR","43.0364","-122.6553","2264","co"
"PORO3","","PORT ORFORD","OR","42.739","-124.498","26","co oc"
"PPFO3","","POINT PROM II","OR","45.3547","-117.7044","6607","co"
"PRFO3","","PROVOLT SEED ORCHARD","OR","42.2902","-123.2333","1180","co"
"PTFO3","","COFFEE POT FLAT 2","OR","42.5568","-120.6021","5206","co"
"PVRO3","","PEAVINE RIDGE","OR","45.05","-121.9333","3500","co"
"PWFO3","","POWERS R.S.","OR","42.8781","-124.0394","297","co"
"PYFO3","","POLLYWOG","OR","45.4586","-121.4463","3320","co"
"QPFO3","","QUAIL PRAIRIE LOOKOU","OR","42.2422","-124.0452","3183","co"
"RBFO3","","DEAD INDIAN","OR","42.2997","-122.3264","4900","co"
"RCRO3","","ROCK CREEK","OR","42.5471","-119.6578","5650","co"
"RKHO3","","ROCKHOUSE 1","OR","44.925","-123.4694","1797","co"
"RLFO3","","RIDDLE MTN.","OR","43.1005","-118.4999","6352","co"
"RMFO3","","RED MOUND","OR","42.1233","-124.3002","1753","co"
"RNFO3","","ROUND MOUNTAIN","OR","43.7569","-121.7102","5813","co"
"RTFO3","","RED BUTTE","OR","43.5363","-117.8317","4460","co"
"RVFO3","","ROVER","OR","43.0194","-122.0002","6200","co"
"RXFO3","","RED BOX","OR","45.0275","-121.9211","3250","co"
"SAFO3","","SPARTA BUTTE","OR","44.9153","-117.385","4265","co"
"SBEO3","","SOUTH BEACH","OR","44.625","-124.0433","15","co oc"
"SBFO3","","ILLINOIS VALLEY AIRP","OR","42.1037","-123.685","1389","co"
"SDFO3","","SELDOM CREEK","OR","42.4075","-122.1913","4875","co"
"SFKO3","","SOUTH FORK","OR","45.5953","-123.4836","2257","co"
"SGFO3","","SUGARLOAF","OR","43.6636","-122.6291","4328","co"
"SHFO3","","SAGE HEN","OR","43.5144","-119.2947","4400","co"
"SLFO3","","SLIDE MOUNTAIN","OR","44.4622","-120.2944","5589","co"
"SLKO3","","SUMMER LAKE","OR","42.7219","-120.7527","5085","co"
"SLTO3","","SALT CREEK-PRINEVILL","OR","44.0467","-120.6695","4155","co"
"SMCO3","","SEVEN MILE CREEK","OR","43.21","-124.3175","438","co"
"SMFO3","","SUMMIT","OR","42.1989","-120.2469","6113","co"
"SQFO3","","SQUAW PEAK","OR","42.0697","-123.0116","4964","co"
"SRFO3","","STAR","OR","42.1494","-123.0622","1676","co"
"STFO3","","STRAWBERRY","OR","42.1892","-120.8472","5590","co"
"SVFO3","","SILVER BUTTE","OR","42.8588","-123.3784","3973","co"
"SYNO3","","JORDAN","OR","44.7176","-122.6922","742","co"
"TARO3","","NRAWS 4 (TANNER)","OR","45.6125","-121.9431","1600","co"
"TCFO3","","TROUT CREEK","OR","44.1111","-122.5772","2268","co"
"TIM70","","TIMBERLINE","OR","45.345","-121.712","6990","co"
"TMFO3","","TIMOTHY","OR","43.2428","-121.353","6099","co"
"TMKO3","","TILLAMOOK","OR","45.4572","-123.8025","11","co"
"TMRO3","","TUMALO RIDGE","OR","44.0494","-121.4002","3945","co"
"TOFO3","","TOKETEE","OR","43.2186","-122.4125","3360","co"
"TPEO3","","TEPEE DRAW","OR","43.8351","-121.0833","4735","co"
"TRFO3","","SIGNAL TREE","OR","43.0017","-123.7786","3294","co"
"TUFO3","","TUPPER","OR","45.0664","-119.4911","4260","co"
"TWRO3","","TIDEWATER","OR","46.0115","-123.5562","2035","co"
"UMTO3","","UMATILLA","OR","45.9167","-119.5666","270","co"
"UNIO3","","UNION","OR","45.2081","-117.875","2765","co"
"VCFO3","","VILLAGE CREEK","OR","44.2524","-123.4638","1565","co"
"WKFO3","","WILKINSON RIDGE","OR","44.3325","-123.7179","1346","co"
"WLWO3","","WALLOWA","OR","45.5722","-117.531","2923","co"
"WMFO3","","WAMIC MILL","OR","45.2405","-121.453","3320","co"
"WPKO3","","WANDERER'S PEAK","OR","45.1094","-122.1952","4350","co"
"WSBO3","","WASCO BUTTE","OR","45.6167","-121.3352","2272","co"
"WSFO3","","MT. WILSON","OR","45.0396","-121.6735","4002","co"
"WSRO3","","WARM SPRINGS BASE","OR","44.7795","-121.2501","1563","co"
"WTFO3","","WAGONTIRE","OR","43.3433","-119.8866","6420","co"
"WWCO3","HBFO3","WILLOW CREEK","OR","44.0288","-123.1736","456","co"
"YEFO3","","YELLOWSTONE MTN.","OR","44.5922","-122.4277","3080","co"
"YLPO3","","YELLOWPINE","OR","44.5264","-118.323","4600","co"
"YNFO3","","MT. YONCALLA","OR","43.6383","-123.3269","1822","co"
"45167","","ERIE","PA","42.186","-80.137","571","co"
"ANFP1","","ALLEGHENY","PA","41.5422","-79.1267","1766","co"
"BGNP1","","BIG KNOB","PA","40.3033","-77.5897","823","co"
"BHDP1","","BEARS HEAD","PA","40.8094","-76.011","1172","co"
"BLHP1","","BLAIR HELIBASE","PA","40.4417","-78.4197","1160","co"
"COFP1","","COFFIN ROCK","PA","41.2378","-77.7517","2328","co"
"EREP1","","9063038 ERIE","PA","42.172","-80.095","581","co"
"GDHP1","","GARDEN HOLLOW","PA","41.0256","-77.1672","1644","co"
"GMWP1","","ERIE","PA","41.6265","-79.955","1460","co"
"K07N","07N","BERMUDIAN VALLEY AIR","PA","40.0168","-77.0039","470","co"
"K22N","22N","JAKE ARNER MEMORIAL","PA","40.8095","-75.7615","534","co"
"K29D","29D","GROVE CITY","PA","41.146","-80.1678","1370","co"
"K2G9","","SOMERSET","PA","40.0391","-79.0146","2275","co"
"K4G1","4G1","GREENVILLE MUNI","PA","41.4468","-80.3912","1206","co"
"K6G1","6G1","TITUSVILLE","PA","41.6088","-79.7413","1600","co"
"K7SP","","SEVEN SPRINGS AIRPOR","PA","40.01","-79.3219","2907","co"
"K7TB","7TB","TOBYHANNA","PA","41.1833","-75.4167","1919","co"
"K8G2","","CORRY (CORRYLAWRENCE","PA","41.9076","-79.6411","1766","co"
"K8N8","8N8","DANVILLE","PA","40.9484","-76.6439","559","co"
"K9G8","9G8","EBENSBURG","PA","40.4612","-78.7752","2099","co"
"K9N1","9N1","VANSANT","PA","40.4843","-75.0996","390","co"
"KABE","ABE","ALLENTOWN      ASOS","PA","40.65","-75.4333","385","co"
"KAFJ","AFJ","WASHINGTON (AWOS)","PA","40.1333","-80.2833","1184","co"
"KAGC","AGC","ALLEGHENY CO.ARPT","PA","40.35","-79.9333","1253","co"
"KAOO","AOO","ALTOONA","PA","40.2964","-78.32","1503","co"
"KAVP","AVP","SCRANTON       ASOS","PA","41.3333","-75.7333","948","co"
"KAXQ","","CLARION COUNTY","PA","41.2249","-79.4422","1458","co"
"KBFD","BFD","BRADFORD","PA","41.8","-78.6333","2150","co"
"KBSI","BSI","BLAIRSVILLE","PA","40.45","-79.15","2044","co"
"KBTP","","BUTLER_CO._(AWOS)","PA","40.78","-79.95","1247","co"
"KBVI","BVI","BEAVER FALLS","PA","40.7667","-80.4","1252","co"
"KCKZ","","PERKASIE PENNRIDGE","PA","40.3864","-75.2952","568","co"
"KCTP","","STATE COLLEGE  WFO","PA","40.8288","-77.8469","1276","co"
"KCXY","CXY HAR","HARRISBURG","PA","40.2183","-76.8556","340","co"
"KDUJ","DUJ","DUBOIS","PA","41.1833","-78.9","1814","co"
"KDYL","","DOYLESTOWN","PA","40.3331","-75.1222","384","co"
"KERI","ERI","ERIE         ASOS","PA","42.0833","-80.1833","728","co"
"KFIG","","CLEARFIELD","PA","41.0467","-78.4117","1516","co"
"KFKL","FKL","FRANKLIN","PA","41.3833","-79.8667","1539","co"
"KFWQ","","MONONGAHELA/ROSTRAVE","PA","40.2097","-79.8314","1228","co"
"KGKJ","","MEADVILLE-PORT_MEADV","PA","41.6258","-80.2122","1400","co"
"KHMZ","","BEDFORD","PA","40.0853","-78.5122","1161","co"
"KHZL","","HAZLETON","PA","40.9868","-75.9949","1603","co"
"KIDI","","STEWART FIELD","PA","40.63","-79.1","1407","co"
"KIPT","IPT","WILLIAMSPORT ASOS","PA","41.25","-76.9167","525","co"
"KJST","JST","JOHNSTOWN","PA","40.3147","-78.8308","2269","co"
"KLBE","LBE","LATROBE","PA","40.2833","-79.4","1161","co"
"KLHV","","LOCK HAVEN","PA","41.1356","-77.4223","556","co"
"KLNS","LNS","LANCASTER","PA","40.1217","-76.2961","463","co"
"KLOM","KN67","PHILADELPHIA/WINGS","PA","40.1375","-75.265","302","co"
"KMDT","MDT","MIDDLETWN/HARRISB","PA","40.1961","-76.7731","303","co"
"KMERE","MERE","ERIE EAST","PA","42.4333","-80","571","co oc"
"KMPO","","POCONO MNTS MUNIL AP","PA","41.1389","-75.3961","1916","co"
"KMQS","","COATESVILLE/CARLSON","PA","39.979","-75.8655","659","co"
"KMUI","MUI","MUIR AAF","PA","40.4333","-76.5667","487","co"
"KN13","N13","BLOOMSBURG MUNI","PA","40.9977","-76.4352","481","co"
"KN27","","TOWANDA (BRADFORD CO","PA","41.74","-76.4471","730","co"
"KN35","","PUNXSUTAWNEY","PA","40.9667","-78.93","1439","co"
"KN38","","WELLSBORO (WELLSBORO","PA","41.7279","-77.3965","1892","co"
"KN43","N43","BRADEN AIRPARK","PA","40.7422","-75.2429","397","co"
"KN47","N47","POTTSTOWN MUNI","PA","40.2604","-75.6708","256","co"
"KN57","N57","NEW GARDEN","PA","39.8305","-75.7697","436","co"
"KN68","","CHAMBERSBURG","PA","39.973","-77.6432","688","co"
"KN79","N79","NORTHUMBERLAND COUNT","PA","40.8369","-76.5524","881","co"
"KN94","","CARLISLE","PA","40.1879","-77.1743","510","co"
"KNXX","NXX","WILLOW GROVE NAS","PA","40.1998","-75.1482","362","co"
"KPBZ","","CORAOPOLIS  WFO","PA","40.532","-80.2181","1185","co"
"KPHL","PHL","PHILADELPHIA","PA","39.8833","-75.25","28","co"
"KPIT","PIT","PITTSBURGH","PA","40.4915","-80.2329","1203","co"
"KPJC","","ZELIENOPLE MUNI","PA","40.802","-80.1609","898","co"
"KPNE","PNE","N.PHILADELPHIA","PA","40.0833","-75.0167","121","co"
"KPSB","","PHILLIPSBURG","PA","41.1192","-78.7603","1948","co"
"KPTW","","POTTSTOWN LIMERICK A","PA","40.2394","-75.5567","292","co"
"KRDG","RDG","READING","PA","40.3833","-75.9667","345","co"
"KRVL","","MIFFLIN COUNTY","PA","40.6774","-77.6268","819","co"
"KRYT","","FOUNTAIN DALE","PA","39.734","-77.43","889","co"
"KSEG","","SELINSGROVE/PENN_VAL","PA","40.8192","-76.8661","450","co"
"KTHV","","YORK","PA","39.9194","-76.8769","480","co"
"KUCP","","NEW_CASTLE_MUNI_ARPT","PA","41.0254","-80.4134","1072","co"
"KUKT","","QUAKERTOWN AP","PA","40.435","-75.3817","525","co"
"KUNV","UNV","UNIVERSITY PARK","PA","40.85","-77.85","1221","co"
"KVVS","","JOSEPH A HARDY CONNE","PA","39.9591","-79.6574","1264","co"
"KW05","W05","GETTYSBURG RGNL","PA","39.8413","-77.2746","553","co"
"KWAY","","GREENE COUNTY","PA","39.9011","-80.1307","1069","co"
"KWBW","","WILKES-BARRE WYOMING","PA","41.2973","-75.8522","543","co"
"KXLL","XLL","ALLENTOWN","PA","40.5703","-75.4883","400","co"
"KYOM","","ST MARYS","PA","41.4125","-78.5026","1934","co"
"KYPP1","","KENNEDY PRESERVE","PA","41.1047","-78.4917","2209","co"
"KZAP1","","KINZUA","PA","41.9006","-79.1186","1408","co"
"KZER","","POTTSVILLE (SCHUYLKI","PA","40.7065","-76.3731","1729","co"
"LOLP1","","LOCH LOMOND","PA","41.2039","-74.8897","886","co"
"MNGP1","","MANADA GAP","PA","40.411","-76.711","625","co"
"MONTR","","MONTROSE 2 E","PA","41.8381","-75.8374","1774","co"
"NBLP1","","NEWBOLD","PA","40.137","-74.752","21","co"
"OLDP1","","OLD MOUNTAIN","PA","41.5644","-77.4086","1909","co"
"PHBP1","","PHILADELPHIA WLON","PA","39.9322","-75.1403","21","co"
"QTRP1","","QUARRY TRAIL","PA","40.1311","-79.2161","2740","co"
"ROAP1","","ROARING CREEK","PA","40.8331","-76.4211","1035","co"
"WLFP1","","WOLF POND","PA","40.5134","-76.778","1712","co"
"CAHR","","HARRINGTON_CDA_CS","PE","46.35","-63.1667","174","co oc"
"CWEP","WEP","EAST_POINT_(MARS)","PE","46.45","-61.97","36","oc"
"CWNE","","NORTH_POINT_(AUTO8)","PE","47.08","-64","49","co oc"
"CWSD","WSD","SUMMERSIDE_(AUTO8)","PE","46.43","-63.85","79","co oc"
"CXBP","","CONFEDERATION BRIDGE","PE","46.23","-63.73","177","co oc"
"CXMP","","MAPLE PLAINS","PE","46.3","-63.58","151","co oc"
"CYYG","YYG","CHARLOTTETOWN","PE","46.2833","-63.1333","180","co oc"
"CZSP","","ST_PETERS","PE","46.4503","-62.5758","97","co oc"
"NTAA","","TAHITI ISLAND/FAAA","PF","-17.55","-149.62","7","oc"
"NSTU","","PAGO PAGO/TUTUILA","PI","-14.3332","-170.7167","30","oc"
"PGWT","","WEST TINIAN","PI","14.97","145.6","40","gu oc"
"PKWA","","BUCHOLZ AFB","PI","8.7333","167.7333","26","oc"
"PMDY","","MIDWAY ISLS.NAS","PI","28.2167","-177.3667","43","oc"
"PTKK","","TRUK/E.CAROLINA I","PI","7.4667","151.85","7","oc"
"PTSA","","KUSAIE/KOSRAE","PI","5.33","163.03","13","oc"
"PTYA","","YAP/CAROLINA ISL.","PI","9.4833","138.0833","52","oc"
"MPBO","","BOCA DEL TORO","PM","9.3333","-82.2333","7","oc"
"MPCH","","CHANGUINOLA","PM","9.4667","-82.5167","16","oc"
"MPDA","","DAVID/ENRIQUE MAL","PM","8.4","-82.4167","89","oc"
"MPRH","","RIO HATO","PM","8.3833","-80.1167","98","oc"
"MPVR","","PORVENIR","PM","9.5667","-78.95","7","oc"
"41053","","SAN JUAN","PR","18.476","-66.099","20","pr oc"
"41056","","VIEQUES ISLAND","PR","18.26","-65.458","13","pr oc"
"41115","","RINCON","PR","18.377","-67.28","0","pr oc"
"42085","","SOUTHEAST OF PONCE","PR","17.86","-66.524","13","pr oc"
"AROP4","","ARECIBO PEURTO RICO","PR","18.48","-66.702","21","pr oc"
"CRRP4","","CABO ROJO","PR","17.9731","-67.1628","109","pr"
"CSAP4","","CAMP SANTIAGO","PR","18.0067","-66.288","279","pr"
"ESPP4","","ESPERANZA","PR","18.094","-65.471","28","pr oc"
"FRDP4","","FAJARDO","PR","18.335","-65.631","21","pr oc"
"GCAP4","","GUANICA","PR","17.9542","-66.8822","17","pr"
"IMGP4","","ISIA MAGUEYES  LAJA","PR","17.969","-67.044","328","pr"
"MAOP4","","MARICAO","PR","18.1617","-67.0261","1618","pr"
"MGIP4","","MAGUEYES ISLANDS","PR","17.97","-67.0466","22","pr"
"MGZP4","","MAYAGUEZ PEURTO RIC","PR","18.218","-67.159","16","pr"
"MISP4","","MONA ISLAND","PR","18.09","-67.939","19","pr oc"
"PTRP4","","PUNTAS RINCON","PR","18.367","-67.251","49","pr oc"
"SJNP4","","SAN JUAN WLON","PR","18.4617","-66.1138","20","pr oc"
"TJBQ","MISX","AQUADILLA/BORIN.","PR","18.5","-67.1333","226","pr oc"
"TJIG","","FERN LUIS RIBAS","PR","18.4568","-66.0981","10","pr oc"
"TJMZ","MJBQ","MAYAGUEZ/EUGENIO","PR","18.27","-67.15","30","pr oc"
"TJNR","MJMZ MJNR","ROOSEVELT RDS","PR","18.25","-65.6333","39","pr oc"
"TJPS","MJPS","PONCE/MERCEDITA PR","PR","18.0167","-66.5667","29","pr"
"TJSJ","SJU MJSJ","SAN JUAN   P.R.","PR","18.4333","-66","62","pr oc"
"TSJU","","SAN JUAN  WFO","PR","18.4347","-66.0042","10","pr oc"
"VIEP4","","VIEQUES","PR","18.1217","-65.4158","37","pr oc"
"VQSP4","","VIEQUES  PEURTO RICO","PR","18.153","-65.444","21","pr oc"
"YABP4","","YABUCOA  PEURTO RIC","PR","18.055","-65.833","21","pr"
"CWEE","","CHAMOUCHOUANE AUTO8","QB","49.2786","-73.3556","997","co"
"CGMG","","MATAGAMI","QC","49.7578","-77.7931","922","co"
"CMAN","","SAINT ANDRE AVELIN","QC","45.8167","-75.0667","640","co"
"CMBB","","CHATHAM BROWNBURG","QC","45.6167","-74.4167","246","co"
"CMBR","","BEAUHARNOIS","QC","45.3194","-73.9122","72","co"
"CMCT","","SAINT-CONSTANT","QC","45.3333","-73.5833","128","co"
"CMCW","","COVEY_HILL","QC","45.0139","-73.8733","860","co"
"CMFM","","FORT_MONTMORENCY_RC","QC","47.3228","-71.1483","2204","co"
"CMGB","","GRANBY","QC","45.3728","-72.7739","282","co"
"CMHB","","LOCHABER","QC","45.6333","-75.2167","344","co"
"CMHN","","HARRINGTON","QC","45.8","-74.65","551","co"
"CMHW","","HOWICK","QC","45.1717","-73.8708","138","co"
"CMLA","","L'ARTIFICE","QC","45.0697","-73.8328","200","co"
"CMLI","","SAINT LOUIS","QC","45.87","-73","102","co"
"CMLT","","SAINT_LIN_LAURENTID","QC","45.8477","-73.6975","164","co"
"CMLU","","LEMIEUX","QC","46.3036","-72.0608","319","co"
"CMMY","","SAINT-MICHEL-DES-SAI","QC","46.8156","-74.0939","1411","co"
"CMPD","","PIEDMONT","QC","45.8833","-74.0922","574","co"
"CMPL","","SAINT_POLYCARPE","QC","45.3053","-74.2931","184","co"
"CMRG","","ROUGEMONT","QC","45.4122","-73.0508","177","co"
"CMRI","","RIGAUD_2","QC","45.4825","-74.2925","99","co"
"CMRU","","RUSSELTOWN","QC","45.0581","-73.7961","213","co"
"CMRY","","RUISSEAU_CRANBERRY","QC","45.1167","-73.6833","194","co"
"CMSB","","SAINTE-SABINE","QC","45.2233","-73.0233","161","co"
"CMSC","","SAINT-CELESTIN","QC","46.2058","-72.4458","180","co"
"CMSI","","SAINT GERMAN DE GRAT","QC","45.8255","-72.5369","279","co"
"CMSR","","ST-ROCK DES AULNAIES","QC","47.2833","-70.1667","157","co"
"CMSX","","SAINT-MICHEL_DE_NAP","QC","45.1869","-73.6242","194","co"
"CMTH","","THETFORD_MINES_RCS","QC","46.0486","-71.25","1411","co"
"CMWD","","RAWDON","QC","46.02","-73.82","689","co"
"CMYT","","SAINT-CHRYSOSME","QC","45.1333","-73.7667","180","co"
"CWAF","","ILE_ROUGE(MAPS)","QC","48.0689","-69.5556","19","co"
"CWBA","WBA","BERRAGE TEMISCAMINGU","QC","46.71","-79.101","595","co"
"CWBS","","LAC ST PIERRE","QC","46.18","-72.92","52","co"
"CWBY","WBY","PORT_MENIER_(MARS)","QC","49.83","-64.3","174","co oc"
"CWBZ","WBZ","ST ANICET","QC","45.12","-74.29","161","co"
"CWDE","","LAC_BENOIT","QC","51.5167","-71.1","1801","co"
"CWDM","WDM","CHEVERY_(MARS)","QC","50.47","-59.63","20","oc"
"CWDP","","MANOUANE-EST_(AUTO)","QC","50.6564","-70.5319","1631","co"
"CWDQ","","LA TUQUE","QC","47.4111","-72.7875","554","co"
"CWDT","","CHUTE_DES_PASSES","QC","49.8333","-71.1667","1305","co"
"CWEO","","LAC EON (MAPS)","QC","51.8667","-63.2833","1841","co"
"CWER","WER","ILE D'ORLEANS","QC","47","-70.8167","16","co"
"CWEW","WEW","L'ASSOMPTION","QC","45.82","-73.43","69","co"
"CWFQ","WFQ","FRELIGHSBURG","QC","45.05","-72.83","499","co"
"CWFW","","BAIE COMEAU","QC","49.2667","-68.15","423","co oc"
"CWGR","WGR","GRINDSTONE ISLAND","QC","47.3833","-61.8667","197","oc"
"CWHM","WHM","VARENNES","QC","45.72","-73.38","630","co"
"CWHP","","HEATH_POINT_(MAPS)","QC","49.0833","-61.7","22","co oc"
"CWHQ","","DESCHAMBAULTS","QC","46.68","-71.95","180","co"
"CWHV","WHV","BEAUCEVILLE","QC","46.21","-70.79","751","co"
"CWHY","WHY","MONT-ORFORD","QC","45.31","-72.24","2792","co"
"CWIG","","ILE_AUX_GRUES","QC","47.07","-70.53","59","co"
"CWIP","","POINTE NOIRE","QC","50.17","-66.43","82","co oc"
"CWIS","WIS","CHARLEVOIX_(MRX)","QC","47.28","-70.63","2359","co"
"CWIT","WIT","ST. CLOTHILDE (AUT)","QC","45.17","-73.68","171","co"
"CWIX","","MISTOOK","QC","48.7667","-71.7167","571","co"
"CWIZ","WIZ","L'ACADIE","QC","45.3","-73.35","148","co"
"CWJB","","STE FOY CS","QC","47.3","-71.27","299","co"
"CWJO","WJO","JONQUIERE(AUTO)","QC","48.42","-71.22","436","co"
"CWJT","WJT","ST_JOVITE_(AUTO8)","QC","46.07","-74.53","784","co"
"CWKD","","BONNARD","QC","50.7333","-71.0167","1631","co"
"CWLU","","LAUZON","QC","46.83","-71.17","65","co"
"CWMJ","WMJ","MANIWAKI","QC","46.28","-76","656","co"
"CWNH","WNH WRD YRI","RIVIERE-DU-LOUP","QC","47.8","-69.55","489","co"
"CWNI","WNI YNI","NITCHEQUON","QC","53.2","-70.9","1759","co"
"CWNQ","WNQ","NICOLET_(AUTO8)","QC","46.22","-72.65","33","co"
"CWOC","WOC","NEW_CARLISLE1","QC","48.02","-65.33","154","co oc"
"CWOD","WOD","NORMANDIN","QC","48.83","-72.55","449","co"
"CWOH","WOH WAM","STE AGATHE DES MT","QC","46.05","-74.2833","1296","co"
"CWPD","WPD","PARC_DES_LAURENTID","QC","47.57","-71.23","2635","co"
"CWPK","WPK","PARENT      AUTO","QC","47.9167","-74.6167","1450","co"
"CWPQ","WPQ","MONTREAL-EST","QC","45.63","-73.5531","167","co"
"CWQB","","JEAN_LESAGE_INTL","QC","46.78","-71.37","243","co"
"CWQD","","POINTE_DE_L'ISLET","QC","48.1333","-69.7167","22","co"
"CWQH","","LENNOXVILLE","QC","45.37","-71.82","594","co"
"CWQM","","CAP_ROUGE","QC","48.3767","-70.5333","22","co"
"CWQO","","ILE_BICQUETTE","QC","48.4","-68.8833","22","co"
"CWQR","","ICE_AUX_PERROQUETS","QC","50.2167","-64.2","29","co oc"
"CWQV","","PUINTE_CLAVEAU","QC","48.27","-70.12","0","co"
"CWQW","","CAPE_WHITTLE","QC","50.15","-60.05","22","oc"
"CWRC","","BARRAGE ANGLIERS","QC","47.55","-79.24","875","co"
"CWRZ","","CAP_D'ESPOIR_(MAPS)","QC","48.42","-64.32","52","co oc"
"CWSF","WSF","CAP_MADELEINE(MAPS)","QC","49.25","-65.33","95","co"
"CWSG","","CAP_CHAT_(MAPS)","QC","49.08","-66.73","115","co"
"CWST","WST","LA POCATIERE","QC","47.35","-70.03","102","co"
"CWTA","WTA","MONTREAL NORD","QC","45.5","-73.5833","207","co"
"CWTG","","POINTE_DES_MONTS","QC","49.32","-67.38","16","co oc"
"CWTN","WTN","CAP_TOURMENTE","QC","47.07","-70.8","20","co"
"CWTT","","LAC_MEMPHREMAGOC","QC","45.2667","-72.1667","686","co"
"CWTY","WTY","TROIS_RIVIERES","QC","46.35","-72.52","20","co"
"CWUX","","LA BAIE","QC","48.3","-70.93","443","co"
"CWUY","","ROUYN","QC","48.25","-79.03","1043","co"
"CWVQ","WVQ","STE_ANNE_DE_BELL_1","QC","45.43","-73.93","128","co"
"CWVY","WVY","VILLEROY_RADAR","QC","46.43","-71.93","354","co"
"CWVZ","","ILE_CHARRON","QC","45.58","-73.5","39","co"
"CWXC","","ONATCHIWAY","QC","48.88","-71.03","997","co"
"CWXF","WXF","SUTTON JCT.(AUTO)","QC","45.15","-72.5833","778","co"
"CWYQ","","POINTE-AU-PERE_(INRS","QC","48.5144","-68.4684","16","co"
"CWZS","WZS","AMQUI","QC","48.47","-67.43","545","co"
"CXBO","","BEAUPORT CS","QC","46.84","-71.2","33","co"
"CXHF","","HIGH_FALLS","QC","45.8333","-75.65","639","co"
"CXLT","","LATERRIERE","QC","48.31","-71.13","534","co"
"CXSH","","SHAWINIGAN CS","QC","46.58","-72.73","361","co"
"CXZV","","SEPT-ILES","QC","50.22","-66.25","174","co oc"
"CYAD","","LA_GRANDE_III(SAWR)","QC","53.57","-76.2","764","co"
"CYAH","","LA_GRANDE_IV_ARPT","QC","53.75","-73.67","1004","co"
"CYBC","YBC","BAIE COMEAU","QC","49.1333","-68.2","72","co oc"
"CYBG","YBG","BAGOTVILLE","QC","48.3333","-71","522","co"
"CYBX","YBX CWBX","BLANC SABLON","QC","51.4167","-57.2167","62","oc"
"CYEO","YEO","LAC EON","QC","51.85","-63.2833","1841","co"
"CYGA","YGA","GAGNON","QC","51.95","-68.1333","1857","co"
"CYGL","YGL","LA GRANDE RIVIERE","QC","53.6333","-77.7","627","co"
"CYGP","YGP","GASPE","QC","48.7667","-64.4833","108","co oc"
"CYGR","YGR","ILES DE LA MADEL.","QC","47.4167","-61.7833","33","oc"
"CYGV","YGV","HAVRE ST. PIERRE","QC","50.25","-63.6","20","co oc"
"CYGW","YGW","POSTE-DE-LA-BALE.","QC","55.2833","-77.7667","59","co"
"CYHA","","QUAQTAQ_AIRPORT","QC","61.05","-69.63","98","oc"
"CYHH","","NEMISCAU_ARPT(SAWR)","QC","51.7","-76.12","801","co"
"CYHU","YHU","MONTREAL/ ST HUBE","QC","45.5167","-73.4167","89","co"
"CYKL","YKL","SCHEFFERVILLE","QC","54.8","-66.8","1713","co"
"CYKO","","AKULIVIK_AIRPORT","QC","60.82","-78.15","30","oc"
"CYKQ","","WASKAGANISH_AIRPORT","QC","51.48","-78.75","75","co"
"CYLU","","KANGIKSUALUJJUAQ_A","QC","58.72","-65.98","197","oc"
"CYMT","YMT","CHIBOUGAMAU","QC","49.8167","-74.53","1319","co"
"CYMX","YMX","MONTREAL","QC","45.6833","-74.0333","269","co"
"CYNA","YNA","NATASHQUAN","QC","50.1833","-61.8167","23","co oc"
"CYNC","","WEMINDJI","QC","53.02","-78.83","46","co oc"
"CYND","YND","GATINEAU AIRPORT","QC","45.52","-75.57","210","co"
"CYNM","YNM","MATAGAMI","QC","49.7667","-77.8","922","co"
"CYOY","YOY CWQG","VALCARTIER","QC","46.9","-71.5","551","co"
"CYPN","YPN","PORT MENIER","QC","49.85","-64.45","112","co oc"
"CYQB","YQB","QUEBEC","QC","46.8","-71.4","236","co"
"CYRJ","YRJ","ROBERVAL","QC","48.5167","-72.2667","587","co"
"CYRQ","","TROIS RIVIERES","QC","46.35","-72.68","200","co"
"CYSC","YSC","SHERBROOKE","QC","45.4333","-71.6833","791","co"
"CYUL","YUL","MONTREAL","QC","45.4667","-73.75","118","co"
"CYUY","YUY","ROUYN","QC","48.2","-78.8333","988","co"
"CYVO","YVO","VAL D'OR","QC","48.05","-77.7833","1106","co"
"CYYY","YYY","MONT JOLI","QC","48.6","-68.2","171","co"
"CYZV","YZV","SEPT-ILES","QC","50.2167","-66.2667","180","co oc"
"CZEM","","EASTMAIN_RIVER_ARPT","QC","52.23","-78.52","23","co oc"
"PTKR","","KOROR WSO  PALAU","RA","7.339","134.489","94","oc"
"PTRO","","PALAU INTL AIRPORT","RA","7.3673","134.5443","97","oc"
"CPTR1","NP020","CONIMICUT LT","RI","41.717","-71.3451","18","co"
"FOXR1","NP019","PROVIDENCE","RI","41.8076","-71.3987","60","co"
"JSTR1","","SNAKE DEN","RI","41.8167","-71.5333","278","co"
"KBID","BID","BLOCK ISL.(AMOS)","RI","41.1667","-71.5833","118","co oc"
"KOQU","OQU NCO","N. KINGSTOWN/QUONSET","RI","41.6","-71.4167","22","co"
"KPVD","PVD","PROVIDENCE   ASOS","RI","41.7333","-71.4333","62","co"
"KSFZ","SFZ","N CENTRAL STATE ARPT","RI","41.9167","-71.5","441","co"
"KUUU","UUU","NEWPORT        ASOS","RI","41.5333","-71.2833","155","co oc"
"KWST","","WESTERLY STATE AIRPO","RI","41.3497","-71.7989","79","co oc"
"NINR1","","NINIGRET","RI","41.3792","-71.5822","19","co oc"
"NWPR1","NP018","NEWPORT","RI","41.5055","-71.326","28","co oc"
"PRUR1","","SANDY POINT","RI","41.605","-71.304","10","co oc"
"PTCR1","NP023","POTTER COVE/PRUDENCE","RI","41.6375","-71.339","30","co"
"QPTR1","NP024","QUONSET PT","RI","41.5858","-71.4073","23","co"
"UHMA","","ANADYR","RU","64.78","177.57","203","ak"
"UHMD","","BUHTA PROVIDENJA","RU","64.42","-173.23","10","ak"
"UHMM","","MAGADAN","RU","59.55","150.78","387","oc"
"382730","","EDISTO ISLAND","SC","32.4697","-80.3347","8","co oc"
"41002","1002","SOUTH HATTERAS","SC","31.862","-74.835","16","co oc"
"41004","1004","EDISTO","SC","32.5006","-79.0994","16","co oc"
"41029","","CAPERS NEARSHORE","SC","32.81","-79.63","10","co oc"
"41033","","FRIPP NEARSHORE","SC","32.28","-80.41","10","co oc"
"ABRS1","","ACE BASIN","SC","32.6583","-80.3989","9","co"
"CHDS1","","STROM THURMOND DAM","SC","33.6622","-82.1997","380","co"
"CHTS1","","CHARLESTON","SC","32.782","-79.925","29","co oc"
"DRBS1","","DURBIN CREEK","SC","34.7224","-82.097","225","co"
"FBIS1","FBIS","FOLLY ISLAND","SC","32.685","-79.8883","15","co oc"
"GDNS1","","CONGAREE","SC","33.8147","-80.7811","123","co"
"HRAS1","","HORRY","SC","33.9368","-79.0849","8","co"
"JCKS1","","SRF2 - PORTABLE","SC","33.3606","-81.6839","370","co"
"JEFS1","","CAROLINA SANDHILLS","SC","34.6619","-80.2742","394","co"
"K3J0","3J0","HAMPTON COUNTY","SC","32.8665","-81.081","113","co"
"K3J1","3J1","RIDGELAND-CLAUDE DEA","SC","32.4969","-80.9931","85","co"
"K51J","51J","LAKE CITY MUNI CJ EV","SC","33.8536","-79.7681","80","co"
"K52J","","LEE COUNTY AIRPORT","SC","34.24","-80.24","211","co"
"K5J5","5J5","HOLLY HILL","SC","33.3004","-80.3943","96","co"
"K5J9","5J9","TWIN CITY","SC","34.0884","-78.8649","99","co"
"K6J0","6J0","LEXINGTON COUNTY","SC","33.7946","-81.2459","452","co"
"K6J2","6J2","ST GEORGE","SC","33.1955","-80.5085","85","co"
"K6J4","","SALUDA COUNTY AIRPOR","SC","33.93","-81.79","539","co"
"K6J6","6J6","EDGEFIELD COUNTY","SC","33.7369","-81.8188","611","co"
"K99N","","BAMBERG COUNTY AIRPO","SC","33.3","-81.11","231","co"
"KAIK","","AIKEN MUNI ARPT","SC","33.6494","-81.685","528","co"
"KAND","AND","ANDERSON","SC","34.5","-82.7167","781","co"
"KAQX","","ALLENDALE CNTY","SC","32.9951","-81.2703","161","co"
"KARW","","BEAUFORT COUNTY ARPT","SC","32.4122","-80.6344","10","co"
"KBBP","","MARLBORO COUNTY JETP","SC","34.6217","-79.7344","147","co"
"KBNL","BNL","BARNWELL","SC","33.2578","-81.3883","246","co"
"KBXG","","BURKE COUNTY AIRPORT","SC","33.0413","-82.0028","308","co"
"KCAE","CAE","COLUMBIA","SC","33.95","-81.1167","225","co"
"KCDN","CDN","CAMDEN WOODWARD","SC","34.2836","-80.5649","302","co"
"KCEU","","CLEMSON","SC","34.6722","-82.8814","891","co"
"KCHS","CHS","CHARLESTON   ASOS","SC","32.9","-80.0333","48","co"
"KCKI","CKI","KINGSTREE","SC","33.7172","-79.857","66","co"
"KCQW","CQW","CHERAW","SC","34.7129","-79.957","240","co"
"KCRE","CRE","N.MYRTLE BEACH","SC","33.8167","-78.7167","33","co"
"KCUB","","COLUMBIA_OWENS_AIRPO","SC","33.97","-80.99","210","co"
"KDCM","","CHESTER CATAWBA REG","SC","34.7893","-81.1958","656","co"
"KDLC","","DILLON COUNTY","SC","34.4491","-79.3686","133","co"
"KDYB","","SUMMERVILLE","SC","33.0634","-80.2793","55","co"
"KEOE","","NEWBERRY COUNTY","SC","34.3093","-81.6407","568","co"
"KFDW","","FAIRFIELD COUNTY","SC","34.3155","-81.1088","577","co"
"KFLO","FLO","FLORENCE","SC","34.1833","-79.7167","148","co"
"KGGE","","GEORGETOWN COUNTY AP","SC","33.3117","-79.3196","39","co"
"KGMU","GMU","GREENVILLE","SC","34.85","-82.35","1043","co"
"KGRD","","GREENWOOD","SC","34.2472","-82.1547","631","co"
"KGSP","GSP","GREENVILLE-SPART.","SC","34.9","-82.2167","971","co"
"KGYH","","GREENVILLE/DONALDSON","SC","34.7583","-82.3764","955","co"
"KHVS","","HARTSVILLE","SC","34.4031","-80.1192","364","co"
"KHXD","K49J","HILTON HEAD AWOS","SC","32.2167","-80.7","20","co oc"
"KHYW","","CONWAY-HORRY CTY AP","SC","33.8285","-79.1222","33","co"
"KJZI","","CHARLESTON EXEC AP","SC","32.7009","-80.0029","16","co oc"
"KLKR","","LANCASTER COUNTY","SC","34.7229","-80.8546","486","co"
"KLQK","","PICKENS CTY AP","SC","34.81","-82.7029","1014","co"
"KLRO","","MOUNT PLEASANT","SC","32.8978","-79.7829","13","co"
"KLUX","","LAURENS CNTY AP","SC","34.5071","-81.9472","696","co"
"KMAO","","MARION CNTY AP","SC","34.1812","-79.3347","92","co"
"KMKS","","MONCKS CORNER","SC","33.1855","-80.0362","72","co"
"KMMT","MMT","MCENTIRE ANGB AP","SC","33.9167","-80.8","251","co"
"KMNI","","MANNING/COOPER REGI","SC","33.5871","-80.2087","105","co"
"KMYR","MYR","MYRTLE BEACH AFB","SC","33.6833","-78.9333","26","co"
"KNBC","NBC","BEAUFORT MCAS","SC","32.4773","-80.7231","37","co"
"KNGS1","","KINGS MOUNTAIN","SC","35.1456","-81.4022","820","co"
"KOGB","","ORANGEBURG","SC","33.4639","-80.8536","197","co"
"KPHH","","ROBERT F SWINNIE","SC","33.4517","-79.5262","26","co"
"KPYG","","PAGELAND","SC","34.7421","-80.3452","575","co"
"KRBW","RBW","WATERBORO","SC","32.921","-80.6406","102","co"
"KS19","","MCCORMICK COUNTY AIR","SC","33.91","-82.27","459","co"
"KSMS","SMS","SUMTER ARPT","SC","33.995","-80.3613","184","co"
"KSPA","SPA","SPARTANSBURG","SC","34.9157","-81.9565","807","co"
"KSSC","2PJ SSC","SUMTER/SHAW AFB","SC","33.9667","-80.4833","240","co"
"KUDG","","DARLINGTON","SC","34.45","-79.88","194","co"
"KUZA","K29J","ROCK_HILL","SC","34.98","-81.06","666","co"
"LCRS1","","LONG CANE","SC","33.9228","-82.1425","383","co"
"LCSS1","","SAVRIV","SC","33.3331","-81.5917","275","co"
"LMFS1","","LAKE MURRAY","SC","34.1072","-81.2706","30","co"
"MROS1","","SPRINGMAID PIER","SC","33.6556","-78.9165","23","co oc"
"MRWS1","","MARION 01","SC","34.1858","-79.3362","93","co"
"SASS","","PICKENS","SC","35.0652","-82.7766","3525","co"
"SPLS1","","SANTEE NWR","SC","33.5575","-80.4414","78","co"
"SRSS1","","SAVRAW","SC","33.2108","-81.5905","330","co"
"TBLS1","","TABLE ROCK","SC","35.0291","-82.6933","1243","co"
"WATS1","","LAKE WATEREE","SC","34.3353","-80.7022","10","co"
"WERS1","","WEIR TOWER","SC","34.0217","-80.8677","548","co"
"WHIS1","","WHITMIRE","SC","34.538","-81.5619","383","co"
"WLHS1","","ANDREW PICKENS","SC","34.8085","-83.1276","1669","co"
"WMBS1","","WAMBAW","SC","32.9742","-79.6686","19","co"
"WTBS1","","WALTERBORO","SC","32.9238","-80.6307","99","co"
"WTHS1","","WITHERBEE","SC","33.1611","-79.8292","51","co"
"CRRS2","","CUSTER","SD","43.7784","-103.6405","5821","co"
"CSPS2","","CUSTER STATE PARK","SD","43.7286","-103.3542","3950","co"
"DOHS2","","BAKER PARK","SD","43.9792","-103.425","4674","co"
"FAUS2","","FAULKTON 1NW","SD","45.0394","-99.1417","1570","co"
"GRRS2","","GRAND RIVER","SD","45.6143","-101.0628","2176","co"
"INBS2","","INDIAN BUTTE","SD","45.1393","-103.9126","3380","co"
"K0D8","0D8","GETTYSBURG MUNI","SD","44.9866","-99.9529","2062","co"
"K1D1","1D1","MILBANK MUNI","SD","45.2305","-96.5661","1118","co"
"K1D3","1D3","PLATTE MUNI","SD","43.4047","-98.8305","1618","co"
"K1D7","1D7","THE SIGURD ANDERSON","SD","45.2931","-97.5136","1858","co"
"K1D8","1D8","REDFIELD MUNI","SD","44.8566","-98.5312","1309","co"
"K2E6","2.00E+06","GROTON MUNI","SD","45.5345","-98.0953","1306","co"
"K2WX","2WX","BUFFALO","SD","45.6","-103.55","3003","co"
"K3A9","3A9","ARLINGTON MUNI","SD","44.3938","-97.1229","1818","co"
"K3FU","3FU","FAULKTON MUNI","SD","45.0307","-99.1129","1571","co"
"K3V0","3V0","CUSTER STATE PARK","SD","43.7249","-103.35","3980","co"
"K3W8","3W8","EUREKA MUNI","SD","45.8","-99.6427","1935","co"
"K3Y7","3Y7","ISABEL MUNI","SD","45.3897","-101.4376","2398","co"
"K49B","49B","STURGIS MUNI","SD","44.4187","-103.3777","3255","co"
"K4P3","4P3","FLANDREAU MUNI","SD","44.0044","-96.5947","1645","co"
"K4X4","4X4","WESSINGTON SPRINGS","SD","44.0619","-98.5322","1545","co"
"K5H3","5H3","CLEAR LAKE MUNI","SD","44.7717","-96.6884","1804","co"
"K5P2","5P2","MC LAUGHLIN MUNI","SD","45.7968","-100.7843","2006","co"
"K5P5","5P5","PRESHO MUNI","SD","43.906","-100.0367","1760","co"
"K5T4","5T4","HERREID MUNI","SD","45.8483","-100.074","1725","co"
"K5V8","5V8","KADOKA MUNI","SD","43.8333","-101.4971","2466","co"
"K6A6","6A6","KIMBALL MUNI","SD","43.7583","-98.9781","1755","co"
"K6E5","6.00E+05","WILDER","SD","44.4331","-97.5582","1730","co"
"K6V0","6V0","EDGEMONT MUNI","SD","43.295","-103.843","3594","co"
"K6V4","6V4","WALL MUNI","SD","43.9992","-102.2535","2813","co"
"K6V5","6V5","BISON MUNI","SD","45.5183","-102.4678","2791","co"
"K7G9","7G9","CANTON MUNI","SD","43.309","-96.5712","1290","co"
"K7Q7","7Q7","WHITE RIVER MUNI","SD","43.5617","-100.7418","2151","co"
"K84D","84D","CHEYENNE EAGLE BUTTE","SD","44.9844","-101.2511","2448","co"
"K8D3","","SISSETON_MCPL_AIRPOR","SD","45.68","-96.99","1161","co"
"K8D7","8D7","CLARK COUNTY","SD","44.895","-97.7105","1793","co"
"K8D8","8D8","LAKE ANDES MUNI","SD","43.148","-98.5404","1475","co"
"K8D9","8D9","HOWARD MUNI","SD","44.0291","-97.5378","1582","co"
"K8F6","8F6","MURDO MUNI","SD","43.8521","-100.7128","2270","co"
"K8V3","8V3","PARKSTON MUNI","SD","43.3774","-97.9897","1418","co"
"K98D","98D","ONIDA MUNI","SD","44.7005","-100.1014","1885","co"
"K9D0","9D0","HIGHMORE MUNI","SD","44.5408","-99.451","1854","co"
"K9D1","9D1","GREGORY MUNI - FLYNN","SD","43.2218","-99.4034","2175","co"
"K9D2","9D2","HARDING COUNTY","SD","45.5796","-103.5289","2891","co"
"K9F8","9F8","HOVEN MUNI","SD","45.2576","-99.7978","1885","co"
"K9V6","9V6","MARTIN MUNI","SD","43.1656","-101.7127","3295","co"
"K9V9","9V9 CHB","CHAMBERLAIN(AMOS)","SD","43.7667","-99.3167","1689","co"
"KABR","ABR","ABERDEEN       ASOS","SD","45.45","-98.4333","1300","co"
"KAGZ","","WAGNER MUNI","SD","43.0642","-98.2964","1478","co"
"KATY","ATY","WATERTOWN      ASOS","SD","44.9167","-97.15","1749","co"
"KBKX","BKX","BROOKINGS","SD","44.3","-96.8","1637","co"
"KBTN","","BRITTON MUNI","SD","45.815","-97.7428","1318","co"
"KCUT","K0V1 0V1","CUSTER","SD","43.7333","-103.6167","5602","co"
"KD07","","FAITH","SD","45.03","-102.02","2582","co"
"KD58","D58","TIMBER LAKE MUNI","SD","45.415","-101.0832","2193","co"
"KD65","D65","CORSICA MUNI","SD","43.4344","-98.3976","1579","co"
"KEFC","","BELLE_FOURCHE","SD","44.7342","-103.862","3189","co"
"KFSD","FSD","SIOUX FALLS","SD","43.5667","-96.7333","1427","co"
"KHON","HON","HURON","SD","44.3833","-98.2167","1289","co"
"KHSR","","HOT SPRINGS MUNI","SD","43.3683","-103.3883","3150","co"
"KICR","KSFD KNED","WINNER REGIONL ARPRT","SD","43.39","-99.84","2041","co"
"KIEN","","PINE RIDGE","SD","43.03","-102.52","3274","co"
"KLEM","","LEMMON MUNI","SD","45.9184","-102.1055","2573","co"
"KMBG","Y26","MOBRIDGE","SD","45.55","-100.4086","1664","co"
"KMDS","","MADISON MUNICIPAL","SD","44.016","-97.0859","1715","co"
"KMHE","MHE","MITCHELL","SD","43.7747","-98.0386","1303","co"
"KMKA","","MILLER MUNI","SD","44.5252","-98.9581","1570","co"
"KPHP","KP05 P05 PHP","PHILIP","SD","44.0511","-101.6011","2212","co"
"KPIR","PIR","PIERRE","SD","44.3814","-100.2856","1734","co"
"KRAP","RAP","RAPID CITY     ASOS","SD","44.05","-103.0667","3168","co"
"KRCA","RCA","ELLSWORTH AFB","SD","44.15","-103.1","3278","co"
"KREJ","REJ","REDIG (AMOS)","SD","45.2667","-103.5333","3035","co"
"KSPF","","SPEARFISH/CLYDE_ICE","SD","44.4803","-103.783","3930","co"
"KSUO","","ROSEBUD SIOUX TRIBAL","SD","43.2585","-100.8595","2724","co"
"KUNR","","RAPID CITY  WFO","SD","44.0728","-103.2111","3376","co"
"KVMR","","HAROLD DAVIDSON FIEL","SD","42.7653","-96.9343","1147","co"
"KY03","Y03","SPRINGFIELD MUNI","SD","42.8811","-97.9016","1324","co"
"KY14","Y14","MARV SKIE-LINCOLN CO","SD","43.4549","-96.8013","1515","co"
"KY34","Y34","LAKE PRESTON MUNI","SD","44.3573","-97.3848","1725","co"
"KYKN","YKN","YANKTON   (AWOS)","SD","42.9167","-97.3833","1305","co"
"LANS2","","BEAR CREEK","SD","45.057","-101.4677","2290","co"
"LLKS2","","SAND LAKE","SD","45.8778","-99.4108","2030","co"
"MRLS2","","MARSHALL CO","SD","45.8039","-97.4508","2010","co"
"NMOS2","","NEMO","SD","44.19","-103.5105","4644","co"
"PINS2","","PINNACLES","SD","43.8805","-102.2377","3080","co"
"PRGS2","","PORCUPINE","SD","43.2895","-102.271","3786","co"
"PRMS2","","MAGPIE CREEK","SD","43.3183","-101.1453","2840","co"
"RDCS2","","RED CANYON","SD","43.4258","-103.7588","4644","co"
"RDFS2","","REDFIELD","SD","44.8579","-98.5289","1302","co"
"RFPS2","","FORT PIERRE","SD","44.1153","-100.3013","2274","co"
"RHRS2","","MT. RUSHMORE","SD","43.8778","-103.4495","5400","co"
"RHUS2","","HURON","SD","44.2411","-98.77","1876","co"
"RLAS2","","LAKE ANDES","SD","43.2586","-98.7592","1710","co"
"RWES2","","RAPID CITY WEST","SD","44.0693","-103.3116","3793","co"
"SD50","","HARROLD MUNI","SD","44.5313","-99.7477","1787","co"
"SD552","","PEEVER","SD","45.4567","-96.9901","1370","co"
"SD566","","SUMMIT","SD","45.3079","-97.0522","1989","co"
"SFRS2","","SPEARFISH","SD","44.4582","-103.8187","3898","co"
"SHDS2","","SHADEHILL","SD","45.6732","-102.1658","2515","co"
"WCAS2","","WICA_ELK MOUNTAIN","SD","43.5575","-103.4913","4111","co"
"WPKS2","","WHITETAIL PEAK","SD","44.126","-103.8438","6848","co"
"CPIF","","ISLAND_FALLS","SK","55.5333","-102.35","976","co"
"CPIL","","LOON LAKE RCS","SK","54.0197","-109.1383","1791","co"
"CPOX","","SASKATOON RCS","SK","52.1736","-106.7189","1654","co"
"CPQW","","NORTH_BATTLEFORD_RC","SK","52.7719","-108.2556","1798","co"
"CWAQ","","CORONACH SPC","SK","49.05","-105.4833","2480","co"
"CWBD","","INDIAN HEAD CDA","SK","50.55","-103.65","1900","co"
"CWBU","","NIPAWIN (AUTO8)","SK","53.33","-104","1223","co"
"CWCD","","SASKATOON_K_FARM","SK","52.15","-106.55","1673","co"
"CWDC","WDC","URANIUM_CITY(MARS)","SK","59.57","-108.48","1043","ak"
"CWDJ","WDJ","REGINA UNIVERSITY","SK","50.43","-104.67","1894","co"
"CWEH","WEH","E.END CYP.(AUTO)","SK","49.45","-108.9833","3537","co"
"CWFF","WFF","MELFORT_(AUTO8)","SK","52.82","-104.6","1608","co"
"CWHN","WHN","JIMMY LAKE","SK","54.9167","-109.9667","2087","co"
"CWIK","WIK CYDR","BROADVIEW","SK","50.3833","-102.5833","1972","co"
"CWIW","WIW","WATROUS_EAST_(AUT)","SK","51.67","-105.4","1726","co"
"CWJH","WJH","SOUTHEND_(AUTO8)","SK","56.33","-103.28","1129","co"
"CWJI","WJI","ASSINIBOIA ARPT","SK","49.73","-105.93","2375","co"
"CWJX","WJX","LEADER AIRPORT","SK","50.9","-109.5","2205","co"
"CWKO","WKO","ROCKGLEN","SK","49.1667","-105.9667","3002","co"
"CWLE","WLE","LUCKY_LAKE_(AUTO8)","SK","50.95","-107.15","2182","co"
"CWLJ","","MEADOW_LAKE_(AUTO8)","SK","54.13","-108.53","1574","co"
"CWLV","","WASKESIU_LAKE_(AUT)","SK","53.92","-106.07","1866","co"
"CWMQ","WMQ","MAPLECREEK_(AUTO8)","SK","49.9","-109.47","2516","co"
"CWOK","WOK","ELBOW (AUTO)","SK","51.1333","-106.5833","1952","co"
"CWOY","WOY","WYNYARD","SK","51.7659","-104.1924","1840","co"
"CWRJ","WRJ","ROSETOWN_EAST_(AUT)","SK","51.57","-107.92","1923","co"
"CWSR","WSR","SPIRITWOOD WEST","SK","53.3667","-107.55","1916","co"
"CWTS","","SCOTT_CS","SK","52.3597","-108.8347","2165","co"
"CWVC","","SWIFT_CURRENT(AUT8)","SK","50.2667","-107.7333","2706","co"
"CWVN","","VAL MARIE SE(AUTO)","SK","49.07","-107.58","2575","co"
"CWVP","WVP","CYPRESS_HILLS_PARK","SK","49.65","-109.52","4170","co"
"CWWF","WWF","WEYBURN (AUTO8)","SK","49.7","-103.8","1932","co"
"CWXG","","LAST_MOUNTAIN_CS","SK","51.4167","-105.25","1631","co"
"CWYE","","OUTLOOK_PFRA","SK","51.48","-107.05","1775","co"
"CWYO","WYO YYO","WYNYARD","SK","51.7667","-104.2","1841","co"
"CXBK","","BRATTS LAKE","SK","50.2","-104.7","1903","co"
"CXOX","","LA RONGE RCS","SK","55.15","-105.27","1240","co"
"CXXX","","CLUFF LAKE","SK","58.38","-109.5","1112","ak"
"CYBE","YBE WDC","URANIUM CITY","SK","59.5667","-108.4833","1043","ak"
"CYBU","YBU","NIPAWIN","SK","53.3333","-104.01","1227","co"
"CYEN","YEN","ESTEVAN","SK","49.2167","-102.9667","1877","co"
"CYHB","WHB YHB CZHB","HUDSON BAY (AUTO)","SK","52.8167","-102.3167","1174","co"
"CYKY","YKY WKY","KINDERSLEY","SK","51.4667","-109.1667","2241","co"
"CYLJ","YLJ","MEADOW LAKE","SK","54.1333","-108.5167","1585","co"
"CYMJ","YMJ","MOOSE JAW","SK","50.3333","-105.55","1893","co"
"CYPA","YPA","PRINCE ALBERT","SK","53.2167","-105.6833","1404","co"
"CYQR","YQR","REGINA","SK","50.4333","-104.6667","1893","co"
"CYQV","YQV","YORKTON","SK","51.2667","-102.4667","1634","co"
"CYQW","YQW","NORTH BATTLEFORD","SK","52.7667","-108.25","1798","co"
"CYSF","","STONY_RAPIDS_ARPT","SK","59.25","-105.83","820","ak"
"CYVC","YVC","LA RONGE","SK","55.15","-105.2667","1221","co"
"CYVT","YVT CWVT","BUFFALO NARROWS","SK","55.85","-108.4833","1391","co"
"CYXE","YXE ZBK","SASKATOON","SK","52.1667","-106.6833","1654","co"
"CYYN","YYN","SWIFT CURRENT","SK","50.2833","-107.6833","2684","co"
"CZBG","ZBG","LA RONGE","SK","55.1333","-105.3","1250","co"
"CZBH","ZBH","MEADOW LAKE","SK","54.1167","-108.5167","1575","co"
"CZBI","ZBI","PRINCE ALBERT","SK","53.6333","-106.2","1929","co"
"CZBJ","ZBJ","NIPAWIN","SK","53.9167","-104.6833","1673","co"
"CZMJ","","MOOSE JAW CS","SK","50.33","-105.56","1893","co"
"MSLP","","EL SALVADOR INTL APT","SV","13.4333","-89.05","82","oc"
"MSSM","","SAN_MIGUEL/PAPALON","SV","13.45","-88.12","262","oc"
"MBPV","","PROVIDENCIALES","TC","21.7736","-72.2658","16","co oc"
"MKJT","","GRAND TURKS/AUX","TC","21.45","-71.15","33","co oc"
"2A1","","JAMESTOWN","TN","36.3496","-84.9466","1694","co"
"2M2","","LAWRENCEBURG","TN","35.2343","-87.2579","936","co"
"BLDT1","","BLEDSOE SF","TN","35.6819","-85.2733","1780","co"
"BOCT1","","OCOEE","TN","35.1558","-84.5947","1322","co"
"BSFT1","","BISO-NP","TN","36.475","-84.6542","1445","co"
"BURT1","","BURNS","TN","36.065","-87.2831","706","co"
"CCKT1","","TELLICO","TN","35.3814","-84.1229","1920","co"
"CHFT1","","CHICKASAW SF","TN","35.3713","-88.8289","439","co"
"CMDT1","","CAMDEN TOWER","TN","36.0661","-88.1686","512","co"
"CSFT1","","CHUCK SWAN SF","TN","36.3689","-83.8986","1657","co"
"CSST1","","CROSSVILLE","TN","36.0744","-84.9636","1635","co"
"DAFT1","","DYERSBURG","TN","35.99","-89.4058","208","co"
"DLOT1","","DELANO","TN","35.2478","-84.5814","695","co"
"FCRT1","","FORT CAMPBELL","TN","36.6255","-87.5369","545","co"
"GNDT1","","GREENFIELD","TN","36.1608","-88.8001","499","co"
"HCOT1","","HAMBLEN CO. HQ","TN","36.2572","-83.2772","1163","co"
"IGGT1","","INDIAN GRAVE","TN","35.6239","-83.8143","2700","co"
"K0A3","0A3","SMITHVILLE MUNI","TN","35.9854","-85.8091","1084","co"
"K0A9","","ELIZABETHTON","TN","36.3712","-82.1734","1594","co"
"K0M2","0M2","REELFOOT LAKE","TN","36.4753","-89.3463","289","co"
"K0M3","0M3","JOHN A BAKER FLD","TN","35.546","-87.5973","972","co"
"K0M4","0M4","BENTON COUNTY","TN","36.0095","-88.1247","468","co"
"K0M5","0M5","HUMPHREYS COUNTY","TN","36.1166","-87.7382","756","co"
"K1A3","1A3","MARTIN CAMPBELL FIEL","TN","35.0158","-84.3468","1789","co"
"K1A7","1A7","JACKSON COUNTY","TN","36.3968","-85.6413","515","co"
"K1M5","","PORTLAND MUNI ARPT","TN","36.5929","-86.4769","818","co"
"K2A0","2A0","MARK ANTON","TN","35.4863","-84.9311","718","co"
"K2M8","2M8","CHARLES W BAKER","TN","35.2785","-89.933","247","co"
"K3A2","3A2","NEW TAZEWELL MUNI","TN","36.4089","-83.5572","1179","co"
"K3M7","3M7","LAFAYETTE MUNI","TN","36.52","-86.0581","969","co"
"K6A4","6A4","JOHNSON COUNTY","TN","36.4178","-81.8251","2240","co"
"K8A3","","LIVINGSTON MUNI ARPT","TN","36.4135","-85.3104","1372","co"
"KAPT","","MARION COUNTY-BROWN","TN","35.0607","-85.5853","641","co"
"KBGF","","WINCHESTER","TN","35.1775","-86.0662","978","co"
"KBNA","BNA","NASHVILLE","TN","36.1167","-86.6833","605","co"
"KCHA","CHA","CHATTANOOGA  ASOS","TN","35.0333","-85.2","688","co"
"KCKV","CKV","CLARKSVILLE","TN","36.6167","-87.4114","560","co"
"KCSV","CSV","CROSSVILLE","TN","35.95","-85.0811","1867","co"
"KDKX","","KNOXVILLE DOWNTOWN I","TN","35.9638","-83.8737","833","co"
"KDYR","DYR","DYERSBURG","TN","36.0167","-89.4","338","co"
"KFGU","","COLLEGEDALE MUNI","TN","35.0444","-85.0201","860","co"
"KFYE","","SOMERVILLE FAYETTE","TN","35.2061","-89.3929","436","co"
"KFYM","","FAYETTEVILLE","TN","35.0597","-86.564","974","co"
"KGCY","","GREENEVILLE-GREENE C","TN","36.1957","-82.8114","1608","co"
"KGHM","","CENTERVILLE MUNI","TN","35.8374","-87.4454","765","co"
"KGKT","","GATLINBURG","TN","35.8568","-83.5333","1014","co"
"KGZS","","ABERNATHY FIELD","TN","35.1541","-87.0571","689","co"
"KHZD","","HUNTINGDON CARROLL","TN","36.0889","-88.4654","495","co"
"KJAU","","JACKSBORO","TN","36.3341","-84.163","1179","co"
"KJWN","","JOHN C TUNE AIRPORT","TN","36.1852","-86.8833","495","co"
"KLUG","","ELLINGTON","TN","35.507","-86.8039","717","co"
"KM01","M01","GENERAL DEWITT SPAIN","TN","35.2007","-90.054","225","co"
"KM02","M02","DICKSON MUNI","TN","36.128","-87.4298","892","co"
"KM04","","COVINGTON MUNI","TN","35.5833","-89.5833","279","co"
"KM08","","BOLIVAR WILLIAM","TN","35.21","-89.04","499","co"
"KM15","M15","JAMES TUCKER AIRPORT","TN","35.5948","-87.8766","740","co"
"KM29","M29","HASSELL FIELD","TN","35.383","-87.9683","407","co"
"KM31","M31","ARNOLD FIELD","TN","35.9034","-89.3973","292","co"
"KM33","","SUMNER CNTY REG ARPT","TN","36.3768","-86.4088","584","co"
"KM53","M53","HUMBOLDT MUNI","TN","35.8022","-88.8749","421","co"
"KM91","","SPINGFIELD","TN","36.5363","-86.9189","705","co"
"KM93","M93","HOUSTON COUNTY","TN","36.3167","-87.9167","370","co"
"KMBT","","MURFREESBORO MUNI","TN","35.8787","-86.3775","614","co"
"KMEG","","MEMPHIS/GERMANTN WFO","TN","35.1308","-89.8006","285","co"
"KMEM","MEM","MEMPHIS","TN","35.05","-90","284","co"
"KMGL","MGL","MONTEAGLE","TN","35.25","-85.85","1923","co"
"KMKL","MKL","JACKSON","TN","35.6","-88.9167","433","co"
"KMMI","","ATHENS","TN","35.3992","-84.5618","874","co"
"KMNV","","MONROE COUNTY","TN","35.5452","-84.3804","1031","co"
"KMOR","","MORRISTOWN","TN","36.1794","-83.3754","1313","co"
"KMQY","MQY","SMYRNA","TN","36","-86.5","543","co"
"KMRC","","COLUMBIA/MT. PLEASAN","TN","35.5543","-87.1791","681","co"
"KMRX","","MORRISTOWN  WFO","TN","36.1686","-83.4017","1337","co"
"KNQA","NQA","MEMPHIS NAS","TN","35.35","-89.8667","322","co"
"KOHX","","OLD HICKORY  WFO","TN","36.2472","-86.5625","570","co"
"KOQT","","OAK_RIDGE_(ASOS)","TN","36.02","-84.23","906","co"
"KPHT","","PARIS/HENRY CNTY ARP","TN","36.3359","-88.3844","580","co"
"KPVE","","LEXINGTON","TN","35.6564","-88.1954","489","co"
"KRKW","","ROCKWOOD MUNI","TN","35.9223","-84.6898","1664","co"
"KRNC","","MCMINNVILLE","TN","35.6987","-85.8438","1032","co"
"KRVN","","HAWKINS COUNTY","TN","36.4576","-82.885","1255","co"
"KRZR","","CLEVELAND REG JETPRT","TN","35.2115","-84.7998","862","co"
"KSCX","","ONEIDA","TN","36.4557","-84.5858","1544","co"
"KSNH","","SAVANNAH/HARDIN CNTY","TN","35.1703","-88.2167","473","co"
"KSRB","","SPARTA","TN","36.0559","-85.5307","1027","co"
"KSYI","","SHELBYVILLE MUNI APT","TN","35.5594","-86.4425","801","co"
"KSZY","","SELMER/ROBERT SIBLEY","TN","35.2029","-88.4984","564","co"
"KTGC","","GIBSON COUNTY","TN","35.9325","-88.8489","358","co"
"KTHA","","TULLAHOMA","TN","35.38","-86.2467","1086","co"
"KTRI","TRI","BRISTOL      ASOS","TN","36.4833","-82.4","1525","co"
"KTYS","TYS","KNOXVILLE    ASOS","TN","35.8167","-83.9833","980","co"
"KUCY","","EVERETT-STEWART REGI","TN","36.3797","-88.9857","341","co"
"KUOS","","FRANKLIN COUNTY","TN","35.2051","-85.8981","1953","co"
"KXNX","","SUMNER COUNTY RGNL","TN","36.3751","-86.4084","583","co"
"LCLT1","","LENOIR CITY","TN","35.8442","-84.3317","1240","co"
"LFFT1","","LAFAYETTE WORK CENTE","TN","36.5411","-86.0028","970","co"
"LSBT1","","LEWISBURG TOWER","TN","35.3817","-86.7658","1150","co"
"M54","","LEBANON","TN","36.1904","-86.3157","588","co"
"MERT1","","MERIWETHER LEWIS","TN","35.5025","-87.4581","920","co"
"MGST1","","MEIGS EOC","TN","35.5208","-84.793","760","co"
"PCFT1","","PRENTICE COOPER SF","TN","35.1303","-85.4278","1920","co"
"PGVT1","","NOLICHUCKY","TN","35.9819","-82.8433","2300","co"
"SHOT1","","SHILOH NMP","TN","35.155","-88.3217","420","co"
"STHT1","","STILLY HOLLOW","TN","36.5128","-87.951","580","co"
"UNIT1","","WATAUGA","TN","36.2013","-82.3888","2830","co"
"NFTF","","FUA'AMOTU/TONGATAPU","TO","-21.23","-175.15","135","oc"
"NFTL","","HA'APAI/LIFUKA ISLAN","TO","-19.8","-174.35","10","oc"
"NFTV","","VAVA'U ISLAND","TO","-18.65","-173.98","33","oc"
"TTCP","","CROWN_PT./SCARBOROU","TT","11.15","-60.85","26","oc"
"TTPP","MKPP","PIARCO/PORT-OF-SPAIN","TT","10.6167","-61.35","39","oc"
"TTPT","","CROWN PT/SCARBOR","TT","11.15","-60.8333","10","oc"
"NGFU","","FUNAFUTI INTL ARPT","TV","-8.52","179.22","7","oc"
"42002","2002","WEST GULF","TX","25.79","-93.67","33","co oc"
"42019","","FREEPORT","TX","27.9131","-95.36","16","co oc"
"42020","","CORPUS CHRISTI","TX","26.9442","-96.6964","16","co oc"
"42035","","GALVESTON","TX","29.2464","-94.4083","16","co oc"
"42045","","TABS-K/S PADRE IS","TX","26.2168","-96.4998","13","co oc"
"42046","","TABS-N/FREEPORT","TX","27.8903","-94.0367","13","co oc"
"42047","","TABS-V/FREEPORT","TX","27.8966","-93.5973","11","co oc"
"42049","","TABS W","TX","28.351","-96.006","0","co oc"
"AFWT2","","ARANSAS","TX","28.3044","-96.8234","9","co oc"
"ANWT2","","ATTWATER NWR","TX","29.6704","-96.2682","145","co"
"APLT2","","PALESTINE","TX","31.7425","-95.5717","380","co"
"ATRT2","","LAGUNA ATASCOSA","TX","26.2283","-97.3492","25","co oc"
"AURT2","","SOUTH AUSTIN RAWS","TX","30.1767","-97.8742","722","co"
"BABT2","","BAFFIN BAY/POINT O R","TX","27.295","-97.405","13","co oc"
"BDTT2","","BIRD","TX","30.2625","-98.6289","1489","co"
"BFXT2","","BALCONES FLYING X","TX","30.6299","-98.082","1362","co"
"BLGT2","","BOOTLEG","TX","34.8286","-102.8094","4058","co"
"BNET2","","BALCONES","TX","30.5661","-98.0389","1035","co"
"BNHT2","","BARNHART","TX","30.9855","-101.1577","2562","co"
"BTRT2","","BASTROP","TX","30.2014","-97.3036","383","co"
"BZRT2","","BRAZORIA NWR","TX","29.1463","-95.3031","8","co oc"
"CADT2","","CADDO LAKE","TX","32.6583","-94.1164","200","co"
"CAPT2","","CAPROCK","TX","34.4106","-101.0491","2561","co"
"CBDT2","","COLORADO BEND","TX","31.0494","-98.525","1259","co"
"CDDT2","","CADDO","TX","33.7409","-95.9223","527","co"
"CDHT2","","CEDAR HILL SP","TX","32.6092","-96.993","520","co"
"CEDT2","","CEDAR","TX","35.6903","-101.5683","3052","co"
"CKNT2","","CONROE","TX","30.2362","-95.4831","123","co"
"CKST2","","CLARKSVILLE","TX","33.6268","-95.0905","399","co"
"COAT2","","COMANCHE","TX","31.9242","-98.5972","1312","co"
"CPGT2","","COLDSPRINGS","TX","30.518","-95.0947","145","co"
"CSBT2","","CHISOS BASIN","TX","29.2708","-103.3013","5400","co"
"DENT2","","LINDEN","TX","33.005","-94.3578","500","co"
"DGCT2","","DOG CANYON","TX","31.9961","-104.8337","6262","co"
"DRKT2","","SABINE NORTH 2","TX","31.8025","-94.0002","229","co"
"DSRT2","","DRIPPING SPRINGS-NOR","TX","30.2187","-98.0845","1162","co"
"EAUT2","","EAST AUSTIN RAWS","TX","30.2652","-97.6154","442","co"
"EDWT2","","MERRILL","TX","30.28","-100.5608","2195","co"
"EMNT2","","ELEPHANT MTN WMA RAW","TX","30.0305","-103.4731","4476","co"
"EPTT2","NP033","EAGLE POINT","TX","29.4809","-94.9183","19","co"
"FADT2","","MCFADDIN","TX","29.7072","-94.1211","5","co"
"FART2","","FALCON LAKE","TX","26.5547","-99.1356","219","co"
"FCGT2","","USCG FREEPORT","TX","28.9331","-95.3","12","co oc"
"FDST2","","FORT DAVIS","TX","30.6005","-103.8866","4764","co"
"FRKT2","","GAIL RAWS","TX","32.769","-101.4343","2449","co"
"GDBT2","","THE BOWL","TX","31.925","-104.8252","7755","co"
"GELT2","","GREENVILLE","TX","33.2383","-95.9247","478","co"
"GLMT2","","GILMER","TX","32.7011","-94.9447","295","co"
"GNJT2","","GALVESTON BAY","TX","29.3583","-94.725","40","co oc"
"GRYT2","","GRANBURY","TX","32.4469","-97.8169","792","co"
"GTOT2","","GALVESTON PIER 21","TX","29.31","-94.793","30","co oc"
"GUPT2","","GUADALUPE RIVER SP","TX","29.8594","-98.5053","1147","co"
"GWRT2","","GEORGE WEST","TX","28.3672","-98.1186","215","co"
"HBYT2","","HAMBY","TX","32.5","-99.6167","1900","co"
"HDRT2","","HENDERSON","TX","32.1365","-94.8484","443","co"
"HILT2","","ANAHUAC","TX","29.6692","-94.4383","5","co oc"
"HIST2","","HIGH ISLAND","TX","29.595","-94.39","13","co oc"
"HTVT2","","HUNTSVILLE","TX","30.7355","-95.6361","230","co"
"HVLT2","","HEBBRONVILLE","TX","27.3528","-98.7439","581","co"
"HWWT2","","WIMBERLEY-WEST","TX","30.0466","-98.2008","1248","co"
"IVET2","","COLEMAN","TX","31.5145","-99.6508","1509","co"
"JCRT2","","JACK COUNTY PORT RAW","TX","33.2057","-98.1685","1081","co"
"JCWT2","","JOHN CRAFT","TX","29.9505","-97.371","498","co"
"JJYT2","","JAYTON","TX","33.2325","-100.5677","1905","co"
"K00R","00R","LIVINGSTON MUNI","TX","30.6859","-95.0179","151","co"
"K07F","07F","GLADEWATER MUNI","TX","32.5288","-94.9718","297","co"
"K07R","07R","BISHOP MUNI","TX","27.6102","-97.7525","55","co"
"K09R","09R","TYLER COUNTY","TX","30.7752","-94.4585","388","co"
"K0F2","","BOWIE MUNI ARPT","TX","33.6017","-97.7756","1102","co"
"K11R","","BRENHAM","TX","30.22","-96.37","308","co"
"K15F","15F","HASKELL MUNI","TX","33.1915","-99.7179","1625","co"
"K1X1","1X1","HIGGINS-LIPSCOMB COU","TX","36.1059","-100.0257","2566","co"
"K20R","20R","CRYSTAL CITY MUNI","TX","28.6976","-99.8177","608","co"
"K21F","21F","JACKSBORO MUNI","TX","33.2279","-98.1464","1062","co"
"K22F","22F","KENT COUNTY","TX","33.2291","-100.5691","2008","co"
"K23R","23R","DEVINE MUNI","TX","29.1384","-98.9419","702","co"
"K24F","24F","CYPRESS RIVER","TX","32.7443","-94.3047","221","co"
"K24R","24R","DILLEY AIRPARK","TX","28.6855","-99.1891","542","co"
"K26R","26R","JACKSON COUNTY","TX","29.001","-96.582","61","co"
"K27R","27R","ELDORADO","TX","30.8622","-100.6109","2448","co"
"K2E5","2.00E+05","DELL CITY MUNI","TX","31.9476","-105.1918","3703","co"
"K2E7","2.00E+07","MC LEAN/GRAY COUNTY","TX","35.2469","-100.5468","2835","co"
"K2F0","2F0","IRAAN MUNI","TX","30.9062","-101.8898","2200","co"
"K2F1","2F1","SHAMROCK MUNI","TX","35.2346","-100.1853","2369","co"
"K2F4","2F4","T-BAR","TX","33.181","-101.8194","3126","co"
"K2F7","2F7","COMMERCE MUNI","TX","33.2929","-95.8964","516","co"
"K2G5","2G5","GRANITE SHOALS/ BOB","TX","30.5894","-98.3703","860","co"
"K2KL","2KL","SUNRISE BEACH","TX","30.5992","-98.4092","854","co"
"K2R9","2R9","KENEDY RGNL","TX","28.825","-97.8656","289","co"
"K2T1","2T1","MULESHOE MUNI","TX","34.1851","-102.6411","3779","co"
"K30F","30F","LAKEVIEW","TX","33.1314","-97.0142","535","co"
"K33R","33R","GROVETON-TRINITY COU","TX","31.0843","-95.1641","340","co"
"K34R","34R","HALLETTSVILLE MUNI","TX","29.39","-96.9561","278","co"
"K37F","37F","MUNDAY MUNI","TX","33.4687","-99.5862","1474","co"
"K3E0","3.00E+00","MIAMI-ROBERTS COUNTY","TX","35.7139","-100.6032","2720","co"
"K3F2","3F2","CISCO MUNI","TX","32.415","-98.9968","1621","co"
"K3F6","3F6","DAN E RICHARDS MUNI","TX","34.0276","-100.282","1860","co"
"K3T5","","FAYETTE RGNL AIR CTR","TX","29.91","-96.95","325","co"
"K3T9","3T9","BIG BEND RANCH STATE","TX","29.4711","-103.9364","4250","co"
"K41F","41F","FLOYDADA MUNI","TX","34.0015","-101.3303","3187","co"
"K45R","45R","HAWTHORNE FIELD","TX","30.3363","-94.2576","71","co"
"K49F","49F","RANKIN","TX","31.227","-101.9529","2543","co"
"K4F2","4F2","PANOLA COUNTY-SHARPE","TX","32.1761","-94.2988","248","co"
"K50R","50R","LOCKHART MUNI","TX","29.8503","-97.6724","532","co"
"K51R","51R","MADISONVILLE MUNI","TX","30.9128","-95.952","287","co"
"K56F","56F","FISHER COUNTY","TX","32.8243","-100.4128","1941","co"
"K5C1","","BOERNE STAGE FIELD","TX","29.7239","-98.6946","1385","co"
"K5F1","5F1","POST-GARZA COUNTY MU","TX","33.2033","-101.3382","2545","co"
"K5T9","","MAVERICK CNTY","TX","28.8571","-100.5135","886","co"
"K60F","60F","SEYMOUR MUNI","TX","33.6485","-99.2613","1344","co"
"K60R","60R","NAVASOTA MUNI","TX","30.3671","-96.1129","229","co"
"K61R","61R","NEWTON MUNI","TX","30.8841","-93.7425","322","co"
"K63F","63F","STANTON MUNI","TX","32.1736","-101.8225","2731","co"
"K66R","","COLUMBUS","TX","29.6411","-96.5158","243","co"
"K67R","67R","RIO GRANDE CITY MUNI","TX","26.4243","-98.8461","290","co"
"K68F","68F","TEAGUE MUNI","TX","31.6618","-96.3105","525","co"
"K6P9","","RANGER","TX","32.4317","-98.5948","1476","co"
"K6R3","","CLEVELAND MUNI ARPT","TX","30.3564","-95.008","151","co"
"K6R6","6R6","TERREL_COUNTY_ARPT_A","TX","30.0481","-102.2131","2320","co"
"K72F","72F","THROCKMORTON MUNI","TX","33.18","-99.1498","1273","co"
"K76F","76F","VAN ZANDT COUNTY RGN","TX","32.6814","-95.9841","522","co"
"K77F","77F","WINTERS MUNI","TX","31.9472","-99.9859","1871","co"
"K78R","78R","SAN AUGUSTINE COUNTY","TX","31.5404","-94.1701","443","co"
"K7F3","7F3","CADDO MILLS MUNI","TX","33.0362","-96.2431","542","co"
"K7F5","7F5","CANTON-HACKNEY","TX","32.5862","-95.8627","500","co"
"K7F7","7F7","CLIFTON MUNI/ISENHOW","TX","31.8171","-97.5696","760","co"
"K81R","81R","SAN SABA COUNTY MUNI","TX","31.2358","-98.7177","1255","co"
"K84R","84R","SMITHVILLE CRAWFORD","TX","30.0282","-97.167","323","co"
"K8F3","8F3","CROSBYTON MUNI","TX","33.6238","-101.2409","3018","co"
"K8F5","8F5","GREATER MORRIS COUNT","TX","33.1481","-94.7001","402","co"
"K8T6","8T6","LIVE OAK COUNTY","TX","28.3628","-98.1165","129","co"
"K9F0","9F0","DUBLIN MUNI","TX","32.0682","-98.3253","1495","co"
"K9F1","9F1","VALLEY MILLS MUNI","TX","31.621","-97.4295","751","co"
"KABI","ABI","ABILENE        ASOS","TX","32.4167","-99.6833","1790","co"
"KACT","ACT","WACO           ASOS","TX","31.6167","-97.2167","508","co"
"KADS","ADS","DALLAS/ADDISON","TX","32.9667","-96.8333","688","co"
"KAFW","AFW","FT WORTH/ALLIANCE","TX","32.9733","-97.3181","772","co"
"KALI","ALI","ALICE","TX","27.7411","-98.0247","173","co"
"KAMA","AMA","AMARILLO       ASOS","TX","35.2333","-101.7","3604","co"
"KAPY","","ZAPATA COUNTY ARPT","TX","26.9688","-99.2489","423","co"
"KAQO","K6R9","LLANO MUNI ARPT","TX","30.7836","-98.6619","1102","co"
"KARM","","WHARTON_RGNL_ARPT","TX","29.2543","-96.1544","100","co"
"KASL","","MARSHALL HARRISON CO","TX","32.5205","-94.3078","358","co"
"KATA","","HALL-MILLER MUNI","TX","33.1025","-94.195","280","co"
"KATT","AUS KAUS","AUSTIN_CITY","TX","30.2906","-97.6958","591","co"
"KAUS","BSM KBSM","BERGSTROM AFB","TX","30.1945","-97.6699","542","co"
"KAXH","","HOUSTON SW ARPT","TX","29.5061","-95.4769","69","co"
"KBAZ","K3R5 3R5","NEW BRAUNFELS  ASOS","TX","29.7167","-98.05","650","co"
"KBBD","","BRADY/CURTIS FIELD","TX","31.1793","-99.3239","1827","co"
"KBBF","","BRAZOS OIL PLATFORM","TX","27.835","-96.013","85","co oc"
"KBEA","","BEEVILE_MUNI_ARPT","TX","28.3692","-97.7953","269","co"
"KBFE","","TERRY COUNTY","TX","33.1731","-102.1929","3265","co"
"KBGD","BGD","BORGER         ASOS","TX","35.7","-101.4","3055","co"
"KBGS","BGS","BIG SPRING","TX","32.2167","-101.5167","2562","co"
"KBIF","","BIGGS AAF","TX","31.85","-106.3833","3950","co"
"KBKD","","BRECKENRIDGE","TX","32.719","-98.891","1283","co"
"KBKS","KT18","FALFURRIAS/BROOKS CO","TX","27.2067","-98.1211","112","co"
"KBMQ","","BURNET_(ASOS)","TX","30.73","-98.23","1276","co"
"KBMT","","BEAUMONT MUNI ARPT","TX","30.0702","-94.2151","33","co"
"KBPC","","PAMPA","TX","35.8893","-101.0301","2772","co"
"KBPG","KT49","BIG SPRING/MCMAHON-W","TX","32.2126","-101.5216","2572","co"
"KBPT","BPT","PORT ARTHUR","TX","29.95","-94.0167","22","co"
"KBQX","","BRAZON 451A OIL PLAT","TX","28.493","-95.724","101","co oc"
"KBRO","BRO","BROWNSVILLE  ASOS","TX","25.9","-97.4333","20","co oc"
"KBWD","BWD","BROWNWOOD RGNL AP","TX","31.7936","-98.9565","1387","co"
"KBYY","K3R1","BAY CITY MUNI AP","TX","28.9731","-95.8633","46","co"
"KCDS","CDS","CHILDRESS","TX","34.4333","-100.2833","1952","co"
"KCFD","","BRYAN","TX","30.7157","-96.3314","367","co"
"KCLL","CLL","COLLEGE STATION","TX","30.5833","-96.3667","318","co"
"KCNW","","WACO TSTC","TX","31.6378","-97.0741","470","co"
"KCOM","COM","COLEMAN MUNI ARPT","TX","31.8411","-99.4036","1696","co"
"KCOT","COT","COTULLA","TX","28.4533","-99.2169","471","co"
"KCPT","","CLEBURNE_MUNI_ARPT","TX","32.3538","-97.4338","854","co"
"KCPT2","","KICKAPOO CAVERNS SP","TX","29.6092","-100.473","1592","co"
"KCRH","","WEST CAMERON 368A OI","TX","28.909","-93.302","112","co oc"
"KCRP","CRP","CORPUS CHRISTI","TX","27.7667","-97.5","44","co"
"KCRS","","CORSICANA","TX","32.0311","-96.3989","448","co"
"KCVB","CVB","CASTROVILLE MUNI","TX","29.3419","-98.8509","771","co"
"KCWC","","KICKAPOO_DOWNTOWN_AR","TX","33.8578","-98.4904","997","co"
"KCXO","","CONROE","TX","30.3567","-95.4139","245","co"
"KCZT","","CARRIZO SPRINGS","TX","28.5222","-99.8236","600","co"
"KDAL","DAL","DALLAS","TX","32.85","-96.85","488","co"
"KDFW","DFW GSW","DALLAS-FT.WORTH","TX","32.9","-97.0333","596","co"
"KDHT","DHT","DALHART","TX","36.0211","-102.5478","3989","co"
"KDKR","","CROCKETT/HOUSTON CO","TX","31.307","-95.4038","348","co"
"KDLF","DLF","LAUGHLIN AFB","TX","29.3667","-100.7833","1079","co"
"KDRT","DRT","DEL RIO        ASOS","TX","29.3667","-100.9167","1027","co"
"KDTO","DTO","DENTON       ASOS","TX","33.2","-97.2","646","co"
"KDUX","","DUMAS/MOORE_COUNTY","TX","35.8579","-102.0131","3705","co"
"KDWH","","HOUSTON/D.W._HOOKS","TX","30.07","-95.55","151","co"
"KDYS","DYS","DYESS AFB","TX","32.4333","-99.85","1791","co"
"KDZB","","HORSHOE_BAY","TX","30.5271","-98.3588","1092","co"
"KE01","E01","ROY HURD MEMORIAL","TX","31.5825","-102.909","2615","co"
"KE11","","ANDREWS","TX","32.3311","-102.5295","3173","co"
"KE13","E13","CRANE COUNTY","TX","31.4116","-102.3605","2555","co"
"KE19","E19","GRUVER MUNI","TX","36.2337","-101.4322","3205","co"
"KE30","E30","BRUCE FIELD","TX","31.6745","-99.977","1739","co"
"KE34","E34","SMILEY JOHNSON MUNI/","TX","34.9115","-100.8694","2833","co"
"KE35","E35","FABENS","TX","31.5157","-106.1472","3679","co"
"KE38","","ALPINE-CASPARIS MUNI","TX","30.3842","-103.6833","4514","co"
"KE41","E41","REAGAN COUNTY","TX","31.1977","-101.4754","2706","co"
"KE42","E42","MAJOR SAMUEL B CORNE","TX","36.221","-101.1945","3090","co"
"KE48","E48","UPTON COUNTY","TX","31.1251","-102.2254","2433","co"
"KE52","E52","OLDHAM COUNTY","TX","35.2307","-102.3988","3995","co"
"KEBG","K25R","EDINBURG INTL ARPT","TX","26.4419","-98.1294","79","co"
"KECU","","ROCKSPRINGS/EDWARDS","TX","29.9469","-100.1739","2372","co"
"KEDC","","AUSTIN EXEC AIRPORT","TX","30.3925","-97.5621","617","co"
"KEFD","EFD","ELLINGTON AFB","TX","29.6167","-95.1667","39","co"
"KELA","","EAGLE LAKE","TX","29.6006","-96.3219","184","co"
"KELP","ELP","EL PASO      ASOS","TX","31.8111","-106.3758","3917","co"
"KEMK","","EAST BREAKS OIL PLAT","TX","27.8167","-94.3167","65","co oc"
"KERV","ERV","KERRVILLE MUNI AP","TX","29.9767","-99.0857","1617","co"
"KETN","","EASTLAND","TX","32.4149","-98.8097","1467","co"
"KEWX","","NEW BRAUNFELS  WFO","TX","29.7042","-98.0286","633","co"
"KF00","","BONHAM","TX","33.6131","-96.1793","618","co"
"KF01","F01","QUANAH MUNI","TX","34.2771","-99.7597","1602","co"
"KF05","","VERNON/WILBERGER CO","TX","34.2256","-99.2836","1266","co"
"KF06","F06","MARIAN AIRPARK","TX","34.8449","-100.1952","2009","co"
"KF17","","CENTER","TX","31.8316","-94.1564","318","co"
"KF21","F21","MEMPHIS MUNI","TX","34.7396","-100.5297","2102","co"
"KF23","F23","RANGER MUNI","TX","32.4515","-98.6815","1470","co"
"KF35","F35","POSSUM KINGDOM","TX","32.9233","-98.4369","1008","co"
"KF41","F41","ENNIS MUNI","TX","32.3297","-96.6639","500","co"
"KF44","","ATHENS","TX","32.1638","-95.8284","444","co"
"KF46","","ROCKWALL","TX","32.9306","-96.4355","574","co"
"KF49","F49","SLATON MUNI","TX","33.4852","-101.6617","3127","co"
"KF51","F51","WINNSBORO MUNI","TX","32.9388","-95.2789","513","co"
"KF53","F53","FRANKLIN COUNTY","TX","33.2153","-95.2372","412","co"
"KF56","F56","ARLEDGE FIELD","TX","32.9105","-99.7342","1561","co"
"KF75","F75","HARRISON FIELD OF KN","TX","33.4382","-99.8129","1500","co"
"KF83","F83","ABERNATHY MUNI","TX","33.8459","-101.7629","3327","co"
"KF85","F85","COCHRAN COUNTY","TX","33.7293","-102.7338","3746","co"
"KF98","F98","YOAKUM COUNTY","TX","33.2172","-102.8301","3705","co"
"KFST","FST","FT STOCKTON    ASOS","TX","30.9167","-102.9167","3002","co"
"KFTN","","FAITH RANCH AIRPORT","TX","28.2086","-100.0188","774","co"
"KFTW","FTW","FT. WORTH","TX","32.8167","-97.35","692","co"
"KFWD","","FORT WORTH  WFO","TX","32.8342","-97.298","684","co"
"KFWS","FWS","FT WORTH/SPINKS","TX","32.5652","-97.3081","700","co"
"KGDJ","","GRANBURY MUNI ARPT","TX","32.4442","-97.8167","778","co"
"KGDP","GDP","GUADALUPE P.(AMOS","TX","31.8333","-104.8","5460","co"
"KGGG","GGG","LONGVIEW","TX","32.3833","-94.7167","374","co"
"KGKY","KF54","ARLINGTON","TX","32.6639","-97.0958","630","co"
"KGLE","","GAINESVILLE MUNI APT","TX","33.65","-97.2","840","co"
"KGLS","GLS","GALVESTON","TX","29.2667","-94.8667","54","co oc"
"KGNC","K31F","GAINES COUNTY APRT S","TX","32.6753","-102.6525","3314","co"
"KGOP","","GATESVILLE/CITY-CNTY","TX","31.4213","-97.797","905","co"
"KGPM","","GRAND PRAIRIE MUNI","TX","32.6986","-97.0465","591","co"
"KGRK","GRK","ROBERT GRAY AAF","TX","31.0667","-97.8333","1014","co"
"KGTU","KT04","GEORGETOWN","TX","30.68","-97.68","787","co"
"KGUL","","GUNNISON OIL PLATFOR","TX","27.3","-93.5333","160","co oc"
"KGVT","GVT","GREENVILLE/MAJORS AP","TX","33.0678","-96.0653","535","co"
"KGVX","","GALVESTON OIL PLATFO","TX","28.5767","-94.9767","0","co oc"
"KGYB","K62H","GIDDINGS-LEE CNTY AR","TX","30.1692","-96.98","486","co"
"KGYI","KF39 F39","DENISON","TX","33.7167","-96.6667","748","co"
"KGZN","","CISCO","TX","32.3658","-99.0237","1711","co"
"KHBV","","HEBBRONVILLE/JIM_HOG","TX","27.3496","-98.737","663","co"
"KHCA","HCA","BIG SPRING/HOWARD","TX","32.3","-101.45","2562","co"
"KHDO","HDO","HONDO","TX","29.35","-99.1667","927","co"
"KHGX","","DICKINSON  WFO","TX","29.4719","-95.0795","18","co"
"KHHF","","CANADIAN/HEMPHILL CO","TX","35.8953","-100.4036","2395","co"
"KHHV","","ALAMINOS CANYON 25 O","TX","26.939","-94.689","82","co oc"
"KHLR","HLR","HOOD AAF","TX","31.15","-97.7167","922","co"
"KHOU","HOU","HOUSTON/HOBBY AP","TX","29.65","-95.2833","49","co"
"KHQI","","HIGH ISLAND OIL PLAT","TX","27.962","-93.6708","0","co oc"
"KHQZ","","MESQUITE METRO AP","TX","32.7469","-96.5303","446","co"
"KHRL","HRL","HARLINGEN","TX","26.2333","-97.6667","36","co"
"KHRX","","HEREFORD_MUNI_ARPT","TX","34.8578","-102.3264","3784","co"
"KHYI","","SAN MARCOS","TX","29.9","-97.87","597","co"
"KI06","I06","CITY OF TULIA/SWISHE","TX","34.5668","-101.7815","3503","co"
"KIAH","IAH","HOUSTON","TX","29.9667","-95.35","108","co"
"KIKG","","KLEBERG COUNTY","TX","27.5509","-98.0309","130","co"
"KILE","ILE","KILLEEN/MUNI AWOS","TX","31.0833","-97.6833","844","co"
"KINJ","K5T5","HILLSBORO MUNI ARPT","TX","32.0833","-97.0972","686","co"
"KINK","INK","WINK","TX","31.7803","-103.2008","2806","co"
"KIWS","IWS","HOUSTON/LAKESIDE","TX","29.8167","-95.6667","115","co"
"KJAS","","JASPER/JASPER CO AP","TX","30.8857","-94.0349","213","co"
"KJCT","JCT","JUNCTION       ASOS","TX","30.5","-99.75","1713","co"
"KJDD","K3T1","WOOD CNTY ARPT","TX","32.7419","-95.4964","433","co"
"KJSO","","JACKSONVILLE/CHEROKE","TX","31.8692","-95.2172","676","co"
"KJWY","K4T6","MIDLOTHIAN-WAXAHACHI","TX","32.4558","-96.9122","712","co"
"KJXI","K4F4","FOX STEPHENS FIELD/G","TX","32.6989","-94.9486","417","co"
"KLBB","LBB","LUBBOCK      ASOS","TX","33.65","-101.8167","3241","co"
"KLBR","K7F6","CLARKSVILLE/RED RIVE","TX","33.5931","-95.0633","440","co"
"KLBX","","ANGLETON/LAKE_JACKS","TX","29.1153","-95.4631","25","co"
"KLFK","LFK","LUFKIN","TX","31.2336","-94.75","281","co"
"KLHB","","HEARNE MUNI ARPT","TX","30.8717","-96.6222","285","co"
"KLIU","","LITTLEFIELD TAYLOR B","TX","33.9239","-102.3867","3616","co"
"KLLN","","LEVELLAND MUNI","TX","33.5525","-102.3725","3514","co"
"KLNC","","LANCASTER ARPT","TX","32.5792","-96.7189","502","co"
"KLOI","LOI","LAREDO","TX","27.6167","-99.5167","538","co"
"KLRD","LRD","LAREDO AFB","TX","27.5333","-99.4667","512","co"
"KLUB","","LUBBOCK  WFO","TX","33.5283","-101.8758","3241","co"
"KLUD","K8F7","DECATUR MUNI AP","TX","33.2544","-97.5806","1047","co"
"KLUV","","LAMESA MUNI","TX","32.7563","-101.9202","2999","co"
"KLVJ","","HOUSTON/CLOVER_FIELD","TX","29.5189","-95.2417","43","co"
"KLXY","","MEXIA LIMESTONE","TX","31.6412","-96.5145","545","co"
"KLZZ","","LAMPASAS AP","TX","31.1062","-98.1959","1214","co"
"KMAF","MAF","MIDLAND","TX","31.95","-102.1833","2862","co"
"KMCJ","","MEM_HERMANN_HOSPTL_H","TX","29.714","-95.395","45","co"
"KMDD","","MIDLAND_AIRPARK","TX","32.0365","-102.101","2803","co"
"KMFE","MFE","MCALLEN","TX","26.1833","-98.2333","108","co"
"KMKN","K7F9","COMANCHE_CNTY-CITY","TX","31.9168","-98.6003","1388","co"
"KMNZ","","HAMILTON","TX","31.6659","-98.1486","1299","co"
"KMRF","MRF","MARFA (AMOS)","TX","30.3667","-104.0167","4859","co"
"KMWL","MWL","MINERAL WELLS","TX","32.7822","-98.0614","930","co"
"KMZG","","MUSTANG ISLAND A85A","TX","27.727","-96.191","80","co oc"
"KNBE","NBE","DALLAS NAS","TX","32.7333","-96.9667","495","co"
"KNFT2","","DAYTON","TX","30.105","-94.9314","100","co"
"KNFW","FWH NFW","FORT WORTH NAS","TX","32.7692","-97.4415","650","co"
"KNGP","NGP","CORPUS CHRISTI NAS","TX","27.6927","-97.2912","20","co oc"
"KNGW","NGW","CABANISS FLD","TX","27.7","-97.4333","33","co oc"
"KNIR","NIR","BEEVILLE NAS","TX","28.3667","-97.6667","190","co"
"KNMT","NMT","MCMULLEN TARGET","TX","28.2361","-98.7242","259","co"
"KNOG","","ORANGE_GROVE_NALF","TX","27.9011","-98.0517","256","co"
"KNQI","NQI","KINGSVILLE NAS","TX","27.5072","-97.8097","50","co"
"KOCH","","NACOGDOCHES_(AWOS)","TX","31.58","-94.72","354","co"
"KODO","KE02","ODESSA","TX","31.92","-102.39","2999","co"
"KONY","","OLNEY MUNI","TX","33.3509","-98.8192","1275","co"
"KOPM","","NORTH PADRE ISLAND","TX","26.8327","-96.9399","82","co oc"
"KORG","","ORANGE/ORANGE CO AP","TX","30.0692","-93.8036","13","co"
"KOSA","","MOUNT PLEASANT RGNL","TX","33.0953","-94.9614","364","co"
"KOZA","","OZONA","TX","30.7353","-101.203","2365","co"
"KPEQ","","PECOS MUNICIPAL AIRP","TX","31.3822","-103.5106","2611","co"
"KPEZ","","PLEASANTON_MUNI_ARPT","TX","28.9542","-98.52","430","co"
"KPIL","KT31","PORT_ISABEL","TX","26.1597","-97.3378","19","co oc"
"KPKV","KT97","CALHOUN CNTY ARPT","TX","28.6539","-96.6811","30","co"
"KPPA","","PAMPA/PERRY LEFORS A","TX","35.6128","-100.9961","3245","co"
"KPRS","","PRESIDIO","TX","29.6342","-104.3615","2940","co"
"KPRX","PRX","PARIS","TX","33.6333","-95.45","548","co"
"KPSN","","PALESTINE MUNI ARPT","TX","31.7794","-95.7061","423","co"
"KPSX","PSX","PALACIOS","TX","28.7333","-96.25","12","co"
"KPVW","PVW","PLAINVIEW/HALE CO AP","TX","34.1681","-101.7173","3373","co"
"KPWG","","MC_GREGOR_(AWOS)","TX","31.48","-97.32","591","co"
"KPYX","","PERRYTON/OCHILTREE","TX","36.4129","-100.7516","2920","co"
"KRAS","K2R8","PORT_ARANSAS/MUSTANG","TX","27.8118","-97.0888","5","co oc"
"KRBD","RBD","DALLAS/REDBIRD","TX","32.6833","-96.8667","688","co"
"KRBO","KT53","ROBSTOWN NUECES COUN","TX","27.7783","-97.6903","79","co"
"KRBT2","","KIRBYVILLE; TX","TX","30.6331","-93.8286","118","co"
"KRCK","","H H COFFIELD RGNL","TX","30.6314","-96.9895","474","co"
"KREE","REE","REESE AFB","TX","33.6","-102.05","3337","co"
"KRET2","","KYLE-EAST","TX","29.9982","-97.8204","650","co"
"KRFG","","ROOKE FIELD","TX","28.2961","-97.3264","56","co"
"KRFI","RFI","HENDERSON","TX","32.1417","-94.8517","443","co"
"KRKP","RKP","ROCKPORT       ASOS","TX","28.0833","-97.05","26","co oc"
"KRND","RND","RANDOLPH AFB","TX","29.5333","-98.2833","761","co"
"KRPH","KE15","GRAHAM MUNI AP","TX","33.11","-98.5553","1122","co"
"KRWV","","CALDWELL MUNI AP","TX","30.5155","-96.7041","391","co"
"KRYW","RYW","LARGO VISTA","TX","30.4967","-97.9659","1230","co"
"KSAT","SAT","SAN ANTONIO  ASOS","TX","29.5333","-98.4667","794","co"
"KSEP","SEP","STEPHENVILLE/CLARK","TX","32.2153","-98.1777","1309","co"
"KSGR","","SUGARLAND/HULL FLD","TX","29.6222","-95.6567","82","co"
"KSJT","SJT","SAN ANGELO","TX","31.3667","-100.5","1908","co"
"KSKF","SKF","KELLY AFB","TX","29.3833","-98.5833","689","co"
"KSLR","","SULPHUR_SPRINGS_MUNI","TX","33.1598","-95.6211","489","co"
"KSNK","","SNYDER/WINSTON FIELD","TX","32.6933","-100.9503","2431","co"
"KSOA","KE29","SONORA_MUNI_ARPT","TX","30.5857","-100.6486","2140","co"
"KSPL","","SOUTH PADRE ISLAND","TX","26.0711","-97.1577","10","co oc"
"KSPS","SPS","WICHITA FLS SHEP AFB","TX","33.9667","-98.4833","1030","co"
"KSSF","SSF","SAN ANTONIO/STIN","TX","29.3333","-98.4833","577","co"
"KSWW","","SWEETWATER/AVENGER","TX","32.4674","-100.4666","2380","co"
"KT00","T00","CHAMBERS COUNTY","TX","29.7698","-94.6635","21","co"
"KT02","T02","CLOVER FIELD","TX","29.5167","-95.25","43","co"
"KT05","T05","PORT MANSFIELD","TX","26.5628","-97.4378","10","co oc"
"KT12","T12","KIRBYVILLE","TX","30.6466","-93.9149","121","co"
"KT15","T15","MARLIN","TX","31.3407","-96.852","411","co"
"KT19","T19","DUVAL-FREER","TX","27.8887","-98.6","564","co"
"KT20","","GONZALES MUNI","TX","29.528","-97.4614","354","co"
"KT23","T23","ALBANY MUNI","TX","32.7214","-99.2676","1415","co"
"KT24","T24","PINELAND MUNI","TX","31.2335","-93.9819","260","co"
"KT35","","CAMERON","TX","30.8791","-96.9722","402","co"
"KT37","T37","GOLDTHWAITE MUNI","TX","31.4291","-98.6084","1457","co"
"KT41","T41","LA PORTE MUNI","TX","29.6693","-95.0642","25","co"
"KT45","T45","PANHANDLE-CARSON COU","TX","35.3617","-101.3651","3454","co"
"KT50","T50","MENARD COUNTY","TX","30.9325","-99.8092","1933","co"
"KT55","T55","DIMMITT MUNI","TX","34.5667","-102.3227","3883","co"
"KT59","T59","WHEELER MUNI","TX","35.4511","-100.1999","2470","co"
"KT60","T60","STONEWALL COUNTY","TX","33.1703","-100.1973","1744","co"
"KT69","","ALFRED C BUBBA THOMA","TX","28.0386","-97.5425","48","co"
"KT71","T71","CUERO MUNI","TX","29.0836","-97.2669","214","co"
"KT74","T74","TAYLOR MUNI","TX","30.5726","-97.4432","600","co"
"KT78","T78","LIBERTY MUNI","TX","30.0778","-94.6986","70","co"
"KT82","","FREDERICKSBURG/GILLE","TX","30.2436","-98.9094","1696","co"
"KT85","T85","YOAKUM MUNI","TX","29.3132","-97.1384","365","co"
"KT88","T88","COLORADO CITY","TX","32.4684","-100.9211","2214","co"
"KT90","T90","CHAMBERS COUNTY-WINN","TX","29.8189","-94.431","25","co"
"KT91","T91","THE CARTER MEMORIAL","TX","29.7283","-97.6594","475","co"
"KT92","T92","MASON COUNTY","TX","30.7322","-99.184","1514","co"
"KT93","T93","FOLLETT/LIPSCOMB COU","TX","36.4408","-100.1238","2601","co"
"KTFP","KT43","INGLESIDE","TX","27.913","-97.2115","16","co oc"
"KTKI","","MCKINNEY_MUNICIPAL","TX","33.18","-96.59","577","co"
"KTME","TME","HOUSTON","TX","29.805","-95.8979","167","co"
"KTPL","TPL","TEMPLE","TX","31.15","-97.4167","682","co"
"KTRL","","TERRELL","TX","32.7136","-96.2683","474","co"
"KTX2","TX2","CHASE FIELD INDUSTRI","TX","28.3624","-97.6619","184","co"
"KTXW","","MID VALLEY","TX","26.1787","-97.974","70","co"
"KTYR","TYR","TYLER","TX","32.3667","-95.4","545","co"
"KUTS","","HUNTSVILLE_(ASOS)","TX","30.75","-95.58","344","co"
"KUVA","","UVALDE/GARNER FLD AR","TX","29.2111","-99.7433","942","co"
"KVAF","","EAST BREAKS 643 OIL","TX","27.354","-94.625","125","co oc"
"KVCT","VCT","VICTORIA","TX","28.85","-96.9167","117","co"
"KVHN","","CULBERSON COUNTY","TX","31.0578","-104.7838","3957","co"
"KX43","X43","SUNRAY","TX","36.0292","-101.8288","3507","co"
"KXBP","K1F9","BRIDGEPORT MUNI ARPT","TX","33.1753","-97.8283","853","co"
"LATT2","","LACY","TX","30.3342","-97.324","557","co"
"LBJT2","","LBJ","TX","33.2827","-97.6321","932","co"
"LGNT2","","LA GRANGE","TX","29.9075","-96.86","155","co"
"LMJT2","","LUMBERJACK","TX","31.7592","-94.6581","412","co"
"LMNT2","","LOST MAPLES SNA","TX","29.8239","-99.5994","2220","co"
"LRWT2","","LUFKIN","TX","31.3122","-94.8258","158","co"
"LSRT2","","LINN-SAN MANUEL","TX","26.5364","-98.0878","15","co"
"LWRT2","","SANTA ANA NWR","TX","26.0786","-98.1572","90","co"
"LYBT2","","LYNCBURG LANDING","TX","29.765","-95.078","23","co"
"MATT2","","MATADOR","TX","34.1175","-100.3445","1833","co"
"MCBT2","","MILLER CREEK","TX","33.4136","-99.4005","1335","co"
"MEGT2","","MCGREGOR","TX","31.3839","-97.4128","636","co"
"MGPT2","NP034","MORGANS POINT","TX","29.6817","-94.9845","11","co"
"MIRT2","","MATAGORDA ISLAND","TX","28.1229","-96.8022","18","co oc"
"MNDT2","","MIDLAND","TX","31.943","-102.1897","2802","co"
"MQTT2","","MALAQUITE BEACH","TX","27.581","-97.2167","26","co oc"
"MSAT2","","MASON","TX","30.7358","-99.1864","1463","co"
"NKLA2","","NIKOLSKI WHITE ALICE","TX","52.972","-168.855","400","ak oc"
"NWMT2","","NEASLONEY WMA RAWS","TX","29.5571","-97.684","357","co"
"PACT2","","PACKERY CHANNEL","TX","27.633","-97.237","35","co oc"
"PCGT2","","SOUTH PADRE ISLAND","TX","26.077","-97.177","30","co oc"
"PCKT2","","PAINT CREEK","TX","31.9061","-100.5816","1854","co"
"PCNT2","","MATAGORDA BAY/PORT O","TX","28.4455","-96.3961","30","co"
"PJNT2","","PANTHER JUNCTION","TX","29.3275","-103.2075","3750","co"
"PKLT2","","POSSUM KINGDOM","TX","32.8672","-98.5617","925","co"
"PMNT2","","PORT MANSFILED","TX","26.559","-97.424","23","co oc"
"PORT2","","PORT ARTHUR","TX","29.8669","-93.93","35","co"
"PSAT2","","PEARSALL","TX","28.885","-99.1106","525","co"
"PSGT2","","PINERY","TX","31.8944","-104.7977","5381","co"
"PTAT2","PTAT","PORT ARANSAS","TX","27.8259","-97.0507","21","co oc"
"PTIT2","","PORT ISABEL","TX","26.0605","-97.2148","27","co oc"
"PXWT2","","PX WELL","TX","31.9723","-104.9479","3873","co"
"RCPT2","","ROCKPORT","TX","28.0219","-97.0469","20","co oc"
"RGET2","","BIBE RGV","TX","29.1858","-102.963","1860","co"
"RHAT2","","ATHENS","TX","32.2211","-95.7661","470","co"
"RHBT2","","ROCKY HILL","TX","30.0483","-97.1148","443","co"
"RLOT2","","ROLLOVER PASS","TX","29.515","-94.5133","35","co oc"
"RPRT2","","ROUND PRAIRIE","TX","31.2955","-96.3655","329","co"
"RSJT2","","RINCON DEL SAN JOSE","TX","26.8015","-97.4706","13","co"
"RTAT2","","PORT ARANSAS","TX","27.8397","-97.0728","35","co oc"
"RTCT2","","RATCLIFF","TX","31.395","-95.1389","434","co"
"SBPT2","","SABINE PASS NORTH","TX","29.729","-93.87","19","co"
"SDRT2","","SEADRIFT","TX","28.4072","-96.7122","35","co oc"
"SPIT2","418487","SOUTH PADRE ISLAND","TX","26.0667","-97.15","5","co oc"
"SRDT2","","SAN BERNARD NWR","TX","28.8647","-95.5679","14","co"
"SRST2","SRST","SABINE","TX","29.673","-94.047","18","co oc"
"SRWT2","","SAN MARCOS-WEST","TX","29.9391","-98.0084","864","co"
"SSRT2","","SABINE SOUTH","TX","31.2803","-93.8386","145","co"
"TAQT2","","STATE AQUARIUM","TX","27.812","-97.39","30","co oc"
"TEXT2","","TEXARKANA","TX","33.3739","-94.0456","200","co"
"TMPT2","","TEMPLE","TX","31.0564","-97.3469","573","co"
"TXPT2","","TEXAS POINT","TX","29.689","-93.842","38","co"
"VCRT2","","VICTORIA","TX","28.8636","-96.9164","23","co"
"WDPT2","","WOLF DEN DMP","TX","30.6461","-104.1366","7064","co"
"WHRT2","","WHEELER RAWS","TX","35.4465","-100.1983","2375","co"
"WRRT2","","SOUTHERN ROUGH","TX","30.5447","-94.3461","100","co"
"WVLT2","","WOODVILLE","TX","30.7369","-94.4325","264","co"
"ZVLT2","","ZAVALLA","TX","31.1772","-94.3838","127","co"
"PJON","JON","JOHNSTON ISLAND","UM","16.7333","-169.5167","16","oc"
"PWAK","WAA","WAKE ISLAND","UM","19.2833","166.65","13","oc"
"AGUU1","ACRU1","AGUA CANYON","UT","37.5222","-112.2711","8900","co"
"AMBU1","","MOUNT BALDY","UT","40.5677","-111.6374","11066","co"
"ARAU1","","ARAGONITE","UT","40.5983","-113.022","5030","co"
"ASYU1","","ASSAY","UT","37.5478","-112.5651","7914","co"
"BADU1","","BADGER SPRING","UT","37.1507","-113.954","3990","co"
"BBNU1","","BOUNTIFUL BENCH","UT","40.8909","-111.8506","4950","co"
"BCRU1","","BRYSON CANYON","UT","39.2789","-109.2211","5320","co"
"BEUU1","","BEUS CANYON","UT","41.1766","-111.7624","5067","co"
"BGFU1","","BIG FLAT","UT","38.3019","-112.3567","10349","co"
"BIVU1","","BIG INDIAN VALLEY","UT","38.2244","-109.2783","6960","co"
"BKCU1","","BLACK CEDAR","UT","38.9792","-112.2388","6493","co"
"BLAU1","","BLACKTAIL","UT","40.2763","-110.5622","7311","co"
"BLKU1","","BLACKS FORK COMM.","UT","40.9667","-110.55","8820","co"
"BLPU1","","BEN LOMOND PEAK","UT","41.3761","-111.9442","8000","co"
"BRAU1","","BEAR RIVER","UT","40.8844","-110.8291","8536","co"
"BRPU1","","BRUIN POINT","UT","39.6093","-110.2899","9755","co"
"BRYU1","","BRYCE CANYON","UT","37.6411","-112.1689","7915","co"
"BSTU1","","BRIMSTONE RESERVOIR","UT","38.3073","-113.3861","5620","co"
"BUFU1","","BUCK FLAT","UT","39.1339","-111.4372","9430","co"
"BUKU1","","BUCK FLAT","UT","37.9034","-111.6923","8024","co"
"BULU1","","BUG LAKE","UT","41.6847","-111.4192","7950","co"
"BVDU1","","BEAVER DAMS","UT","39.1369","-111.5581","7970","co"
"BXCU1","","BOX CREEK","UT","38.5081","-112.0186","9828","co"
"BYCU1","","BRYCE CANYON","UT","37.6417","-112.1722","7855","co"
"C8842","","SARDINE SUMMIT","UT","41.55","-111.9533","5899","co"
"C8845","","SNOWVILLE","UT","41.9642","-112.7087","4560","co"
"CCRU1","","CART CREEK","UT","40.8847","-109.4169","6975","co"
"CDMU1","","CEDAR MOUNTAIN","UT","40.3007","-112.7767","4650","co"
"CENU1","","KFO PORTABLE 3","UT","37.1389","-112.4478","5846","co"
"CHCU1","","CHALK CREEK #1","UT","40.8544","-111.0478","9100","co"
"CHPU1","","CHEPETA","UT","40.8103","-110.0733","12120","co"
"CLCU1","","CLEAR CREEK #1","UT","39.8667","-111.2836","8908","co"
"CLFU1","","CLIFTON FLAT","UT","40.1124","-113.8763","6384","co"
"CRNU1","","CAPITOL REEF NP","UT","38.2898","-111.2619","5500","co"
"CTMU1","","COTTONWOOD MTN","UT","37.9839","-112.6393","7544","co"
"CVYU1","","CASTLE VALLEY","UT","37.6608","-112.7408","9580","co"
"CWHU1","","CHEPETA","UT","40.7744","-110.0106","10592","co"
"DBPU1","","DRY BREAD POND","UT","41.4131","-111.5378","8350","co"
"DCPU1","","DILLS CAMP","UT","39.0456","-111.4686","9182","co"
"DIAU1","","DIAMOND RIM","UT","40.6172","-109.2427","7730","co"
"DRSU1","","DONKEY RESERVOIR","UT","38.2094","-111.4825","9800","co"
"DSTU1","","DANIELS-STRAWBERRY","UT","40.2953","-111.2567","8037","co"
"E7368","","CASTLE DALE","UT","39.2268","-111.019","5843","co"
"E8702","","EDEN","UT","41.3247","-111.8393","5137","co"
"ENTU1","","ENTERPRISE","UT","37.5588","-113.7174","5399","co"
"FG006","","PAYSON","UT","40.025","-111.7","4869","co"
"FIVU1","","FIVE MILE","UT","39.8908","-110.2658","7480","co"
"FMNU1","","FARMINGTON CANYON","UT","40.9747","-111.8097","8000","co"
"FPLU1","","FIVE POINTS LAKE","UT","40.7178","-110.4672","10940","co"
"FREU1","","FREMONT JUNCTION","UT","38.7786","-111.3166","6537","co"
"FRLU1","","FARNSORTH LAKE","UT","38.7725","-111.6767","9682","co"
"FSHU1","","FISH LAKE RANGER STN","UT","38.55","-111.7167","8880","co"
"FTMU1","","FLATTOP MOUNTAIN","UT","39.3361","-110.6014","6120","co"
"GHOU1","","GHOST ROCKS","UT","38.8658","-110.8061","7151","co"
"GNIU1","","GUNNISON ISLAND","UT","41.3322","-112.8543","4242","co"
"HARU1","","HARDSCRABBLE","UT","40.8683","-111.7186","7250","co"
"HBRU1","","SNAKE CRK POWERHOUSE","UT","40.55","-111.5","6010","co"
"HNMU1","","HENRY MTN","UT","38.0345","-110.825","8294","co"
"HOHU1","","HORSE HOLLOW","UT","38.6669","-112.6512","6010","co"
"HRSU1","","HARRIS FLAT","UT","37.49","-112.5753","7787","co"
"HSRU1","","HORSE RIDGE","UT","39.9339","-110.8619","8530","co"
"HWAU1","","HEWINTA","UT","40.9528","-110.4805","9186","co"
"JSPU1","","JENSEN SPRING","UT","38.0343","-113.5217","5744","co"
"JVAU1","","JOES VALLEY","UT","39.3094","-111.3227","8700","co"
"K1L7","1L7","ESCALANTE MUNI","UT","37.7454","-111.5702","5737","co"
"K1L8","1L8","GENERAL DICK STOUT F","UT","37.1402","-113.306","3350","co"
"K1L9","1L9","PAROWAN","UT","37.8596","-112.8159","5930","co"
"K33U","33U","DUTCH JOHN","UT","40.9178","-109.3907","6561","co"
"K36U","","HEBER_CITY_MUNI_ARPT","UT","40.4818","-111.4288","5636","co"
"K38U","38U","WAYNE WONDERLAND","UT","38.3627","-111.5958","7029","co"
"K40U","40U","MANILA","UT","40.9864","-109.6785","6179","co"
"K41U","41U","MANTI-EPHRAIM","UT","39.3314","-111.6126","5516","co"
"K42U","42U","MORGAN COUNTY","UT","41.1487","-111.7671","5020","co"
"K44U","44U","SALINA-GUNNISON","UT","39.0291","-111.8383","5159","co"
"K4BL","4BL","BLANDING","UT","37.6167","-109.4667","6132","co"
"K4HV","4HV","HANKSVILLE","UT","38.3667","-110.7167","4311","co"
"K66V","66V","BLUFF","UT","37.255","-109.633","4476","co"
"K69V","69V","HUNTINGTON MUNI","UT","39.3612","-110.917","5915","co"
"K74V","74V","ROOSEVELT MUNI","UT","40.2784","-110.0514","5176","co"
"KAGU1","","KANE GULCH","UT","37.5247","-109.893","6500","co"
"KBCE","BCE","BRYCE CANYON","UT","37.7022","-112.1544","7584","co"
"KBDG","","BLANDING","UT","37.5833","-109.4832","5868","co"
"KBMC","","BRIGHAM_CITY_ARPT","UT","41.5524","-112.0622","4226","co"
"KCDC","CDC","CEDAR CITY","UT","37.7","-113.1","5618","co"
"KCNY","CNY","MOAB","UT","38.7667","-109.75","4574","co"
"KDPG","DPG","DUGWAY PRV GNDS","UT","40.2","-112.9333","4350","co"
"KDTA","","DELTA","UT","39.3833","-112.5096","4600","co"
"KDXZ","","SAINT GEORGE","UT","37.0364","-113.5103","2884","co"
"KENV","429382 ENV","WENDOVER AWOS","UT","40.7206","-114.0356","4237","co"
"KFOM","","FILLMORE MUNI","UT","38.9581","-112.3631","4985","co"
"KGCU1","","KINGS CABIN","UT","40.7164","-109.5442","8724","co"
"KHCR","","HEBER CITY AIRPORT","UT","40.4774","-111.4329","5597","co"
"KHIF","HIF","HILL AFB","UT","41.1167","-111.9667","4787","co"
"KHVE","","HANKSVILLE","UT","38.418","-110.704","4429","co"
"KKNB","","KANAB MUNI","UT","37.0105","-112.5315","4868","co"
"KLBU1","","KOLOB","UT","37.5261","-113.0539","9206","co"
"KLGU","LGU","LOGAN","UT","41.7833","-111.85","4452","co"
"KMLF","MLF","MILFORD","UT","38.4333","-113.0167","5033","co"
"KMNU1","","KIMBERLY MINE","UT","38.4839","-112.3928","9129","co"
"KOGD","OGD","OGDEN","UT","41.1833","-112.0167","4456","co"
"KPRU1","","KINGS POINT","UT","40.8597","-109.1034","5713","co"
"KPUC","PUC","PRICE (RAMOS)","UT","39.6167","-110.75","5903","co"
"KPVU","PVU","PROVO","UT","40.2167","-111.7167","4492","co"
"KRIF","","RICHFIELD MUNI","UT","38.7341","-112.1016","5318","co"
"KSGU","SGU","ST GEORGE  (AWOS)","UT","37.0906","-113.5931","2940","co"
"KSLC","SLC","SALT LAKE CITY","UT","40.7667","-111.9667","4227","co"
"KSPK","","SPANISH FORK ARPT SP","UT","40.145","-111.6677","4530","co"
"KT07","T07","GREEN RIVER TACR","UT","39","-110.0833","4120","co"
"KT62","T62","TOOELE/ARMY DEPOT","UT","40.3167","-112.3","5341","co"
"KTVY","","BOLINDER FIELD-TOOEL","UT","40.6126","-112.3508","4322","co"
"KU07","U07","BULLFROG BASIN","UT","37.5458","-110.7132","4167","co"
"KU13","U13","JUNCTION","UT","38.25","-112.2255","6069","co"
"KU14","U14","NEPHI MUNI","UT","39.7366","-111.8701","5022","co"
"KU16","U16","EAGLE RANGE","UT","41.05","-113.0667","4279","co"
"KU17","U17","BULLFROG MARINA","UT","37.5","-110.7","3642","co"
"KU24","U24","DELTA","UT","39.3333","-112.5833","4639","co"
"KU28","423418 U28","GREEN RIVER AVIATION","UT","38.9906","-110.1544","4070","co"
"KU34","U34","GREEN RIVER MUNI","UT","38.9617","-110.2273","4225","co"
"KU42","","SALT LAKE CITY MUNI","UT","40.62","-111.99","4603","co"
"KU52","U52","BEAVER MUNI","UT","38.2306","-112.6754","5863","co"
"KU55","U55","PANGUITCH MUNI","UT","37.8452","-112.3919","6763","co"
"KU64","U64","MONTICELLO","UT","37.9324","-109.3412","6966","co"
"KU67","U67","ROOSEVELT","UT","40.3","-109.9833","5105","co"
"KU69","U69","DUCHESNE MUNI","UT","40.1938","-110.383","5831","co"
"KU71","U71","VERNAL AWRS","UT","40.4667","-109.5333","5289","co"
"KU96","U96","CAL BLACK MEMORIAL","UT","37.4353","-110.5643","4395","co"
"KVEL","429111 VELU1 VEL","VERNAL AIRPORT","UT","40.4411","-109.5092","5260","co"
"LARU1","","LARB HOLLOW","UT","38.1159","-111.3207","8509","co"
"LGCU1","","LITTLE GRASSY CREEK","UT","37.4864","-113.8458","6100","co"
"LGFU1","","LONG FLAT","UT","37.5128","-113.3969","8000","co"
"LLKU1","","LILY LAKE","UT","40.8647","-110.7981","9156","co"
"LOPU1","","LOOKOUT PEAK","UT","40.8372","-111.7092","8200","co"
"LPRU1","","LAVA POINT RAWS","UT","37.3917","-113.0388","7890","co"
"LSCU1","","LOST CREEK","UT","38.7804","-111.8654","7490","co"
"MCKU1","","MCCOOK RIDGE","UT","39.6337","-109.2652","6722","co"
"MDVU1","","MIDWAY VALLEY","UT","37.5692","-112.8378","9800","co"
"MFKU1","","MINING FORK","UT","40.4939","-112.6114","8221","co"
"MLDU1","","MILL-D NORTH","UT","40.6589","-111.6369","8967","co"
"MSKU1","","MUSKRAT SPRINGS","UT","40.63","-112.68","4400","co"
"MSRU1","","MUD SPRING","UT","39.8614","-112.2435","5902","co"
"MVYU1","","MERCHANT VALLEY","UT","38.3028","-112.4364","8703","co"
"NLPU1","","NORTH LONG POINT","UT","37.8547","-109.8388","8680","co"
"NUTU1","","NUTTERS RANCH","UT","39.8","-110.25","5788","co"
"NWRU1","","NORWAY","UT","40.6517","-111.0519","8280","co"
"OGDU1","","OGDEN PIONEER","UT","41.2439","-111.9475","4350","co"
"OTRU1","","OTTER CREEK","UT","41.7533","-111.2805","7160","co"
"OURU1","OURU","OURAY","UT","40.1333","-109.65","4670","co"
"PARV","","PARK VALLEY","UT","41.81","-113.33","5223","co"
"PGRU1","","PLEASANT GROVE","UT","40.4311","-111.75","5200","co"
"PKLU1","","PICKLE KEG","UT","39.0122","-111.5825","9050","co"
"RIFU1","","RICHFIELD RADIO","UT","38.7619","-112.0781","5300","co"
"RSBU1","","ROSEBUD","UT","41.6094","-113.5913","4987","co"
"RSRU1","","RED SPUR","UT","41.6317","-111.4119","8872","co"
"RVZU1","","RAY'S VALLEY","UT","40.1178","-111.2747","7300","co"
"SBDU1","","SNOWBIRD","UT","40.5639","-111.655","9640","co"
"SBWU1","","SEVIER RESERVOIR","UT","39.3294","-112.0513","5369","co"
"SFDU1","","SCOFIELD DAM","UT","39.7858","-111.1189","7630","co"
"SFLU1","","YAMPA PLATEAU","UT","40.278","-109.2887","5240","co"
"SGUU1","","ST. GEORGE","UT","37.1061","-113.5672","2770","co"
"SIGU1","","SIGNAL PEAK","UT","38.6334","-112.0606","8767","co"
"SMIU1","","SMITHFIELD","UT","41.8377","-111.8159","4760","co"
"TBSU1","","TOM BEST SPRING","UT","37.8293","-112.1168","7718","co"
"TCKU1","","TROUT CREEK","UT","40.7389","-109.6728","9518","co"
"TFRU1","","TELEGRAPH FLAT","UT","37.1915","-112.0269","5460","co"
"TGLU1","","TONY GROVE LAKE","UT","41.8983","-111.6294","8386","co"
"THCU1","","THAYNES CANYON","UT","40.6236","-111.5333","9230","co"
"TICU1","","TICKVILLE","UT","40.4034","-112.0143","5191","co"
"TRLU1","","TRIAL LAKE","UT","40.6781","-110.9486","9992","co"
"TVWU1","","TULE VALLEY","UT","39.3502","-113.3848","5135","co"
"UCC06","","LAKETOWN","UT","41.8379","-111.3344","5959","co"
"UCC07","","TREMONTON","UT","41.7229","-112.1538","4331","co"
"UCC15","","NEPHI","UT","39.6894","-111.8768","5002","co"
"UCC31","","GARDEN CITY BENCH","UT","41.9336","-111.4201","6496","co"
"UINU1","","FORT DUCHESNE","UT","40.2848","-109.8618","4928","co"
"UPRU1","","UPPER P.R. CANYON","UT","39.468","-109.2858","8269","co"
"USWU1","","UPPER SAND WASH","UT","39.7082","-109.441","6469","co"
"UT3U1","","PARLEYS SUMMIT","UT","40.753","-111.625","6993","co"
"UT9U1","","LAKE POINT","UT","40.6929","-112.2636","4248","co"
"UTPKL","","FARMINGTON","UT","40.9899","-111.9013","4288","co"
"UTPWD","","POWDER MOUNTAIN","UT","41.3699","-111.764","8897","co"
"UTSLD","","SOLDIER SUMMIT","UT","39.9287","-111.0838","7487","co"
"VENU1","","VERNON","UT","40.1006","-112.426","5639","co"
"WHBU1","","WILDHORSE","UT","39.5453","-109.9081","8250","co"
"WHRU1","","WHITEROCKS","UT","40.6131","-109.9286","7361","co"
"WNTU1","","WINTER RIDGE","UT","39.5033","-109.5577","7378","co"
"WRRU1","","WHITE REEF","UT","37.216","-113.3783","3440","co"
"WRVU1","","WHITE RIVER #1","UT","39.9644","-110.9883","8641","co"
"WSTU1","","WIDSTOE #3","UT","37.8364","-111.8817","9640","co"
"YLSU1","","YELLOWSTONE DRAINAGE","UT","40.5436","-110.3294","7800","co"
"ZIOU1","","ZION CANYON","UT","37.2047","-112.9777","3999","co"
"ZNPU1","429717","ZION NATIONAL PARK","UT","37.2083","-112.9842","4050","co"
"44014","","VIRGINIA BEACH","VA","36.6111","-74.8364","16","co oc"
"44041","","JAMESTOWN","VA","37.2042","-76.7772","10","co oc"
"44058","","STINGRAY POINT","VA","37.552","-76.251","10","co oc"
"44059","","NORFOLK","VA","36.846","-76.298","10","co oc"
"44064","","FIRST LANDING","VA","36.979","-76.043","10","co oc"
"BBYV2","","BACK BAY","VA","36.672","-75.9163","5","co oc"
"CBBV2","NP008","CHESAPEAKE BAY BRIDG","VA","36.9667","-76.1133","20","co oc"
"CGVV2","","CRAIG VALLEY","VA","37.5574","-80.1792","2702","co"
"CHLV2","CHLV -39","CHESAPEAKE LT","VA","36.905","-75.7133","77","co oc"
"CHNV2","","CHINCOTEAGUE","VA","37.9916","-75.2876","8","co oc"
"CHYV2","K62W","CAPE HENRY","VA","36.93","-76.01","92","co oc"
"CROV2","","SAWMILL RIDGE","VA","38.1","-78.7847","2080","co"
"DOMV2","","DOMINION TERM ASSOC","VA","36.9619","-76.4247","30","co oc"
"FAPV2","","FAPH_SOUTH 1","VA","38.0426","-77.237","206","co"
"FVRV2","","FORT VALLEY","VA","38.8442","-78.4153","800","co"
"GDSV2","","GDR","VA","36.6129","-76.5542","38","co"
"GLNV2","","GLENPED","VA","37.6264","-79.5125","865","co"
"K0V4","","BROOKNEAL","VA","37.1417","-79.0164","597","co"
"K0VG","","LEE COUNTY ARPT","VA","36.6541","-83.2178","1411","co"
"K63W","63W","MILFORD HAVEN","VA","37.4833","-76.3167","99999","oc"
"K64W","64W","PARAMORE BEACH","VA","37.5333","-75.6167","99999","oc"
"K6V3","","RICHLANDS/TAZEWELL","VA","37.0636","-81.7981","2650","co"
"K7W4","","BUMPASS","VA","37.9658","-77.7459","348","co"
"K8W2","","NEW MARKET","VA","38.6557","-78.7081","974","co"
"KAKQ","","WAKEFIELD","VA","36.9814","-77.0011","108","co"
"KAVC","","MECKLENBURG-BRUNSWIC","VA","36.6886","-78.0542","442","co"
"KBCB","","VIRGINIA_TECH_ARPT","VA","37.22","-80.42","2133","co"
"KBKT","","FORT PICKETT","VA","37.0833","-77.95","427","co"
"KCHO","CHO","CHARLOTTESVILLE","VA","38.1333","-78.45","640","co"
"KCJR","","CULPEPER","VA","38.53","-77.86","312","co"
"KCPK","","CHESAPEAKE","VA","36.66","-76.32","20","co oc"
"KCXE","","CHASE CITY","VA","36.7883","-78.5016","502","co"
"KDAA","DAA","FORT BELVOIR","VA","38.7167","-77.1833","69","co"
"KDAN","DAN","DANVILLE","VA","36.5728","-79.3353","577","co"
"KEMV","","EMPORIA-GREENSVILLE","VA","36.6869","-77.4828","128","co"
"KEZF","","SHANNON_ARPT","VA","38.27","-77.45","85","co"
"KFAF","FAF","FORT EUSTIS","VA","37.1333","-76.6167","13","co"
"KFCI","","CHESTERFIELD AIRPORT","VA","37.4064","-77.5248","236","co"
"KFKN","","FRANKLIN/J_B_ROSE","VA","36.7","-76.9","39","co"
"KFRR","","FRONT ROYAL","VA","38.9175","-78.2535","709","co"
"KFVX","","FARMVILLE","VA","37.35","-78.43","410","co"
"KFYJ","","MIDDLE PENINSULA RGN","VA","37.5211","-76.7644","23","co"
"KGVE","","GORDONSVILLE","VA","38.156","-78.1658","453","co"
"KHEF","HEF","MANASSAS    AWOS","VA","38.7167","-77.5167","194","co"
"KHLX","","HILLSVILLE","VA","36.77","-80.82","2736","co"
"KHSP","HSP","HOT SPRINGS","VA","37.9514","-79.8339","3793","co"
"KHWY","","WARRENTON","VA","38.5863","-77.7106","334","co"
"KIAD","IAD","WASH-DULLES","VA","38.95","-77.45","323","co"
"KJFZ","6V3","TAZEWELL CTY AP","VA","37.0637","-81.7983","2654","co"
"KJGG","","WILLIAMSBURG-JAMESTO","VA","37.2392","-76.7158","49","co oc"
"KJYO","","LEESBURG/GODFREY","VA","39.08","-77.57","390","co"
"KLFI","LFI","LANGLEY AFB","VA","37.0833","-76.35","10","co oc"
"KLKU","","LOUISA COUNTY","VA","38.01","-77.97","492","co"
"KLNP","","WISE/LONESOME_PINE","VA","36.9875","-82.53","2684","co"
"KLUA","","LURAY","VA","38.6671","-78.5006","902","co"
"KLVL","","LAWRENCEVILLE","VA","36.7728","-77.7943","328","co"
"KLWX","","STERLING  WFO","VA","38.9756","-77.4772","272","co"
"KLYH","LYH","LYNCHBURG","VA","37.3333","-79.2","937","co"
"KMFV","","MELFA/ACCOMACK_ARPT","VA","37.65","-75.77","49","co oc"
"KMKJ","","MARION_/_WYTHEVILLE","VA","36.9","-81.35","2559","co"
"KMTV","","MARTINSVILLE","VA","36.63","-80.02","942","co"
"KNFE","","FENTRESS/NAVAL_AUX_L","VA","36.6951","-76.1355","9","co oc"
"KNGU","NGU","NORFOLK NAS","VA","36.9377","-76.2893","15","co oc"
"KNTU","NTU","OCEANA NAS","VA","36.8207","-76.0333","20","co oc"
"KNYG","NYG","QUANTICO MCAS","VA","38.5018","-77.3053","11","co"
"KOFP","OFP","RICHMOND/HANOVER","VA","37.7","-77.4333","205","co"
"KOKV","","WINCHESTER_RGNL","VA","39.15","-78.15","728","co"
"KOMH","","ORANGE","VA","38.25","-78.05","466","co"
"KORF","ORF","NORFOLK","VA","36.9","-76.2","30","co oc"
"KPHF","PHF","NEWPORT NEWS","VA","37.1322","-76.4944","42","co oc"
"KPSK","","DUBLIN/NEW_RIV_VLLY","VA","37.13","-80.68","2106","co"
"KPTB","","PETERSBURG","VA","37.18","-77.52","194","co"
"KPTV2","NP011","KIPTOPEKE","VA","37.1667","-75.9883","24","co oc"
"KPVG","","HAMPTON ROADS EXECUT","VA","36.7801","-76.4488","23","co oc"
"KRIC","RIC","RICHMOND     ASOS","VA","37.5","-77.3333","177","co"
"KRMN","","STAFFORD RGNL ARPT","VA","38.3981","-77.4553","213","co"
"KRNK","","BLACKSBURG  WFO","VA","37.2042","-80.4142","2102","co"
"KROA","ROA","ROANOKE","VA","37.3167","-79.9667","1176","co"
"KSFQ","","SUFFOLK","VA","36.68","-76.6","72","co"
"KSHD","SHD","STAUNTON","VA","38.2638","-78.8964","1201","co"
"KSTNV","STNV","STERLING","VA","38.9833","-77.4667","285","co"
"KTGI","","TANGIER ISLAND","VA","37.8167","-75.9833","7","co oc"
"KVBW","","BRIDGEWATER","VA","38.3667","-78.9667","1165","co"
"KVJI","","ABINGDON","VA","36.68","-82.03","2070","co"
"KW13","","WAYNESBORO","VA","38.0769","-78.9444","1453","co"
"KW31","","KENBRIDGE","VA","36.9601","-78.185","531","co"
"KW51","W51","CAPE CHARLES","VA","37.1167","-75.9167","6","co oc"
"KW63","","CLARKSVILLE","VA","36.6","-78.5666","423","co"
"KW66","","WARRENTON-FAUQUIER_A","VA","38.586","-77.711","335","co"
"KW75","","SALUDA","VA","37.6024","-76.4467","30","co oc"
"KW78","","SOUTH BOSTON","VA","36.71","-78.848","423","co"
"KW81","","CREWE","VA","37.181","-78.0983","423","co"
"KW96","","QUINTON","VA","37.5032","-77.1255","121","co"
"KWAL","WAL","WALLOPS ISLAND","VA","37.9333","-75.4667","15","co oc"
"KXSA","","ESSEX_CNTY_ARPT","VA","37.8596","-76.8941","442","co"
"LHQV2","","HEADQUARTERS","VA","38.6667","-78.37","1200","co"
"LKRV2","","LIME KILN","VA","37.9864","-79.7594","2580","co"
"LWTV2","NP002","LEWISETTA","VA","37.9953","-76.465","21","co oc"
"MNPV2","NP013","MONEY PT","VA","36.7781","-76.3021","19","co oc"
"NCDV2","","DALHGREN; NOS","VA","38.32","-77.037","5","co"
"PRGV2","","JAMES RIVER","VA","37.2594","-77.1406","50","co"
"PWRV2","","PRINCE WILLIAM","VA","38.5646","-77.3711","35","co"
"RPLV2","","RAPPAHANNOCK LT","VA","37.5383","-76.015","30","co oc"
"SFRV2","","STONY FORK","VA","37.0111","-81.1786","2540","co"
"SFUA3","","NRAWS 12","VA","38.6456","-78.9351","1974","co"
"WAHV2","","WACHAPREAGUE","VA","37.6067","-75.686","23","co oc"
"WDSV2","","WILLOUGHBY DEG STN","VA","36.982","-76.322","20","co oc"
"WSEV2","","FLATWOODS","VA","36.8905","-82.4571","2308","co"
"YKRV2","","YORK RIVER E LGT","VA","37.25","-76.33","20","co oc"
"YKTV2","","YORKTOWN","VA","37.2267","-76.4783","31","co oc"
"MVCR","","CORO","VE","11.4167","-69.6833","52","oc"
"MVGI","","GUIRIA","VE","10.5833","-62.3","26","oc"
"MVMI","","CARACAS/S.BOLIVAR","VE","10.6","-66.9833","236","oc"
"MVPQ","","PORLAMAR DEL CARI","VE","10.9167","-63.9667","79","oc"
"41051","","SOUTH OF ST. THOMAS","VI","18.257","-65.004","13","pr oc"
"41052","","SOUTH OF ST. JOHN","VI","18.251","-64.763","13","pr oc"
"671740","","CHRISTIANSTED FT","VI","17.7489","-64.7014","30","pr oc"
"CHAV3","","CHARLOTTE AMALIE","VI","18.335","-64.92","21","pr oc"
"CHSV3","","CHRISTIANSTED HARBOR","VI","17.748","-64.699","23","pr oc"
"CVAV3","","COTTON VALLEY","VI","17.7425","-64.6244","400","pr oc"
"LAMV3","","LAMESHUR BAY ST JOH","VI","18.318","-64.724","16","pr oc"
"LTBV3","","LIME TREE BAY","VI","17.6967","-64.7533","10","pr oc"
"SRBV3","","SALT RIV BAY STCROIX","VI","17.7839","-64.7617","21","pr oc"
"TIST","MIST","ST.THOMAS/H.S.TRU","VI","18.3333","-64.9667","220","pr oc"
"TISX","","CHRISTIANSTED/AL.","VI","17.7","-64.8","56","pr oc"
"TQPF","","WALL BLAKE","VI","18.2","-63.05","102","oc"
"TUPJ","MKPT","BEEF_ISLAND/ROADTOWN","VI","18.45","-64.53","13","pr oc"
"DBYV1","","SWEEZY","VT","43.3483","-72.9842","668","co"
"EMRV1","","ELMORE","VT","44.5431","-72.5292","1164","co"
"ESXV1","","ESSEX JUNCTION","VT","44.496","-73.1257","343","co"
"K1V4","1V4 9B2","ST.JOHNSBURY","VT","44.4167","-72.0167","712","co"
"K5B1","5B1","JOHN H BOYLAN STATE","VT","44.79","-71.8264","1194","co"
"K6B0","","MIDDLEBURY","VT","43.9848","-73.0959","489","co"
"KBTV","BTV","BURLINGTON","VT","44.4667","-73.15","340","co"
"KCDA","CDA K6B8","LYNDONVILLE","VT","44.5691","-72.018","1188","co"
"KDDH","K5B5","BENNINGTON","VT","42.89","-73.25","827","co"
"KEFK","","NEWPORT_STATE","VT","44.8888","-72.2292","929","co"
"KFSO","","FRANKLIN_CNTY_AIRPOR","VT","44.9403","-73.0975","748","co"
"KMPV","MPV","MONTPELIER","VT","44.2","-72.5667","1158","co"
"KMVL","MVL","MORRISVILLE    ASOS","VT","44.5333","-72.6167","732","co"
"KRUT","RUT","RUTLAND  (AWOS)","VT","43.5333","-72.95","787","co"
"KVSF","VSF","SPRINGFIELD  ASOS","VT","43.3333","-72.5167","574","co"
"MMNV1","","MT. MANSFIELD","VT","44.5333","-72.8167","3950","co"
"NLHV1","","NULHEGAN","VT","44.7672","-71.7014","1245","co"
"UVM01","","BURTON ISLAND","VT","44.7666","-73.2134","104","co"
"UVM02","","COLCHESTER REEF","VT","44.5551","-73.3292","95","co"
"UVM03","","DIAMOND ISLAND","VT","44.2368","-73.3334","95","co"
"WFRV1","","WOODFORD STATE PARK","VT","42.8903","-73.035","2317","co"
"NVSC","","SOLA VANUA LAVA","VU","-13.8517","167.537","59","oc"
"NVSG","","LONGANA AIRPORT","VU","-15.3","167.9667","167","oc"
"NVSL","","LAMAP MALEKULA","VU","-16.45","167.8333","85","oc"
"NVSS","","PEKOA AIRPORT SANTO","VU","-15.505","167.2197","144","oc"
"NVVA","","ANELGHOWHAT AIRPORT","VU","-20.2492","169.771","10","oc"
"NVVV","","BAUERFIELD/EFATE","VU","-17.6992","168.3197","69","oc"
"NVVW","","TANNA","VU","-19.4551","169.2239","20","oc"
"459021","","WAUNA 3 W","WA","47.3725","-122.4028","17","co"
"46005","6005","WASHINGTON","WA","46.05","-131.02","16","ak oc"
"46041","6041","CAPE ELIZABETH","WA","47.34","-124.75","16","co oc"
"46087","","NEAH BAY","WA","48.4939","-124.7272","16","co oc"
"46088","","NEW DUNGENESS","WA","48.3333","-123.1667","16","co oc"
"46109","","PORT ANGELES","WA","48.123","-123.395","7","co"
"46110","","SEQUIM","WA","48.115","-123.032","7","co"
"46111","","FORT WORDEN","WA","48.131","-122.748","9","co oc"
"46112","","MARROWSTONE","WA","48.1","-122.73","9","co oc"
"ABNW1","","ABERNATHY MTN.","WA","46.3428","-123.0833","2000","co"
"ADFW1","","ALDER RIDGE","WA","46.2683","-117.4983","4500","co"
"ANEW1","","AENEAS","WA","48.7433","-119.6224","5185","co"
"ASFW1","","RAINIER PARADISE","WA","46.7861","-121.7422","5427","co"
"ASHW1","","ASHFORD","WA","46.7552","-122.1097","1421","co"
"BKBW1","","BLACK KNOB","WA","47.4137","-124.103","618","co"
"BKKW1","","BUCK KNOLL","WA","48.0283","-123.3108","1630","co"
"BKRW1","","BUCK CREEK","WA","46.0567","-121.5386","2690","co"
"BMFW1","","BROWN MTN. ORCHARD","WA","48.5378","-118.6936","3150","co"
"CGFW1","","COUGAR MOUNTAIN","WA","47.9389","-123.0691","2400","co"
"CLSW1","","CHEHALIS","WA","46.61","-122.9083","262","co"
"CMFW1","","CAMP 4","WA","48.025","-120.2413","3156","co"
"CPOW1","","CHELAN PORTABLE 2","WA","47.9887","-120.298","3200","co"
"CQV","","COLVILLE","WA","48.54","-117.91","1598","co"
"CRCW1","","CEDAR CREEK ORCHARD","WA","48.9869","-117.4938","4300","co"
"CYFW1","","CANYON CREEK","WA","45.9294","-122.2027","2500","co"
"DCCW1","","DRY CRK","WA","45.9436","-121.9875","2700","co"
"DESW1","DESW","DESTRUCTION IS.","WA","47.675","-124.485","128","co"
"DIAW1","KD99","DIABLO DAM","WA","48.7167","-121.15","891","co"
"DIFW1","","DOUGLAS INGRAM RIDGE","WA","48.1155","-120.1044","3566","co"
"DMFW1","","DEER MOUNTAIN","WA","48.7961","-117.4461","3340","co"
"DOUW1","","DOUGLAS","WA","47.6199","-119.8993","2530","co"
"DRYW1","","DRY CREEK","WA","47.7272","-120.5397","3661","co"
"DYNW1","","DAYTON","WA","46.3156","-118","1557","co"
"EKRW1","","ELK ROCK","WA","46.3122","-122.3855","2500","co"
"EMTW1","","ELLIS MT","WA","48.1294","-124.3052","2305","co"
"ENCW1","","ENUMCLAW","WA","47.2203","-121.9638","756","co"
"ESCW1","","ESCURE","WA","47.0376","-117.9475","1740","co"
"FBFW1","","FIRST BUTTE","WA","48.6192","-120.1086","5509","co"
"FIFW1","","FINNEY CREEK","WA","48.3924","-121.8182","2160","co"
"FRCW1","","FAIRCHILD 36 RQF","WA","48.4233","-117.3627","2450","co"
"FRKW1","","FORKS","WA","47.9553","-124.3849","303","co"
"FTAW1","","FIRE TRNG. ACADEMY","WA","47.4568","-121.6651","1580","co"
"FTFW1","","FLOWERY TRAIL","WA","48.2986","-117.4052","2680","co"
"FWFW1","","SWAUK","WA","47.2575","-120.6755","3480","co"
"GHFW1","","GOLD HILL","WA","48.2429","-121.5461","3350","co"
"GMFW1","","GOLD MOUNTAIN","WA","48.1807","-118.4667","4686","co"
"GNLW1","","GOLDENDALE EAST","WA","45.8814","-120.6347","1690","co"
"GRFW1","","GRAYBACK","WA","45.9917","-121.0833","3800","co"
"GWFW1","","GREENWATER","WA","47.1155","-121.5955","2405","co"
"HGFW1","","HAGER CREEK","WA","46.5644","-121.6277","3600","co"
"HIBW1","","HIGHBRIDGE","WA","46.081","-120.5436","2106","co"
"HKFW1","","HUCKLEBERRY RIDGE","WA","46.5022","-123.3844","2425","co"
"HUFW1","","HUMPTULLIPS","WA","47.3777","-123.7611","2230","co"
"HUKW1","","SPOKANE BLM 1","WA","48.2937","-117.4797","3683","co"
"HURW1","","HURRICANE","WA","47.9704","-123.4987","5262","co"
"HZCW1","","HOZOMEEN","WA","48.9808","-121.0783","1700","co"
"IMTW1","","IRON MOUNTAIN","WA","48.5636","-118.6191","4350","co"
"JEFW1","","JEFFERSON CREEK","WA","47.5491","-123.2175","2408","co"
"JUFW1","","JUNIPER DUNES","WA","46.3578","-118.8685","979","co"
"K00W","00W","LOWER GRANITE STATE","WA","46.6728","-117.4417","719","co"
"K09S","09S","SULLIVAN LAKE STATE","WA","48.8409","-117.284","2614","co"
"K0S0","0S0","LIND","WA","46.9768","-118.5872","1507","co"
"K0S7","0S7","DOROTHY SCOTT","WA","48.959","-119.412","1069","co"
"K0S9","0S9","JEFFERSON COUNTY INT","WA","48.0538","-122.8106","110","co oc"
"K11S","11S","SEKIU","WA","48.2661","-124.314","355","co"
"K14S","14S","WESTPORT","WA","46.897","-124.1007","14","co"
"K16W","16W","LITTLE GOOSE LOCK AN","WA","46.5839","-118.0036","681","co"
"K1S2","1S2","DARRINGTON MUNI","WA","48.2586","-121.6102","553","co"
"K1S5","","SUNNYSIDE","WA","46.3271","-119.9704","768","co"
"K1S9","1S9","CHEWELAH MUNI","WA","48.3141","-117.7434","2084","co"
"K1W1","1W1","GROVE FIELD","WA","45.6278","-122.4043","429","co"
"K1YT","","YAGABOND AAF","WA","46.6667","-120.45","1437","co"
"K21W","21W","RANGER CREEK","WA","47.0131","-121.5337","2650","co"
"K27W","27W","LAKE WENATCHEE STATE","WA","47.8194","-120.7199","1939","co"
"K2S0","2S0","TWISP MUNI","WA","48.3506","-120.094","1602","co"
"K2S1","2S1","VASHON MUNI","WA","47.4586","-122.477","316","co"
"K2S4","2S4","WARDEN","WA","46.9658","-119.0663","1276","co"
"K2S5","2S5","WATERVILLE","WA","47.656","-120.0565","2645","co"
"K2S8","2S8","WILBUR","WA","47.7534","-118.7439","2183","co"
"K2S9","2S9","WILLAPA HARBOR","WA","46.6976","-123.8234","13","co"
"K2W3","2W3","SWANSON","WA","46.8717","-122.2572","843","co"
"K33S","33S","PRU FIELD","WA","47.1235","-118.3893","1801","co"
"K38W","38W","LYNDEN MUNICIPAL AIR","WA","48.9559","-122.4581","106","co"
"K39P","39P","STROM FIELD","WA","46.5504","-122.2666","941","co"
"K3W5","3W5","MEARS FIELD","WA","48.5298","-121.7582","267","co"
"K3W7","3W7","GRAND COULEE DAM","WA","47.9221","-119.083","1593","co"
"K43D","43D","ODESSA MUNI","WA","47.3476","-118.6772","1738","co"
"K4S6","4S6","TIETON STATE","WA","46.6376","-121.124","2964","co"
"K4W0","4W0","BANDERA STATE","WA","47.3954","-121.5365","1636","co"
"K53S","53S","POINT WILSON LS","WA","48.15","-122.75","99999","oc"
"K55S","55S","PACKWOOD","WA","46.6042","-121.6779","1057","co"
"K5W1","5W1","WILSON CREEK","WA","47.4185","-119.1091","1430","co"
"K63S","63S","COLVILLE MUNICIPAL","WA","48.5439","-117.8838","1877","co"
"K68S","68S","DAVENPORT","WA","47.6536","-118.1688","2427","co"
"K6S9","6S9","STEHEKIN STATE","WA","48.3458","-120.7208","1230","co"
"K72S","72S","ROSALIA MUNI","WA","47.2366","-117.4214","2170","co"
"K73S","73S","WILLARD FIELD","WA","47.2355","-117.0437","2520","co"
"K74S","74S","ANACORTES","WA","48.4985","-122.6625","241","co oc"
"K75S","75S","BURLINGTON","WA","48.4667","-122.4167","140","co"
"K7W1","7W1","PORT OF ILWACO","WA","46.3149","-124.0038","13","co oc"
"K80T","80T","QUINCY MUNI","WA","47.2116","-119.8398","1271","co"
"K87S","87S","QUILLAYUTE R LS","WA","47.9","-124.6333","99999","oc"
"K8S2","8S2","CASHMERE-DRYDEN","WA","47.5148","-120.4847","858","co"
"K8W3","8W3","MANSFIELD","WA","47.8094","-119.6369","2272","co"
"KALW","ALW","WALLA WALLA","WA","46.1","-118.2833","1207","co"
"KAWO","","ARLINGTON_MUNI","WA","48.17","-122.17","138","co"
"KBFI","BFI","BOEING FIELD","WA","47.5333","-122.3","16","co"
"KBLI","BLI","BELLINGHAM","WA","48.8","-122.5333","159","co"
"KBVS","","SKAGIT RGNL ARPT","WA","48.4708","-122.4208","144","co"
"KCFW1","","KIDNEY CREEK","WA","48.9202","-121.9426","3485","co"
"KCLM","CLM","PORT ANGELES","WA","48.1167","-123.5","290","co"
"KCLS","","CHEHALIS-CENTRALIA_A","WA","46.677","-122.9827","177","co"
"KD69","D69","ROGERSBURG","WA","46.0741","-116.9649","869","co"
"KDEW","K07S","DEER_PARK","WA","47.97","-117.41","2205","co"
"KEA9","EA9","LAKE WENATCHEE","WA","47.8333","-120.8","2005","co"
"KEAT","EAT","WENATCHEE","WA","47.3978","-120.2014","1229","co"
"KELN","ELN","ELLENSBURG/BOWERS","WA","47.0338","-120.5313","1765","co"
"KENW1","454154","KENNEWICK","WA","46.2111","-119.1011","390","co"
"KEPH","EPH","EPHRATA","WA","47.3081","-119.5147","1259","co"
"KESW","","EASTON STATE","WA","47.2542","-121.1855","2226","co"
"KET9","ET9","ELTOPIA","WA","46.4","-119.1667","700","co"
"KFCT","","VAGABOND_ARMY_AIRFLD","WA","46.6665","-120.454","1370","co"
"KFHR","FHR S19","FRIDAY HARBOR","WA","48.5167","-123.0167","126","co oc"
"KGEG","GEG","SPOKANE      ASOS","WA","47.6333","-117.5333","2365","co"
"KGRF","GRF","FORT LEWIS","WA","47.0833","-122.5833","302","co"
"KHMS","HMS","HANFORD","WA","46.5667","-119.6","733","co"
"KHQM","HQM","HOQUIAM","WA","46.9728","-123.9303","12","co"
"KKLS","KLS","KELSO  (AWOS)","WA","46.1167","-122.9","16","co"
"KLAU","LAU","LAURIER","WA","49","-118.2333","1644","co"
"KMFW1","","KRAMER","WA","48.2588","-119.5171","2720","co"
"KMWH","MWH","MOSES LAKE","WA","47.2","-119.3167","1188","co"
"KNOW","NOW","PORT ANGELES CGAS","WA","48.1333","-123.4","30","co"
"KNUW","NUW","WHIDBEY IS.NAS","WA","48.3518","-122.6559","47","co oc"
"KOKH","K76S 76S","OAK HARBOR","WA","48.25","-122.6667","130","co oc"
"KOLM","OLM","OLYMPIA","WA","46.9667","-122.9","200","co"
"KOMK","4OM K4OM","OMAK","WA","48.4614","-119.5192","1301","co"
"KORS","","ORCAS ISLAND ARPT","WA","48.7081","-122.9103","30","co oc"
"KOSW1","","KOSMOS","WA","46.5239","-122.19","2100","co"
"KOTX","","SPOKANE  WFO","WA","47.6808","-117.6278","2382","co"
"KPAE","PAE","EVERETT","WA","47.9167","-122.2833","604","co"
"KPLU","","PIERCE_CNTY_ARPT","WA","47.104","-122.287","164","co"
"KPSC","PSC","PASCO","WA","46.2667","-119.1167","404","co"
"KPUW","PUW","PULLMAN-MOSCOW RGNL","WA","46.7439","-117.1136","2551","co"
"KPWT","PWT","BREMERTON   AWOS","WA","47.4833","-122.7667","482","co"
"KR49","R49","FERRY COUNTY","WA","48.7182","-118.6565","2522","co"
"KRLD","","RICHLAND","WA","46.3056","-119.3042","394","co"
"KRNT","RNT","RENTON","WA","47.5","-122.2167","72","co"
"KRR9","RR9","RAINIER PARADISE","WA","46.7833","-121.7333","5427","co"
"KS10","","CHELAN AIRPORT","WA","47.866","-119.9427","1260","co"
"KS16","S16","COPALIS STATE","WA","47.1449","-124.1893","1","co"
"KS18","S18","FORKS","WA","47.9377","-124.3959","299","co"
"KS20","S20","GOLDENDALE","WA","45.8321","-120.8453","1678","co"
"KS23","S23","IONE MUNI","WA","48.7084","-117.4131","2110","co"
"KS31","S31","LOPEZ ISLAND","WA","48.4839","-122.9377","209","co oc"
"KS35","S35","OKANOGAN LEGION","WA","48.3619","-119.5676","1042","co"
"KS40","S40","PROSSER","WA","46.2134","-119.7956","706","co"
"KS50","S50","AUBURN MUNI","WA","47.3277","-122.2267","63","co"
"KS52","S52","METHOW VALLEY STATE","WA","48.4249","-120.1459","1706","co"
"KS70","S70","OTHELLO MUNI","WA","46.7942","-119.0801","1149","co"
"KS88","S88","SKYKOMISH STATE","WA","47.7109","-121.3391","1002","co"
"KS93","S93","CLE ELUM MUNI","WA","47.1942","-120.884","1945","co"
"KS94","S94","PORT OF WHITMAN BUSI","WA","46.8587","-117.4141","2181","co"
"KS97","S97","ANDERSON FIELD","WA","48.1047","-119.7199","920","co"
"KSEA","SEA","SEATTLE-TACOMA","WA","47.45","-122.3","450","co"
"KSEW","","STANWOOD  WFO","WA","47.6872","-122.2553","449","co"
"KSFF","SFF","SPOKANE/FELTS","WA","47.6667","-117.3333","1952","co"
"KSHN","SHN","SHELTON","WA","47.25","-123.15","279","co"
"KSKA","SKA","FAIRCHILD AFB","WA","47.6333","-117.65","2461","co"
"KSMP","SMP","STAMPEDE PASS  ASOS","WA","47.2833","-121.3333","3967","co"
"KTCM","TCM","MCCHORD AFB","WA","47.15","-122.4833","285","co"
"KTDO","TDO","TOLEDO","WA","46.4833","-122.8","379","co"
"KTIW","TIW","TACOMA","WA","47.2667","-122.5833","292","co oc"
"KTLW1","","KETTLE FALLS","WA","48.5826","-118.1085","1310","co"
"KUIL","UIL","QUILLAYUTE","WA","47.95","-124.55","205","co oc"
"KVUO","","VANCOUVER_(ASOS)","WA","45.62","-122.65","20","co"
"KW01","W01","TONASKET MUNI","WA","48.7249","-119.4656","1311","co"
"KW04","W04","OCEAN SHORES MUNI","WA","46.9992","-124.1424","15","co"
"KW09","W09","LOWER MONUMENTAL STA","WA","46.5497","-118.5367","813","co"
"KW20","W20","MOSES LAKE MUNI","WA","47.142","-119.2379","1203","co"
"KW27","W27","WOODLAND STATE","WA","45.8988","-122.7373","29","co"
"KYKM","YKM","YAKIMA","WA","46.5667","-120.5333","1066","co"
"LAPW1","","LA PUSH","WA","47.913","-124.637","25","co oc"
"LCFW1","","LANE CREEK","WA","48.6111","-118.2777","4430","co"
"LEFW1","","LEECHER","WA","48.2505","-120.0033","4991","co"
"LLFW1","","LOST LAKE","WA","48.8753","-119.0666","3876","co"
"LOPW1","","LONGVIEW","WA","46.1083","-122.9567","29","co"
"LPOW1","","LITTLE PEND OREILLE","WA","48.4608","-117.733","2045","co"
"LSFW1","","LESTER","WA","47.21","-121.4897","1637","co"
"LVNW1","","LEAVENWORTH","WA","47.6","-120.66","1165","co"
"MBMW1","","MARBLEMOUNT","WA","48.5394","-121.4461","357","co"
"MDRW1","","MIDNITE MINE","WA","47.9419","-118.0911","2885","co"
"MEFW1","","SAWMILL FLATS","WA","46.9675","-121.0844","3000","co"
"MILW1","","MILL CREEK","WA","46.2625","-120.8623","2820","co"
"MIPW1","","MINOT PEAK","WA","46.8922","-123.4169","1768","co"
"MOFW1","","83 MONUMENT","WA","49.0017","-120.6475","6494","co"
"NCSB","","WINTHROP","WA","48.43","-120.14","1697","co"
"NCSW1","","NCSB","WA","48.4253","-120.1419","1697","co"
"NEFW1","","NESPELEM","WA","48.1362","-118.9724","1900","co"
"NSJW1","","NPS ENGLISH CAMP","WA","48.5881","-123.1486","60","co oc"
"OCFW1","","ORR CREEK","WA","46.3539","-121.6041","3000","co"
"OHAW1","","OHANAPECOSH","WA","46.7311","-121.5711","1950","co"
"OKPW1","","ENTIAT PORTABLE","WA","47.8899","-120.4127","3000","co"
"OKWW1","","OKAWEN PORTABLE 4","WA","47.8047","-120.6931","1927","co"
"OLFW1","","OWL MT","WA","47.7661","-123.9652","3398","co"
"OLGW1","456096","OLGA 2 SE","WA","48.6167","-122.8","80","co oc"
"OMFW1","","OWL MOUNTAIN","WA","48.9353","-118.2972","3560","co"
"OTOW1","","OTHELLO","WA","46.8814","-119.3241","855","co"
"OVLW1","","OROVILLE","WA","48.9631","-119.4916","1450","co"
"PEFW1","","PEOH POINT","WA","47.1522","-120.9466","4020","co"
"PEOW1","","PEONY","WA","48.6031","-119.2163","3804","co"
"PIFW1","","SEDGE RIDGE","WA","46.495","-121.0133","4300","co"
"PMFW1","","PAL MOORE ORCHARD","WA","48.3903","-117.5852","3120","co"
"QCNW1","","QUILCENE","WA","47.8231","-122.883","62","co"
"REPW1","","REPUBLIC","WA","48.65","-118.74","2628","co"
"SDMW1","","SADDLE MOUNTAIN","WA","46.6933","-119.6933","634","co"
"SGNW1","","SIGNAL PEAK","WA","46.227","-121.1375","5052","co"
"SIFW1","","SITKUM","WA","47.96","-124.26","1280","co"
"SISW1","SISW","SMITH ISLAND","WA","48.3183","-122.8433","59","co oc"
"SKKW1","","JOHNSON RIDGE","WA","47.7999","-121.286","2028","co"
"SMFW1","","SUMAS","WA","48.9077","-122.2233","3406","co"
"SPCW1","","SPRING CANYON","WA","47.9347","-118.9347","1340","co"
"SPLW1","","SURPRISE LAKES","WA","46.095","-121.76","4290","co"
"SPMW1","","SPENCER MEADOWS","WA","46.1833","-121.9333","3400","co"
"STRW1","","STEHEKIN-AIRSTRIP","WA","48.3469","-120.7202","1230","co"
"SVNW1","KST9","STEVENS PASS","WA","47.733","-121.0833","4070","co"
"SWCW1","","SWIFT CREEK","WA","46.164","-122.184","4440","co"
"SWYW1","","SEDRO WOOLLEY","WA","48.5216","-122.2237","172","co"
"TCFW1","","TACOMA CREEK","WA","48.4903","-117.4358","3240","co"
"TCMW1","","TACOMA MET","WA","47.276","-122.418","22","co"
"TCNW1","","TACOMA","WA","47.2667","-122.4133","15","co"
"TOFW1","","TOMS CREEK","WA","48.0223","-123.9582","2400","co"
"TOKW1","","TOKE POINT","WA","46.7088","-123.9683","15","co"
"TPFW1","","TEPEE CREEK","WA","46.1646","-121.0314","2961","co"
"TRKW1","","THREE CORNER ROCK","WA","45.7208","-122.0372","3450","co"
"TSOW1","","TEEPEE SEED ORCHARD","WA","48.6639","-117.4819","3280","co"
"TTIW1","TTIW","TATOOSH ISLAND","WA","48.3917","-124.735","156","co oc"
"TWRW1","","CHENEY","WA","47.4175","-117.5283","2230","co"
"UBKW1","KUP9","UPPER BAKER DAM","WA","48.65","-121.6833","690","co"
"VPFW1","","VIEWPOINT","WA","47.8553","-120.8902","3695","co"
"WAAW1","","WAPATO","WA","46.4353","-120.42","841","co"
"WEFW1","","WIND RIVER EXP. FORE","WA","45.814","-121.9504","1246","co"
"WPFW1","","WASHINGTON PASS","WA","48.5253","-120.6472","5642","co"
"WPOW1","WPOW","WEST POINT","WA","47.662","-122.4353","29","co"
"WPRW1","","WELLPINIT","WA","47.8763","-118.096","2240","co"
"WPTW1","","WESTPORT","WA","46.9269","-124.13","27","co"
"YTCW1","","YTC-RC","WA","46.6752","-120.3472","2011","co"
"45013","","ATWATER PARK","WI","43.098","-87.85","577","co"
"AFWW3","","AUGUSTA","WI","44.6957","-91.1345","970","co"
"AGOW3","","ANTIGO","WI","45.1589","-89.1147","1499","co"
"APOW3","","APOSTLE ISLANDS 1","WI","46.9297","-90.7525","650","co oc"
"BBLW3","","BOSCOBEL","WI","43.1492","-90.6842","673","co"
"BFWW3","","BLACK RIVER FALLS","WI","44.2966","-90.7268","898","co"
"BRNW3","","BARNES","WI","46.4","-91.5","1210","co"
"CBRW3","","CHAMBERS ISLAND","WI","45.1983","-87.3597","591","co"
"CLRW3","","CLAM LAKE","WI","46.1975","-90.97","1500","co"
"DISW3","","DEVILS ISLAND","WI","47.08","-90.7283","629","co oc"
"DLEW3","","DODGEVILLE","WI","43.023","-90.1393","1221","co"
"DMLW3","","DIAMOND LAKE","WI","45.1056","-90.69","1317","co"
"GDNW3","","GLIDDEN","WI","46.1447","-90.5903","1550","co"
"HWDW3","","HAYWARD","WI","46.0005","-91.5","1079","co"
"K2P2","2P2","WASHINGTON ISLAND","WI","45.3883","-86.924","653","co oc"
"K3CU","3CU","CABLE UNION","WI","46.1949","-91.2485","1360","co"
"K3D1","3D1","CRIVITZ MUNI","WI","45.2146","-88.0733","735","co"
"K3D2","","EPHRAIM","WI","45.1357","-87.1881","768","co oc"
"K3T3","3T3","BOYCEVILLE MUNI","WI","45.044","-92.0213","967","co"
"K40D","40D","THREE LAKES MUNI","WI","45.7902","-89.121","1636","co"
"K4R5","4R5","MAJOR GILBERT FIELD","WI","46.7887","-90.7587","649","co oc"
"K57C","57C","EAST TROY MUNI","WI","42.7972","-88.3726","860","co"
"K5N2","5N2","PRENTICE","WI","45.5383","-90.2763","1579","co"
"K61C","61C","FORT ATKINSON MUNI","WI","42.9632","-88.8176","800","co"
"K63C","63C","ADAMS COUNTY LEGION","WI","43.9606","-89.7886","979","co"
"K73C","73C","LANCASTER MUNI","WI","42.7825","-90.6811","1016","co"
"K82C","","MAUSTON","WI","43.8387","-90.1377","906","co"
"K88C","88C","PALMYRA MUNI","WI","42.8835","-88.5999","851","co"
"K8D1","8D1","NEW HOLSTEIN MUNI","WI","43.9441","-88.1148","992","co"
"K93C","93C","RICHLAND","WI","43.2834","-90.2983","742","co"
"K9Y7","9Y7","BARRON MUNI","WI","45.4075","-91.8343","1113","co"
"KAHH","","AMERY MUNI","WI","45.2811","-92.3754","1088","co"
"KAIG","","ANTIGO_(AWOS)","WI","45.15","-89.13","1522","co"
"KARV","ARV","ARBOR VITAE","WI","45.9","-89.7","1627","co"
"KARX","","LA CROSSE  WFO","WI","43.8228","-91.1919","1280","co"
"KASX","","KENNEDY_MEMORIAL_AIR","WI","46.54","-90.92","823","co"
"KATW","ATW","APPLETON","WI","44.2667","-88.5167","918","co"
"KAUW","AUW","WAUSAU","WI","44.9272","-89.6242","1196","co"
"KBCK","","BLACK RIVER FALLS","WI","44.2507","-90.8553","837","co"
"KBDJ","","BOULDER JUNCTION PAY","WI","46.1374","-89.646","1666","co"
"KBUU","KC52","BURLINGTON MUNI ARPT","WI","42.69","-88.3","778","co"
"KC29","C29","MIDDLETON MUNI","WI","43.1143","-89.5315","928","co"
"KC35","","REEDSBURG","WI","43.53","-89.98","906","co"
"KC47","C47","PORTAGE MUNI","WI","43.5603","-89.4829","824","co"
"KC74","C74","CASSVILLE MUNI","WI","42.7043","-90.9661","627","co"
"KCLI","","CLINTONVILLE","WI","44.62","-88.71","823","co"
"KCMY","","MCCOY AAF","WI","43.9667","-90.7333","840","co"
"KCWA","CWA","MOSINEE","WI","44.7833","-89.6667","1273","co"
"KD25","","MANITOWISH WATER","WI","46.1203","-89.8801","1611","co"
"KDAF","","NECEDAH","WI","44.0334","-90.0851","919","co"
"KDLL","","BARABOO_(AWOS)","WI","43.52","-89.77","978","co"
"KEAU","EAU","EAU CLAIRE","WI","44.8667","-91.4833","888","co"
"KEFT","","MONROE","WI","42.6133","-89.59","1084","co"
"KEGV","","EAGLE_RIVER","WI","45.94","-89.26","1640","co"
"KEHW3","","KESHENA","WI","44.8892","-88.6613","871","co"
"KENW","","KENOSHA","WI","42.595","-87.9381","743","co"
"KETB","","WEST_BEND","WI","43.42","-88.13","886","co"
"KEZS","","SHAWANO_ARPT","WI","44.7873","-88.56","814","co"
"KFLD","","FOND_DU_LAC","WI","43.77","-88.4864","807","co"
"KGRB","GRB","GREEN BAY","WI","44.4833","-88.1333","702","co"
"KGTG","","GRANTSBURG MUNI","WI","45.7984","-92.6643","927","co"
"KHXF","","HARTFORD MUNI","WI","43.3492","-88.3913","1070","co"
"KHYR","HYR","HAYWARD        ASOS","WI","46.0167","-91.45","1280","co"
"KISW","ISW","WISCONSIN R.   ASOS","WI","44.3667","-89.8333","1020","co"
"KJVL","JVL","JANESVILLE","WI","42.6167","-89.0333","807","co"
"KLNL","","KINGS_LAND_O_LAKES","WI","46.154","-89.2121","1704","co"
"KLNR","LNR","LONE ROCK","WI","43.2111","-90.1875","717","co"
"KLSE","LSE","LA CROSSE","WI","43.8789","-91.2528","651","co"
"KLUM","KW11","MENOMONIE MUNI ARPT/","WI","44.8922","-91.8678","896","co"
"KMDZ","","MEDFORD","WI","45.1","-90.3","1460","co"
"KMFI","MFI","MARSHFIELD","WI","44.6333","-90.1833","1276","co"
"KMKE","MKE","MILWAUKEE    ASOS","WI","42.95","-87.9","693","co"
"KMKX","","DOUSMAN  WFO","WI","42.9681","-88.5492","958","co"
"KMRJ","","MINERAL POINT","WI","42.885","-90.2317","1178","co"
"KMSN","MSN","MADISON","WI","43.1333","-89.3333","866","co"
"KMTW","MTW","MANITOWOC  (AWOS)","WI","44.1333","-87.6667","651","co"
"KMWC","MWC","L.J.TIMMERMAN AP","WI","43.1167","-88.05","745","co"
"KNSW3","","KENOSHA","WI","42.5889","-87.8086","577","co"
"KOCQ","","OCONTO","WI","44.8742","-87.9096","600","co"
"KOEO","","OSCEOLA","WI","45.31","-92.69","902","co"
"KOLG","","SOLON SPRINGS","WI","46.3148","-91.8164","1102","co"
"KOSH","OSH","OSKOSH","WI","43.9844","-88.557","807","co"
"KOVS","","BOSCOBEL_(ASOS)","WI","43.15","-90.68","666","co"
"KPBH","","PHILLIPS/PRICE_CO.","WI","45.7","-90.4","1473","co"
"KPCZ","","WAUPACA_MUNI_ARPT","WI","44.3333","-89.0198","826","co"
"KPDC","","PRAIRIE_DU_CHIEN_MUN","WI","43.02","-91.12","659","co"
"KPKF","","PARK FALLS MUNI","WI","45.9551","-90.4244","1501","co"
"KPVB","PVB","PLATTEVILLE","WI","42.6894","-90.4444","1024","co"
"KRAC","","RACINE","WI","42.7586","-87.8178","673","co"
"KRCX","","LADYSMITH/RUSK CO AP","WI","45.4968","-91.0005","1238","co"
"KRHI","RHI","RHINELANDER","WI","45.6333","-89.45","1608","co"
"KRIE","RIE","RICE LAKE","WI","45.4833","-91.7167","1138","co"
"KRNH","","NEW RICHMOND","WI","45.1667","-92.5333","998","co"
"KRPD","","RICE_LAKE","WI","45.43","-91.76","1106","co"
"KRRL","","MERRILL MUNICIPAL AI","WI","45.1833","-89.7","1316","co"
"KRYV","","WATERTOWN_(AWOS)","WI","43.1702","-88.725","833","co"
"KRZN","","SIREN/BURNETT CTY AP","WI","45.82","-92.37","988","co"
"KSBM","","SHEBOYGAN","WI","43.7764","-87.8497","749","co"
"KSSQ","","SHELL LAKE MUNI","WI","45.7314","-91.9207","1233","co"
"KSTE","","STEVENS_POINT","WI","44.55","-89.53","1109","co"
"KSUE","SUE","STURGEON BAY","WI","44.8437","-87.4215","725","co oc"
"KSUW","","SUPERIOR_(AWOS)","WI","46.69","-92.07","676","co"
"KTKV","KT08","TOMAHAWK_RGNL_ARPT","WI","45.4691","-89.8057","1486","co"
"KUBE","","CUMBERLAND","WI","45.506","-91.9811","1240","co"
"KUES","UES","WAUKESHA","WI","43.0333","-88.2333","911","co"
"KUNU","","JUNEAU/DODGE COUNTY","WI","43.43","-88.69","869","co"
"KVIQ","","NEILLSVILLE MUNI","WI","44.5581","-90.5123","1238","co"
"KVOK","VOK","CAMP DOUGLAS","WI","43.9333","-90.2667","915","co"
"KW23","W23","WILD ROSE IDLEWILD","WI","44.1978","-89.2179","908","co"
"KWNW3","","KEWAUNEE","WI","44.465","-87.4958","588","co oc"
"KY23","","CHETEK","WI","45.3106","-91.6381","1056","co"
"KY50","","WAUTOMA_MUNI_ARPT","WI","44.0435","-89.304","860","co"
"KY51","Y51","VIROQUA MUNI ARPT","WI","43.5794","-90.8965","1293","co"
"KY55","Y55","CRANDON/STEVE CONWAY","WI","45.5226","-88.9284","1650","co"
"KY72","Y72","BLOYER FIELD","WI","43.9762","-90.4806","966","co"
"LAAW3","","LAONA","WI","45.4621","-88.6798","1560","co"
"LDYW3","","LADYSMITH","WI","45.4333","-91.1167","1147","co"
"LNDW3","","LIND","WI","45.7397","-92.7956","813","co"
"LSRW3","","LA CROSSE","WI","43.8222","-91.1922","1200","co"
"MAYW3","","HORICON","WI","43.5705","-88.6086","800","co"
"MLWW3","","MILWAUKEE C-MAN","WI","43.0456","-87.8799","577","co"
"MNEW3","","MEAD","WI","44.6972","-89.8658","1150","co"
"MRZW3","","MINONG","WI","46.1358","-91.9808","1060","co"
"NEHW3","","NECEDAH","WI","44.0286","-90.0831","950","co"
"NKAW3","","ROME (SARATOGA)","WI","44.2567","-89.81","873","co"
"PEEW3","","PARDEEVILLE","WI","43.5581","-89.3064","830","co"
"PLPW3","","PHELPS","WI","46.04","-89.0961","1770","co"
"PNGW3","","PORT WING","WI","46.7922","-91.3861","604","co"
"PWAW3","","PORT WASHINGTON","WI","43.3875","-87.8678","584","co"
"SGNW3","","SHEBOYGAN","WI","43.7495","-87.6925","577","co"
"SILW3","","SAND ISLAND","WI","47.003","-90.9363","600","co oc"
"SMRW3","","SMITH RAPIDS","WI","45.9322","-90.1808","1568","co"
"SXHW3","","SAXON HARBOR","WI","46.5625","-90.44","604","co oc"
"TAWW3","","TOMAHAWK","WI","45.5941","-89.7227","1535","co"
"WSHW3","","WASHBURN","WI","46.5851","-91.2556","1260","co"
"WUEW3","","WAUSAUKEE","WI","45.3895","-87.9654","763","co"
"WUFW3","","WOODRUFF","WI","45.8872","-89.6511","1619","co"
"WUTW3","","WAUTOMA","WI","44.0561","-89.2922","857","co"
"NSFA","","FALEOLO INTL/APIA","WS","-13.82","-172","16","oc"
"NWWW","","LA TONTOUTA/NOUMEA","WS","-22.02","166.22","46","oc"
"BDKW2","","DAVIS (BEARDEN)","WV","39.105","-79.4261","3853","co"
"BEEW2","","BEE MOUNTAIN","WV","38.2003","-81.62","1353","co"
"BFRW2","","BEECH FORK","WV","38.3006","-82.4172","735","co"
"BRWW2","","ELKHORN","WV","37.4033","-81.5444","2100","co"
"CRFW2","","WVU RESEARCH FOREST","WV","39.6769","-79.7719","2280","co"
"CWLW2","","CONAWAY LAKE","WV","39.4458","-80.8689","1190","co"
"FLRW2","","FLATWOODS","WV","38.6361","-80.6197","1642","co"
"GRNW2","","GRANDVIEW","WV","37.8325","-81.068","2317","co"
"K3I2","","MASON_CNTY_ARPT","WV","38.9146","-82.0986","643","co"
"K3I4","3I4","RICHWOOD MUNI","WV","38.2584","-80.6513","2486","co"
"K48I","","SUTTON/BRAXTON CO AP","WV","38.687","-80.6518","1270","co"
"K4G7","4G7","FAIRMONT MUNI-FRANKM","WV","39.4475","-80.1676","1032","co"
"K6L4","","LOGAN CNTY","WV","37.8557","-81.9159","1667","co"
"K79D","79D","PHILIPPI/BARBOUR COU","WV","39.1662","-80.0623","1755","co"
"KBKW","BKW","BECKLEY","WV","37.7833","-81.1167","2514","co"
"KBLF","BLF","BLUEFIELD","WV","37.2978","-81.2036","2890","co"
"KCKB","CKB","CLARKSBURG (AMOS)","WV","39.2833","-80.2333","1201","co"
"KCRW","CRW","CHARLESTON   ASOS","WV","38.3667","-81.6","982","co"
"KEBD","","APPALACHIAN RGNL","WV","37.6818","-82.1221","1883","co"
"KEKN","EKN","ELKINS         ASOS","WV","38.8833","-79.85","1997","co"
"KGWW2","","KINGWOOD","WV","39.4067","-79.7008","1873","co"
"KHLG","HLG","WHEELING","WV","40.1833","-80.65","1194","co"
"KHTS","HTS","HUNTINGTON","WV","38.3667","-82.55","838","co"
"KI16","","PINEVILLE/KEE_FIELD","WV","37.6004","-81.5593","1783","co"
"KI18","I18","JACKSON COUNTY","WV","38.9298","-81.8195","758","co"
"KI25","I25","WELCH MUNI","WV","37.4168","-81.529","2118","co"
"KI41","I41","ROBERT NEWLON FIELD","WV","38.457","-82.3138","550","co"
"KLWB","LWB","LEWISBURG","WV","37.8667","-80.4","2300","co"
"KMGW","MGW","MORGANTOWN","WV","39.65","-79.9167","1247","co"
"KMPG","","MARSHALL COUNTY","WV","39.8808","-80.7358","1215","co"
"KMRB","MRB","MARTINSBURG","WV","39.4039","-77.975","531","co"
"KPKB","PKB","PARKERSBURG","WV","39.35","-81.4333","831","co"
"KRLX","","RUTHDALE  WFO","WV","38.3131","-81.7186","1080","co"
"KSSU","SSU","WHITE SULPHUR SPR","WV","37.7667","-80.3333","1801","co"
"KSXL","","SUMMERSVILLE","WV","38.2316","-80.8708","1820","co"
"KW22","W22","BUCKHANNON/UPSHUR CO","WV","39.0005","-80.2737","1634","co"
"KW99","","PETERSBURG/GRANT CO","WV","38.9949","-79.1459","961","co"
"LGRW2","","LOGAN","WV","37.855","-81.9144","1650","co"
"LKRW2","","LAKIN","WV","38.9608","-82.0886","576","co"
"MARW2","","MARLINTON","WV","38.2244","-80.0378","3082","co"
"MTGW2","","KEARNEYSVILLE","WV","39.3563","-77.8803","602","co"
"NATW2","","NATHANIEL MOUNTAIN","WV","39.1992","-78.7908","3004","co"
"PIRW2","","PIPESTEM","WV","37.5264","-80.9992","2725","co"
"SNOW2","","SNOWSHOE","WV","38.399","-79.9949","4850","co"
"TMRW2","","TOMLINSON RUN","WV","40.5425","-80.5836","1013","co"
"UPTW2","","UPPER TRACT","WV","38.8167","-79.2772","1705","co"
"ANDW4","","ANDERSON RIDGE","WY","42.4372","-108.9455","8120","co"
"ATRW4","","ALTA 1NNW","WY","43.7561","-111.0327","6430","co"
"AWSW4","","ADAMS WEATHER STATIO","WY","44.2779","-104.1131","5908","co"
"BBSW4","","BLIND BULL SUMMIT","WY","42.964","-110.6097","8650","co"
"BECW4","","BECHLER","WY","44.1494","-111.0447","6400","co"
"BGSW4","","BIG SANDY OPENING","WY","42.6333","-109.2667","9100","co"
"BITW4","","BITTER CREEK","WY","41.5894","-108.5086","6720","co"
"BLDW4","","BALD MOUNTAIN","WY","44.8","-107.85","9380","co"
"BLTW4","","BEARTOOTH LAKE","WY","44.7833","-109.5667","9275","co"
"BLWW4","","BLACK WATER","WY","44.3833","-109.8","9780","co"
"BONW4","","BONDURANT","WY","43.2022","-110.4047","6649","co"
"BOXBT","","BOX Y RANCH","WY","42.9199","-110.7191","6641","co"
"BOYW4","","BOYSEN RESERVOIR","WY","43.4042","-108.1733","4708","co"
"BPYW4","","SNIDER BASIN","WY","42.4908","-110.5266","8200","co"
"BRCW4","","BURROUGHS CREEK","WY","43.7","-109.6667","8750","co"
"BRLW4","","BEAR LODGE","WY","44.5972","-104.428","5280","co"
"BROBT","","BROOKS LAKE LODGE","WY","43.7336","-110.0125","9343","co"
"BSDW4","","BONE SPRING DIVIDE","WY","44.6833","-107.5833","9350","co"
"BSRW4","","FARSON DCP","WY","42.3167","-109.4833","6780","co"
"BTNW4","","BEAR TRAP MEADOW","WY","43.8833","-107.0667","8200","co"
"BUJW4","","BURGESS","WY","44.7861","-107.5358","7743","co"
"C1800","","BASIN","WY","44.3794","-108.0458","3898","co"
"C3794","","CROWHEART","WY","43.309","-109.1934","6092","co"
"C8386","","THERMOPOLIS","WY","43.642","-108.2263","4426","co"
"CAMW4","","CAMP CREEK","WY","42.3403","-107.5727","7380","co"
"CANW4","","CANYON","WY","44.7167","-110.5333","8090","co"
"CDAW4","","CRANDALL","WY","44.8503","-109.6113","6640","co"
"CKWW4","","CLARK 8SSW","WY","44.7861","-109.1819","4708","co"
"CMRBT","","COMMISSARY RIDGE","WY","42.5766","-110.7312","9380","co"
"CMRW4","","CASPER MOUNTAIN","WY","42.7111","-106.3472","7740","co"
"CMWW4","","COYOTE MEADOWS","WY","44.0075","-111.0355","6830","co"
"COSW4","","COLD SPRING","WY","43.2768","-109.4458","9630","co"
"COWBT","","TOGWOTEE MOUNTAIN LO","WY","43.8293","-110.1891","9190","co"
"COWW4","","COW CREEK","WY","41.309","-107.5738","7234","co"
"CSPW4","","CASPER MOUNTAIN","WY","42.7333","-106.3167","7850","co"
"D1326","","KAYCEE","WY","43.7145","-106.633","4682","co"
"D2989","","JEFFREY CITY","WY","42.4942","-107.8441","6375","co"
"D3219","","LOVELL","WY","44.8384","-108.3894","3832","co"
"D6139","","STAR VALLEY RANCH","WY","42.9642","-110.9559","6213","co"
"D7095","","CLARK","WY","44.9032","-109.1718","4270","co"
"D8613","","TEN SLEEP","WY","44.04","-107.45","4470","co"
"DEABT","","DEADMAN PEAK","WY","43.0108","-110.6662","10339","co"
"DMLW4","","DOME LAKE","WY","44.5667","-107.3","8880","co"
"DODW4","","DODGE CREEK","WY","41.9672","-105.5191","7100","co"
"DVDW4","","DIVIDE PEAK","WY","41.3039","-107.1525","8880","co"
"DVLW4","","DEVILS TOWER","WY","44.5817","-104.7194","3900","co"
"E0252","","MIDWEST","WY","43.413","-106.2773","4865","co"
"ECEW4","","ECHETA","WY","44.4655","-105.8445","4397","co"
"EGLW4","","EAGLE","WY","44.4856","-109.8963","7500","co"
"EKPW4","","ELKHEART PARK","WY","43","-109.75","9400","co"
"ELKW4","","ELKHORN","WY","43.6794","-109.6111","8085","co"
"ERAW4","","BURRO HILL","WY","43.8391","-110.3687","7251","co"
"ESTW4","","ESTERBROOK","WY","42.4158","-105.3611","6597","co"
"F3816","","PAVILLION","WY","43.2897","-108.6776","5482","co"
"F5226","","SHOSHONI","WY","43.2437","-108.1146","4816","co"
"FWWW4","","FORT WASHAKIE","WY","42.9983","-108.8747","5565","co"
"GBWW4","","GREBE","WY","44.7191","-110.5132","7900","co"
"GCRW4","","GRASS CREEK DIVIDE","WY","43.8914","-108.8536","7127","co"
"GNRW4","","GUERNSEY","WY","42.3858","-104.8052","4785","co"
"GROBT","","GROUSE MOUNTAIN","WY","43.7219","-110.2574","10305","co"
"GRRW4","","GREEN RIVER","WY","41.5164","-109.4483","6060","co"
"GTCJ","","CHIEF JOSEPH","WY","43.7904","-110.9453","8802","co"
"GTFM","","FREDS MOUNTAIN SUMMI","WY","43.7867","-110.9341","9852","co"
"GTGW4","","GRAND TETON","WY","43.7148","-110.7134","6730","co"
"GVSW4","","GRAVE SPRING","WY","43.4667","-107.2333","8550","co"
"HAFW4","","HALF MOON","WY","42.9136","-109.7461","8530","co"
"HHRW4","","HYATT HIGH","WY","44.2985","-107.5058","5670","co"
"HMKW4","","HAMS FORK","WY","42.1461","-110.6783","7840","co"
"HNSW4","","HANSEN SAWMILL","WY","44.25","-106.9833","8360","co"
"HOBW4","","HOBACK","WY","43.2203","-110.423","6726","co"
"INCW4","","INDIAN CREEK","WY","42.3002","-110.6775","9425","co"
"JHBBT","","JACKSON HOLE BASE","WY","43.5913","-110.8242","6611","co"
"JHMBT","","JACKSON HOLE MID MOU","WY","43.5974","-110.8479","8225","co"
"JHR","","JACKSON HOLE - RAYME","WY","43.6","-110.85","9360","co"
"JHRBT","","JACKSON HOLE RAYMER","WY","43.6038","-110.8558","9657","co"
"JHSBT","","JACKSON HOLE SUMMIT","WY","43.5965","-110.869","10328","co"
"K1AW","","BURNS","WY","41.33","-104.27","5469","co"
"K46U","","ALPINE","WY","43.1846","-111.0424","5634","co"
"K48U","48U","GTR GREEN RIVER INTE","WY","41.4581","-109.4899","7182","co"
"K49U","49U","SHOSHONI MUNI","WY","43.251","-108.1221","4818","co"
"K4DG","4DG","DOUGLAS","WY","42.75","-105.3833","4853","co"
"K4MC","4MC","MOORCROFT","WY","44.2667","-104.95","4282","co"
"K76V","76V","THOMAS MEMORIAL","WY","42.52","-105.02","4666","co"
"K80V","80V","MEDICINE BOW","WY","41.884","-106.1828","6658","co"
"K82V","","PINE BLUFFS MUNI","WY","41.1533","-104.1302","5151","co"
"K83V","83V","UPTON MUNI","WY","44.0905","-104.6408","4290","co"
"KAFO","","AFTON","WY","42.7113","-110.9421","6201","co"
"KAJL","","LAVA MOUNTAIN","WY","43.674","-110.031","10371","co"
"KBPI","BPI","BIG PINEY (AMOS)","WY","42.5667","-110.1","6969","co"
"KBVR","","BEAVER RIM","WY","42.5857","-108.2819","6745","co"
"KBYG","","BUFFALO","WY","44.38","-106.72","4970","co"
"KCOD","COD","CODY (AMOS)","WY","44.5167","-109.0167","5095","co"
"KCPR","CPR","CASPER","WY","42.9167","-106.4667","5290","co"
"KCTD","","CONTINENTAL DIVIDE I","WY","41.7159","-107.7825","7112","co"
"KCYS","CYS","CHEYENNE","WY","41.15","-104.8167","6141","co"
"KDGW","","CONVERSE_COUNTY_ARRT","WY","42.78","-105.37","4928","co"
"KDUB","","DUBOIS","WY","43.5484","-109.6903","7297","co"
"KDWX","","DIXON","WY","41.037","-107.4997","6549","co"
"KEAN","","PHIFER AIRFIELD","WY","42.0555","-104.9283","4779","co"
"KECS","","MONDELL FLD AP/NEW C","WY","43.8854","-104.3179","4173","co"
"KEHY","","ELK MOUNTAIN","WY","41.7253","-106.4594","7300","co"
"KEMM","","KEMMERER_MUNI_ARPT","WY","41.8241","-110.557","7285","co"
"KEVW","EVW","EVANSTON","WY","41.275","-111.0322","6601","co"
"KFBR","","FORT BRIDGER","WY","41.392","-110.4068","7034","co"
"KFEW","FEW","WARREN AFB","WY","41.1409","-104.8691","6161","co"
"KFWZ","","SOUTH PASS","WY","42.5167","-108.7833","8491","co"
"KGCC","GCC","GILLETTE (AMOS)","WY","44.35","-105.5333","4364","co"
"KGEY","","SOUTH_BIG_HORN_COUNT","WY","44.51","-108.07","3934","co"
"KGUR","","GUERNSEY","WY","42.2597","-104.7283","4455","co"
"KHLD","","HILAND","WY","43.0923","-107.3219","6134","co"
"KHSG","","THERMOPOLIS","WY","43.7136","-108.3897","4902","co"
"KJAC","JAC","JACKSON","WY","43.6","-110.7333","6444","co"
"KLAR","LAR","LARAMIE","WY","41.3164","-105.6722","7264","co"
"KLLW4","","KELLEY RS","WY","42.2689","-110.8056","8180","co"
"KLND","LND","LANDER","WY","42.8167","-108.7333","5558","co"
"KLSK","","LUSK MUNI","WY","42.7538","-104.4046","4967","co"
"KLYW4","","KELLY","WY","42.2761","-110.8061","8470","co"
"KMEW4","","KEMMERER DCP","WY","41.8","-110.5833","6980","co"
"KMRA","MRA","MORAN S. WNW","WY","43.85","-110.5833","6798","co"
"KMRW4","485105","KEMMERER 2 N","WY","41.8167","-110.5333","6926","co"
"KP60","P60","YELLOWSTONE(AMOS)","WY","44.55","-110.4167","8002","co"
"KPAT","","PATHFINDER","WY","42.5581","-106.8453","6345","co"
"KPNA","","PINEDALE/RALPH WENZ","WY","42.7955","-109.8071","7086","co"
"KPOY","","POWELL","WY","44.8672","-108.7934","5092","co"
"KREC","","LOWER RED CANYON","WY","42.618","-108.6109","6581","co"
"KRIW","RIW","RIVERTON","WY","43.05","-108.45","5509","co"
"KRKS","RKS","ROCK SPRINGS","WY","41.6","-109.0667","6739","co"
"KRWL","RWL","RAWLINS","WY","41.8","-107.2","6734","co"
"KRWW4","","KIRWIN","WY","43.8607","-109.3216","9550","co"
"KSAA","","SARATOGA","WY","41.4448","-106.8235","7014","co"
"KSHR","SHR","SHERIDAN","WY","44.7667","-106.9667","3968","co"
"KSOU","","SOUTH PASS","WY","42.4775","-108.8444","8196","co"
"KTBX","","BOYSEN/THERMOPOL","WY","43.4667","-108.2333","7300","co"
"KTET","","TETON PASS - WY22","WY","43.4987","-110.9562","8428","co"
"KTMH","","TWENTY MILE HILL","WY","43.1227","-106.337","5656","co"
"KTOR","","TORRINGTON MUNI","WY","42.0625","-104.1528","4206","co"
"KU06","U06","COKEVILLE MUNI","WY","42.0458","-110.966","6270","co"
"KU68","","COWLEY","WY","44.9116","-108.4455","4091","co"
"KVDW","","30_MI_W_CHEYENNE","WY","41.15","-105.4","8340","co"
"KW43","","HULETT MUNI ARPT","WY","44.6629","-104.5678","4265","co"
"KWRL","WRL","WORLAND","WY","43.9752","-107.9558","4172","co"
"LAVBT","","LAVA MOUNTAIN","WY","43.6714","-110.0311","10359","co"
"LEIW4","","LEIGH CREEK","WY","44.1067","-107.2238","8202","co"
"LPPW4","","LAPRELE CREEK","WY","42.4333","-105.8667","8375","co"
"LTWW4","","LITTLE WARM","WY","44.5","-109.75","9370","co"
"MCOBT","","MT. COFFIN","WY","42.6366","-110.6354","10855","co"
"MCRW4","","MILL CREEK","WY","44.4558","-107.4494","8898","co"
"MDDW4","","MIDDLE POWDER","WY","43.6333","-107.1833","7760","co"
"MRQW4","","MARQUETTE CREEK","WY","44.3","-109.2333","8760","co"
"MUDW4","","MUDDY CREEK","WY","41.4003","-110.5513","6970","co"
"NFLW4","","NEW FORK LAKE","WY","43.1128","-109.9494","8340","co"
"OFAW4","","OLD FAITHFUL","WY","44.4567","-110.8494","7360","co"
"OLDW4","","OLD BATTLE","WY","41.15","-106.9667","9920","co"
"OLWW4","","OWL CREEK","WY","43.65","-109.0167","8975","co"
"PCRW4","","POKER CREEK","WY","43.5694","-106.9783","6440","co"
"PINW4","HVY","PINEDALE DCP","WY","42.8833","-109.85","7310","co"
"PMTW4","","POLE MT","WY","41.2272","-105.433","8530","co"
"PRKW4","","PARKER PEAK","WY","44.7333","-109.9167","9400","co"
"PSDW4","","PISTOL DRAW","WY","43.8492","-107.9227","4520","co"
"PWDW4","","POWDER RIVER PASS","WY","44.1667","-107.1333","9480","co"
"QADW4","","QUADRANT","WY","44.9276","-110.9902","7900","co"
"RASW4","","RASPBERRY","WY","43.4727","-110.0182","8833","co"
"RATW4","","RATTLESNAKE MTN.","WY","44.5739","-109.2613","8401","co"
"RHKW4","","ROCHELLE HILLS","WY","43.5506","-105.0922","5199","co"
"RNHW4","","RENO HILL","WY","42.5667","-106.0833","8500","co"
"RSNW4","","FALES ROCK","WY","42.8564","-107.2722","6380","co"
"RVTW4","","LITTLE WIND RIVER","WY","42.9975","-108.3755","4900","co"
"SAWW4","","SAWMILL PARK","WY","41.0742","-106.1311","9078","co"
"SBCW4","","SOUTH BRUSH CREEK","WY","41.3333","-106.5","8440","co"
"SCRW4","","SHELL CREEK","WY","44.5","-107.4333","9580","co"
"SDSW4","","SANDSTONE","WY","41.1974","-107.2195","8100","co"
"SHPW4","","SHARPNOSE","WY","42.9489","-108.6107","5555","co"
"SKRW4","","SNAKE RIVER STATION","WY","44.1336","-110.6691","6920","co"
"SLAW4","","ST. LAWRENCE ALT","WY","43.0333","-109.1667","8620","co"
"SNIW4","","SNIDER BASIN","WY","42.495","-110.5319","8060","co"
"SNKWY","","SNOW KING","WY","43.4631","-110.7625","7808","co"
"SNLW4","","SANDLAKE","WY","41.4667","-106.2833","10050","co"
"SNOW4","","SNOW SPRINGS CREEK","WY","41.4175","-109.0361","7550","co"
"SNWW4","","SINKS CANYON","WY","42.7336","-108.845","7083","co"
"SPKW4","","SCHOOL HOUSE","WY","44.3064","-106.9819","8604","co"
"SPLW4","","SPLIT ROCK CREEK","WY","43.5614","-107.395","6554","co"
"SPPBT","","SURPRISE PINNACLE","WY","43.7269","-110.7758","9770","co"
"SPSW4","","SOUTH PASS","WY","42.5667","-108.8333","9040","co"
"SRSW4","","SANDSTONE RS","WY","41.1167","-107.1667","8150","co"
"SUCW4","","SUCKER CREEK","WY","44.7167","-107.4","8880","co"
"SYLW4","","SYLVAN LAKE","WY","44.4833","-110.15","8420","co"
"SYRW4","","SYLVAN ROAD","WY","44.4667","-110.0333","7120","co"
"TGEW4","","GRAND TARGHEE","WY","43.7793","-110.9278","9260","co"
"THRW4","","CABIN CREEK","WY","44.3114","-110.1502","8650","co"
"THUW4","","THUMB DIVIDE","WY","44.3667","-110.5667","7980","co"
"TICW4","","TIMBER CREEK","WY","44.0333","-109.1833","7950","co"
"TOPW4","","TWO OCEAN PLATEAU","WY","44.15","-110.2167","9240","co"
"TRPW4","","TRIPLE PEAKS","WY","42.7639","-110.5914","8500","co"
"TWNW4","","TOWNSEND CREEK","WY","42.7","-108.9","8700","co"
"VLRW4","","SHF1 - FTS","WY","44.929","-109.7306","7132","co"
"WBSW4","","WEBBER SPRINGS","WY","41.1594","-106.9272","9250","co"
"WLVW4","","WOLVERINE","WY","44.8","-109.65","7650","co"
"WNDW4","","WINDY PEAK","WY","42.2833","-105.5833","7900","co"
"WPKW4","","WHISKEY PARK","WY","41","-106.9","8950","co"
"WPRW4","","SHF3 CAMPBELL","WY","44.4611","-109.5333","5778","co"
"WRRW4","","WARREN PEAK","WY","44.4","-104.4333","6520","co"
"WRVW4","","WIND RIVER","WY","42.9779","-109.1221","9235","co"
"WY42","","FARSON","WY","42.1088","-109.4494","6594","co"
"WY43","","WIND RIVER LAKE","WY","43.7485","-110.0604","9610","co"
"WY45","","NATRONA","WY","43.0292","-106.801","5594","co"
"WY47","","OUTER DRIVE","WY","42.8063","-106.3081","5463","co"
"WY61","","HAT SIX I25","WY","42.8394","-106.2017","5157","co"
"YLAW4","","MAMMOTH","WY","44.9772","-110.6952","6127","co"
"YOUW4","","YOUNTS PEAK","WY","43.9323","-109.8177","8350","co"
"CVXY","","WHITEHOURSE AUTO","YT","60.7331","-135.0978","2320","ak"
"CWHT","WHT","HAINES_JUNCTION","YT","60.77","-137.58","1965","ak"
"CWJN","","HERSCHEL_IL_(AUTO8)","YT","69.5667","-138.9166","3","ak"
"CWKM","","KOMAKUK_BEACH","YT","69.62","-140.1999","43","ak"
"CWOI","","IVVAVIK_PARK_AUTO8","YT","69.15","-140.15","800","ak"
"CWON","","DAWSON_(AUTO8)","YT","64.05","-139.15","1213","ak"
"CWOP","WOP","KINGS POINT(AUTO)","YT","69.0833","-137.9167","200","ak"
"CWRR","","ROCK_RIVER_(MAPS)","YT","66.9833","-136.2167","2398","ak"
"CWUM","WUM","FARO_(MARS)","YT","62.23","-133.35","2352","ak"
"CWYM","","CAPE_MERCY","YT","64.95","-63.58","1913","oc"
"CWZR","","MARGARET_LAKE","YT","68.8","-140.85","1781","ak"
"CWZW","WZW CYZW","TESLIN (AUTO)","YT","60.1667","-132.75","2336","ak"
"CXCK","","CARMACKS","YT","62.12","-136.18","1772","ak"
"CXQH","","WATSON LAKE AUT","YT","60.1178","-128.8219","2264","ak"
"CYAJ","YAJ","KOMAKUK BEACH","YT","69.6","-140.1667","26","ak"
"CYDA","YDA","DAWSON","YT","64.05","-139.1333","1211","ak"
"CYDB","YDB","BURWASH","YT","61.3667","-139.05","2622","ak"
"CYMA","YMA","MAYO","YT","63.6167","-135.8667","1654","ak"
"CYOC","YOC CZOC","OLD CROW","YT","67.5667","-139.8333","830","ak"
"CYQH","YQH","WATSON LAKE","YT","60.1167","-128.8167","2264","ak"
"CYUA","YUA","SHINGLE POINT","YT","68.9333","-137.2333","121","ak"
"CYXQ","YXQ","BEAVER CREEK","YT","62.3833","-140.8833","2175","ak"
"CYXY","YXY","WHITEHORSE","YT","60.7167","-135.0667","2297","ak"
"CZFA","ZFA","FARO","YT","62.2167","-133.3667","2352","ak"